ISO-10303-21;
HEADER;
/* Generated by software containing ST-Developer
 * from STEP Tools, Inc. (www.steptools.com) 
 */

FILE_DESCRIPTION(
/* description */ (''),
/* implementation_level */ '2;1');

FILE_NAME(
/* name */ 'Bottom.step',
/* time_stamp */ '2026-10-03T13:31:51-04:00',
/* author */ (''),
/* organization */ (''),
/* preprocessor_version */ 'ST-DEVELOPER v20.2',
/* originating_system */ 'Autodesk Translation Framework v15.15.0.0',
/* authorisation */ '');

FILE_SCHEMA (('AUTOMOTIVE_DESIGN { 1 0 10303 214 3 1 1 }'));
ENDSEC;

DATA;
#10=MECHANICAL_DESIGN_GEOMETRIC_PRESENTATION_REPRESENTATION('',(#13,#14),
#2246);
#11=SHAPE_REPRESENTATION_RELATIONSHIP('SRR','None',#2253,#12);
#12=ADVANCED_BREP_SHAPE_REPRESENTATION('',(#15,#16),#2245);
#13=STYLED_ITEM('',(#2262),#15);
#14=STYLED_ITEM('',(#2262),#16);
#15=MANIFOLD_SOLID_BREP('Body3',#1314);
#16=MANIFOLD_SOLID_BREP('Body4',#1315);
#17=ELLIPSE('',#1382,2.40916761010404,2.4);
#18=ELLIPSE('',#1386,2.40916761010404,2.4);
#19=ELLIPSE('',#1390,2.40916761010401,2.39999999999998);
#20=ELLIPSE('',#1394,2.40916761010403,2.4);
#21=ELLIPSE('',#1398,2.40916761010403,2.39999999999999);
#22=ELLIPSE('',#1402,6.02291902526015,6.00000000000007);
#23=ELLIPSE('',#1403,6.0229190252603,6.00000000000021);
#24=ELLIPSE('',#1404,6.02291902526009,6.);
#25=ELLIPSE('',#1405,6.02291902526009,6.);
#26=ELLIPSE('',#1406,6.02291902526009,6.);
#27=ELLIPSE('',#1407,3.21222348013871,3.2);
#28=ELLIPSE('',#1408,3.21222348013871,3.2);
#29=ELLIPSE('',#1409,3.21222348013871,3.2);
#30=ELLIPSE('',#1410,3.21222348013871,3.2);
#31=ELLIPSE('',#1411,3.21222348013871,3.2);
#32=FACE_BOUND('',#229,.T.);
#33=FACE_BOUND('',#230,.T.);
#34=FACE_BOUND('',#231,.T.);
#35=FACE_BOUND('',#232,.T.);
#36=FACE_BOUND('',#233,.T.);
#37=FACE_BOUND('',#248,.T.);
#38=FACE_BOUND('',#249,.T.);
#39=FACE_BOUND('',#250,.T.);
#40=FACE_BOUND('',#251,.T.);
#41=FACE_BOUND('',#252,.T.);
#42=FACE_BOUND('',#253,.T.);
#43=FACE_BOUND('',#258,.T.);
#44=FACE_BOUND('',#261,.T.);
#45=FACE_BOUND('',#264,.T.);
#46=FACE_BOUND('',#267,.T.);
#47=FACE_BOUND('',#270,.T.);
#48=CYLINDRICAL_SURFACE('',#1338,1.);
#49=CYLINDRICAL_SURFACE('',#1341,1.);
#50=CYLINDRICAL_SURFACE('',#1353,2.);
#51=CYLINDRICAL_SURFACE('',#1356,2.);
#52=CYLINDRICAL_SURFACE('',#1381,2.4);
#53=CYLINDRICAL_SURFACE('',#1385,2.4);
#54=CYLINDRICAL_SURFACE('',#1389,2.39999999999998);
#55=CYLINDRICAL_SURFACE('',#1393,2.4);
#56=CYLINDRICAL_SURFACE('',#1397,2.39999999999999);
#57=CYLINDRICAL_SURFACE('',#1414,3.2);
#58=CYLINDRICAL_SURFACE('',#1418,3.2);
#59=CYLINDRICAL_SURFACE('',#1422,3.2);
#60=CYLINDRICAL_SURFACE('',#1426,3.2);
#61=CYLINDRICAL_SURFACE('',#1430,3.2);
#62=CYLINDRICAL_SURFACE('',#1434,1.7);
#63=CYLINDRICAL_SURFACE('',#1435,1.7);
#64=CYLINDRICAL_SURFACE('',#1436,1.7);
#65=CYLINDRICAL_SURFACE('',#1437,1.7);
#66=CYLINDRICAL_SURFACE('',#1438,1.7);
#67=CYLINDRICAL_SURFACE('',#1440,2.4);
#68=CYLINDRICAL_SURFACE('',#1443,2.39999999999998);
#69=CYLINDRICAL_SURFACE('',#1446,2.39999999999999);
#70=CYLINDRICAL_SURFACE('',#1448,2.4);
#71=CYLINDRICAL_SURFACE('',#1451,2.4);
#72=CYLINDRICAL_SURFACE('',#1453,6.00000000000021);
#73=CYLINDRICAL_SURFACE('',#1454,5.99999999999998);
#74=CYLINDRICAL_SURFACE('',#1455,6.00000000000002);
#75=CYLINDRICAL_SURFACE('',#1456,5.99999999999999);
#76=CYLINDRICAL_SURFACE('',#1458,6.00000000000007);
#77=CYLINDRICAL_SURFACE('',#1465,2.);
#78=CIRCLE('',#1331,1.);
#79=CIRCLE('',#1332,1.5);
#80=CIRCLE('',#1335,1.);
#81=CIRCLE('',#1336,1.5);
#82=CIRCLE('',#1339,1.);
#83=CIRCLE('',#1342,1.);
#84=CIRCLE('',#1346,2.);
#85=CIRCLE('',#1347,3.);
#86=CIRCLE('',#1350,2.);
#87=CIRCLE('',#1351,3.);
#88=CIRCLE('',#1354,2.);
#89=CIRCLE('',#1357,2.);
#90=CIRCLE('',#1363,2.39999999999999);
#91=CIRCLE('',#1364,2.4);
#92=CIRCLE('',#1365,2.39999999999998);
#93=CIRCLE('',#1366,2.4);
#94=CIRCLE('',#1367,2.4);
#95=CIRCLE('',#1368,5.99999999999998);
#96=CIRCLE('',#1369,6.00000000000021);
#97=CIRCLE('',#1370,6.00000000000007);
#98=CIRCLE('',#1371,5.99999999999999);
#99=CIRCLE('',#1372,6.00000000000002);
#100=CIRCLE('',#1373,1.7);
#101=CIRCLE('',#1374,1.7);
#102=CIRCLE('',#1375,1.7);
#103=CIRCLE('',#1376,1.7);
#104=CIRCLE('',#1377,1.7);
#105=CIRCLE('',#1383,2.4);
#106=CIRCLE('',#1387,2.4);
#107=CIRCLE('',#1391,2.39999999999998);
#108=CIRCLE('',#1395,2.4);
#109=CIRCLE('',#1399,2.39999999999999);
#110=CIRCLE('',#1415,3.2);
#111=CIRCLE('',#1417,1.7);
#112=CIRCLE('',#1419,3.2);
#113=CIRCLE('',#1421,1.7);
#114=CIRCLE('',#1423,3.2);
#115=CIRCLE('',#1425,1.7);
#116=CIRCLE('',#1427,3.2);
#117=CIRCLE('',#1429,1.7);
#118=CIRCLE('',#1431,3.2);
#119=CIRCLE('',#1433,1.7);
#120=CIRCLE('',#1441,2.4);
#121=CIRCLE('',#1444,2.39999999999998);
#122=CIRCLE('',#1447,2.39999999999999);
#123=CIRCLE('',#1449,2.4);
#124=CIRCLE('',#1452,2.4);
#125=CIRCLE('',#1462,2.);
#126=CIRCLE('',#1463,1.5);
#127=CIRCLE('',#1466,2.);
#128=CONICAL_SURFACE('',#1330,1.25,0.78539816339744);
#129=CONICAL_SURFACE('',#1334,1.25,0.78539816339744);
#130=CONICAL_SURFACE('',#1345,2.5,0.785398163397448);
#131=CONICAL_SURFACE('',#1349,2.5,0.785398163397449);
#132=CONICAL_SURFACE('',#1461,1.75,0.785398163397446);
#133=FACE_OUTER_BOUND('',#207,.T.);
#134=FACE_OUTER_BOUND('',#208,.T.);
#135=FACE_OUTER_BOUND('',#209,.T.);
#136=FACE_OUTER_BOUND('',#210,.T.);
#137=FACE_OUTER_BOUND('',#211,.T.);
#138=FACE_OUTER_BOUND('',#212,.T.);
#139=FACE_OUTER_BOUND('',#213,.T.);
#140=FACE_OUTER_BOUND('',#214,.T.);
#141=FACE_OUTER_BOUND('',#215,.T.);
#142=FACE_OUTER_BOUND('',#216,.T.);
#143=FACE_OUTER_BOUND('',#217,.T.);
#144=FACE_OUTER_BOUND('',#218,.T.);
#145=FACE_OUTER_BOUND('',#219,.T.);
#146=FACE_OUTER_BOUND('',#220,.T.);
#147=FACE_OUTER_BOUND('',#221,.T.);
#148=FACE_OUTER_BOUND('',#222,.T.);
#149=FACE_OUTER_BOUND('',#223,.T.);
#150=FACE_OUTER_BOUND('',#224,.T.);
#151=FACE_OUTER_BOUND('',#225,.T.);
#152=FACE_OUTER_BOUND('',#226,.T.);
#153=FACE_OUTER_BOUND('',#227,.T.);
#154=FACE_OUTER_BOUND('',#228,.T.);
#155=FACE_OUTER_BOUND('',#234,.T.);
#156=FACE_OUTER_BOUND('',#235,.T.);
#157=FACE_OUTER_BOUND('',#236,.T.);
#158=FACE_OUTER_BOUND('',#237,.T.);
#159=FACE_OUTER_BOUND('',#238,.T.);
#160=FACE_OUTER_BOUND('',#239,.T.);
#161=FACE_OUTER_BOUND('',#240,.T.);
#162=FACE_OUTER_BOUND('',#241,.T.);
#163=FACE_OUTER_BOUND('',#242,.T.);
#164=FACE_OUTER_BOUND('',#243,.T.);
#165=FACE_OUTER_BOUND('',#244,.T.);
#166=FACE_OUTER_BOUND('',#245,.T.);
#167=FACE_OUTER_BOUND('',#246,.T.);
#168=FACE_OUTER_BOUND('',#247,.T.);
#169=FACE_OUTER_BOUND('',#254,.T.);
#170=FACE_OUTER_BOUND('',#255,.T.);
#171=FACE_OUTER_BOUND('',#256,.T.);
#172=FACE_OUTER_BOUND('',#257,.T.);
#173=FACE_OUTER_BOUND('',#259,.T.);
#174=FACE_OUTER_BOUND('',#260,.T.);
#175=FACE_OUTER_BOUND('',#262,.T.);
#176=FACE_OUTER_BOUND('',#263,.T.);
#177=FACE_OUTER_BOUND('',#265,.T.);
#178=FACE_OUTER_BOUND('',#266,.T.);
#179=FACE_OUTER_BOUND('',#268,.T.);
#180=FACE_OUTER_BOUND('',#269,.T.);
#181=FACE_OUTER_BOUND('',#271,.T.);
#182=FACE_OUTER_BOUND('',#272,.T.);
#183=FACE_OUTER_BOUND('',#273,.T.);
#184=FACE_OUTER_BOUND('',#274,.T.);
#185=FACE_OUTER_BOUND('',#275,.T.);
#186=FACE_OUTER_BOUND('',#276,.T.);
#187=FACE_OUTER_BOUND('',#277,.T.);
#188=FACE_OUTER_BOUND('',#278,.T.);
#189=FACE_OUTER_BOUND('',#279,.T.);
#190=FACE_OUTER_BOUND('',#280,.T.);
#191=FACE_OUTER_BOUND('',#281,.T.);
#192=FACE_OUTER_BOUND('',#282,.T.);
#193=FACE_OUTER_BOUND('',#283,.T.);
#194=FACE_OUTER_BOUND('',#284,.T.);
#195=FACE_OUTER_BOUND('',#285,.T.);
#196=FACE_OUTER_BOUND('',#286,.T.);
#197=FACE_OUTER_BOUND('',#287,.T.);
#198=FACE_OUTER_BOUND('',#288,.T.);
#199=FACE_OUTER_BOUND('',#289,.T.);
#200=FACE_OUTER_BOUND('',#290,.T.);
#201=FACE_OUTER_BOUND('',#291,.T.);
#202=FACE_OUTER_BOUND('',#292,.T.);
#203=FACE_OUTER_BOUND('',#293,.T.);
#204=FACE_OUTER_BOUND('',#294,.T.);
#205=FACE_OUTER_BOUND('',#295,.T.);
#206=FACE_OUTER_BOUND('',#296,.T.);
#207=EDGE_LOOP('',(#835,#836,#837,#838));
#208=EDGE_LOOP('',(#839,#840,#841,#842));
#209=EDGE_LOOP('',(#843,#844,#845,#846));
#210=EDGE_LOOP('',(#847,#848,#849,#850));
#211=EDGE_LOOP('',(#851,#852,#853,#854));
#212=EDGE_LOOP('',(#855,#856,#857,#858));
#213=EDGE_LOOP('',(#859,#860,#861,#862));
#214=EDGE_LOOP('',(#863,#864,#865,#866));
#215=EDGE_LOOP('',(#867,#868,#869,#870));
#216=EDGE_LOOP('',(#871,#872,#873,#874));
#217=EDGE_LOOP('',(#875,#876,#877,#878));
#218=EDGE_LOOP('',(#879,#880,#881,#882));
#219=EDGE_LOOP('',(#883,#884,#885,#886));
#220=EDGE_LOOP('',(#887,#888,#889,#890));
#221=EDGE_LOOP('',(#891,#892,#893,#894));
#222=EDGE_LOOP('',(#895,#896,#897,#898));
#223=EDGE_LOOP('',(#899,#900,#901,#902));
#224=EDGE_LOOP('',(#903,#904,#905,#906));
#225=EDGE_LOOP('',(#907,#908,#909,#910,#911,#912,#913,#914,#915,#916,#917,
#918));
#226=EDGE_LOOP('',(#919,#920,#921,#922,#923,#924,#925,#926,#927,#928));
#227=EDGE_LOOP('',(#929,#930,#931,#932));
#228=EDGE_LOOP('',(#933,#934,#935,#936,#937,#938,#939,#940,#941,#942,#943,
#944,#945,#946,#947,#948,#949,#950,#951,#952,#953,#954,#955,#956,#957,#958,
#959,#960,#961,#962,#963,#964));
#229=EDGE_LOOP('',(#965));
#230=EDGE_LOOP('',(#966));
#231=EDGE_LOOP('',(#967));
#232=EDGE_LOOP('',(#968));
#233=EDGE_LOOP('',(#969));
#234=EDGE_LOOP('',(#970,#971,#972,#973,#974,#975,#976,#977,#978,#979));
#235=EDGE_LOOP('',(#980,#981,#982,#983));
#236=EDGE_LOOP('',(#984,#985,#986,#987));
#237=EDGE_LOOP('',(#988,#989,#990,#991));
#238=EDGE_LOOP('',(#992,#993,#994,#995));
#239=EDGE_LOOP('',(#996,#997,#998,#999));
#240=EDGE_LOOP('',(#1000,#1001,#1002,#1003));
#241=EDGE_LOOP('',(#1004,#1005,#1006,#1007));
#242=EDGE_LOOP('',(#1008,#1009,#1010,#1011));
#243=EDGE_LOOP('',(#1012,#1013,#1014,#1015));
#244=EDGE_LOOP('',(#1016,#1017,#1018,#1019));
#245=EDGE_LOOP('',(#1020,#1021,#1022,#1023));
#246=EDGE_LOOP('',(#1024,#1025,#1026,#1027,#1028,#1029,#1030,#1031,#1032,
#1033));
#247=EDGE_LOOP('',(#1034,#1035,#1036,#1037,#1038,#1039,#1040,#1041,#1042,
#1043));
#248=EDGE_LOOP('',(#1044,#1045,#1046,#1047,#1048,#1049,#1050,#1051,#1052,
#1053));
#249=EDGE_LOOP('',(#1054));
#250=EDGE_LOOP('',(#1055));
#251=EDGE_LOOP('',(#1056));
#252=EDGE_LOOP('',(#1057));
#253=EDGE_LOOP('',(#1058));
#254=EDGE_LOOP('',(#1059,#1060,#1061,#1062));
#255=EDGE_LOOP('',(#1063,#1064,#1065,#1066));
#256=EDGE_LOOP('',(#1067,#1068,#1069,#1070));
#257=EDGE_LOOP('',(#1071));
#258=EDGE_LOOP('',(#1072));
#259=EDGE_LOOP('',(#1073,#1074,#1075,#1076));
#260=EDGE_LOOP('',(#1077));
#261=EDGE_LOOP('',(#1078));
#262=EDGE_LOOP('',(#1079,#1080,#1081,#1082));
#263=EDGE_LOOP('',(#1083));
#264=EDGE_LOOP('',(#1084));
#265=EDGE_LOOP('',(#1085,#1086,#1087,#1088));
#266=EDGE_LOOP('',(#1089));
#267=EDGE_LOOP('',(#1090));
#268=EDGE_LOOP('',(#1091,#1092,#1093,#1094));
#269=EDGE_LOOP('',(#1095));
#270=EDGE_LOOP('',(#1096));
#271=EDGE_LOOP('',(#1097,#1098,#1099,#1100));
#272=EDGE_LOOP('',(#1101,#1102,#1103,#1104));
#273=EDGE_LOOP('',(#1105,#1106,#1107,#1108));
#274=EDGE_LOOP('',(#1109,#1110,#1111,#1112));
#275=EDGE_LOOP('',(#1113,#1114,#1115,#1116));
#276=EDGE_LOOP('',(#1117,#1118,#1119,#1120));
#277=EDGE_LOOP('',(#1121,#1122,#1123,#1124));
#278=EDGE_LOOP('',(#1125,#1126,#1127,#1128));
#279=EDGE_LOOP('',(#1129,#1130,#1131,#1132));
#280=EDGE_LOOP('',(#1133,#1134,#1135,#1136));
#281=EDGE_LOOP('',(#1137,#1138,#1139,#1140));
#282=EDGE_LOOP('',(#1141,#1142,#1143,#1144));
#283=EDGE_LOOP('',(#1145,#1146,#1147,#1148));
#284=EDGE_LOOP('',(#1149,#1150,#1151,#1152));
#285=EDGE_LOOP('',(#1153,#1154,#1155,#1156));
#286=EDGE_LOOP('',(#1157,#1158,#1159,#1160));
#287=EDGE_LOOP('',(#1161,#1162,#1163,#1164));
#288=EDGE_LOOP('',(#1165,#1166,#1167,#1168));
#289=EDGE_LOOP('',(#1169,#1170,#1171,#1172));
#290=EDGE_LOOP('',(#1173,#1174,#1175,#1176));
#291=EDGE_LOOP('',(#1177,#1178,#1179,#1180));
#292=EDGE_LOOP('',(#1181,#1182,#1183,#1184,#1185,#1186,#1187,#1188,#1189,
#1190));
#293=EDGE_LOOP('',(#1191,#1192,#1193,#1194));
#294=EDGE_LOOP('',(#1195));
#295=EDGE_LOOP('',(#1196,#1197,#1198,#1199));
#296=EDGE_LOOP('',(#1200));
#297=LINE('',#1870,#415);
#298=LINE('',#1872,#416);
#299=LINE('',#1874,#417);
#300=LINE('',#1875,#418);
#301=LINE('',#1880,#419);
#302=LINE('',#1884,#420);
#303=LINE('',#1886,#421);
#304=LINE('',#1887,#422);
#305=LINE('',#1892,#423);
#306=LINE('',#1897,#424);
#307=LINE('',#1898,#425);
#308=LINE('',#1899,#426);
#309=LINE('',#1902,#427);
#310=LINE('',#1905,#428);
#311=LINE('',#1908,#429);
#312=LINE('',#1909,#430);
#313=LINE('',#1912,#431);
#314=LINE('',#1916,#432);
#315=LINE('',#1917,#433);
#316=LINE('',#1921,#434);
#317=LINE('',#1923,#435);
#318=LINE('',#1925,#436);
#319=LINE('',#1926,#437);
#320=LINE('',#1931,#438);
#321=LINE('',#1936,#439);
#322=LINE('',#1937,#440);
#323=LINE('',#1938,#441);
#324=LINE('',#1943,#442);
#325=LINE('',#1948,#443);
#326=LINE('',#1949,#444);
#327=LINE('',#1950,#445);
#328=LINE('',#1953,#446);
#329=LINE('',#1956,#447);
#330=LINE('',#1959,#448);
#331=LINE('',#1960,#449);
#332=LINE('',#1963,#450);
#333=LINE('',#1967,#451);
#334=LINE('',#1968,#452);
#335=LINE('',#1971,#453);
#336=LINE('',#1972,#454);
#337=LINE('',#1973,#455);
#338=LINE('',#1976,#456);
#339=LINE('',#1978,#457);
#340=LINE('',#1980,#458);
#341=LINE('',#1982,#459);
#342=LINE('',#1983,#460);
#343=LINE('',#1986,#461);
#344=LINE('',#1987,#462);
#345=LINE('',#1990,#463);
#346=LINE('',#1994,#464);
#347=LINE('',#1998,#465);
#348=LINE('',#2002,#466);
#349=LINE('',#2006,#467);
#350=LINE('',#2009,#468);
#351=LINE('',#2013,#469);
#352=LINE('',#2017,#470);
#353=LINE('',#2021,#471);
#354=LINE('',#2025,#472);
#355=LINE('',#2027,#473);
#356=LINE('',#2040,#474);
#357=LINE('',#2042,#475);
#358=LINE('',#2043,#476);
#359=LINE('',#2048,#477);
#360=LINE('',#2050,#478);
#361=LINE('',#2052,#479);
#362=LINE('',#2053,#480);
#363=LINE('',#2059,#481);
#364=LINE('',#2062,#482);
#365=LINE('',#2064,#483);
#366=LINE('',#2065,#484);
#367=LINE('',#2071,#485);
#368=LINE('',#2074,#486);
#369=LINE('',#2076,#487);
#370=LINE('',#2077,#488);
#371=LINE('',#2083,#489);
#372=LINE('',#2086,#490);
#373=LINE('',#2088,#491);
#374=LINE('',#2089,#492);
#375=LINE('',#2095,#493);
#376=LINE('',#2098,#494);
#377=LINE('',#2100,#495);
#378=LINE('',#2101,#496);
#379=LINE('',#2111,#497);
#380=LINE('',#2115,#498);
#381=LINE('',#2120,#499);
#382=LINE('',#2123,#500);
#383=LINE('',#2135,#501);
#384=LINE('',#2136,#502);
#385=LINE('',#2138,#503);
#386=LINE('',#2139,#504);
#387=LINE('',#2142,#505);
#388=LINE('',#2149,#506);
#389=LINE('',#2156,#507);
#390=LINE('',#2163,#508);
#391=LINE('',#2170,#509);
#392=LINE('',#2176,#510);
#393=LINE('',#2178,#511);
#394=LINE('',#2180,#512);
#395=LINE('',#2182,#513);
#396=LINE('',#2184,#514);
#397=LINE('',#2188,#515);
#398=LINE('',#2189,#516);
#399=LINE('',#2190,#517);
#400=LINE('',#2194,#518);
#401=LINE('',#2197,#519);
#402=LINE('',#2198,#520);
#403=LINE('',#2202,#521);
#404=LINE('',#2205,#522);
#405=LINE('',#2206,#523);
#406=LINE('',#2212,#524);
#407=LINE('',#2215,#525);
#408=LINE('',#2216,#526);
#409=LINE('',#2220,#527);
#410=LINE('',#2224,#528);
#411=LINE('',#2226,#529);
#412=LINE('',#2228,#530);
#413=LINE('',#2235,#531);
#414=LINE('',#2240,#532);
#415=VECTOR('',#1472,10.);
#416=VECTOR('',#1473,10.);
#417=VECTOR('',#1474,10.);
#418=VECTOR('',#1475,10.);
#419=VECTOR('',#1480,10.);
#420=VECTOR('',#1485,10.);
#421=VECTOR('',#1486,10.);
#422=VECTOR('',#1487,10.);
#423=VECTOR('',#1492,10.);
#424=VECTOR('',#1497,10.);
#425=VECTOR('',#1498,10.);
#426=VECTOR('',#1499,10.);
#427=VECTOR('',#1502,10.);
#428=VECTOR('',#1505,10.);
#429=VECTOR('',#1508,10.);
#430=VECTOR('',#1509,10.);
#431=VECTOR('',#1512,10.);
#432=VECTOR('',#1517,10.);
#433=VECTOR('',#1518,10.);
#434=VECTOR('',#1521,10.);
#435=VECTOR('',#1522,10.);
#436=VECTOR('',#1523,10.);
#437=VECTOR('',#1524,10.);
#438=VECTOR('',#1529,10.);
#439=VECTOR('',#1534,10.);
#440=VECTOR('',#1535,10.);
#441=VECTOR('',#1536,10.);
#442=VECTOR('',#1541,10.);
#443=VECTOR('',#1546,10.);
#444=VECTOR('',#1547,10.);
#445=VECTOR('',#1548,10.);
#446=VECTOR('',#1551,10.);
#447=VECTOR('',#1554,10.);
#448=VECTOR('',#1557,10.);
#449=VECTOR('',#1558,10.);
#450=VECTOR('',#1561,10.);
#451=VECTOR('',#1566,10.);
#452=VECTOR('',#1567,10.);
#453=VECTOR('',#1570,10.);
#454=VECTOR('',#1571,10.);
#455=VECTOR('',#1572,10.);
#456=VECTOR('',#1575,10.);
#457=VECTOR('',#1576,10.);
#458=VECTOR('',#1577,10.);
#459=VECTOR('',#1578,10.);
#460=VECTOR('',#1579,10.);
#461=VECTOR('',#1582,10.);
#462=VECTOR('',#1583,10.);
#463=VECTOR('',#1586,10.);
#464=VECTOR('',#1589,10.);
#465=VECTOR('',#1592,10.);
#466=VECTOR('',#1595,10.);
#467=VECTOR('',#1598,10.);
#468=VECTOR('',#1601,10.);
#469=VECTOR('',#1604,10.);
#470=VECTOR('',#1607,10.);
#471=VECTOR('',#1610,10.);
#472=VECTOR('',#1613,10.);
#473=VECTOR('',#1616,10.);
#474=VECTOR('',#1629,10.);
#475=VECTOR('',#1630,10.);
#476=VECTOR('',#1631,10.);
#477=VECTOR('',#1636,10.);
#478=VECTOR('',#1637,10.);
#479=VECTOR('',#1638,10.);
#480=VECTOR('',#1639,10.);
#481=VECTOR('',#1646,10.);
#482=VECTOR('',#1649,10.);
#483=VECTOR('',#1650,10.);
#484=VECTOR('',#1651,10.);
#485=VECTOR('',#1658,10.);
#486=VECTOR('',#1661,10.);
#487=VECTOR('',#1662,10.);
#488=VECTOR('',#1663,10.);
#489=VECTOR('',#1670,10.);
#490=VECTOR('',#1673,10.);
#491=VECTOR('',#1674,10.);
#492=VECTOR('',#1675,10.);
#493=VECTOR('',#1682,10.);
#494=VECTOR('',#1685,10.);
#495=VECTOR('',#1686,10.);
#496=VECTOR('',#1687,10.);
#497=VECTOR('',#1700,10.);
#498=VECTOR('',#1703,10.);
#499=VECTOR('',#1708,10.);
#500=VECTOR('',#1711,10.);
#501=VECTOR('',#1724,10.);
#502=VECTOR('',#1725,10.);
#503=VECTOR('',#1728,10.);
#504=VECTOR('',#1729,10.);
#505=VECTOR('',#1732,3.2);
#506=VECTOR('',#1741,3.2);
#507=VECTOR('',#1750,3.2);
#508=VECTOR('',#1759,3.2);
#509=VECTOR('',#1768,3.2);
#510=VECTOR('',#1777,1.7);
#511=VECTOR('',#1780,1.7);
#512=VECTOR('',#1783,1.7);
#513=VECTOR('',#1786,1.7);
#514=VECTOR('',#1789,1.7);
#515=VECTOR('',#1792,10.);
#516=VECTOR('',#1793,10.);
#517=VECTOR('',#1794,10.);
#518=VECTOR('',#1799,10.);
#519=VECTOR('',#1802,10.);
#520=VECTOR('',#1803,10.);
#521=VECTOR('',#1808,10.);
#522=VECTOR('',#1811,10.);
#523=VECTOR('',#1812,10.);
#524=VECTOR('',#1821,10.);
#525=VECTOR('',#1824,10.);
#526=VECTOR('',#1825,10.);
#527=VECTOR('',#1832,10.);
#528=VECTOR('',#1839,10.);
#529=VECTOR('',#1842,10.);
#530=VECTOR('',#1845,10.);
#531=VECTOR('',#1854,1.75);
#532=VECTOR('',#1861,2.);
#533=VERTEX_POINT('',#1868);
#534=VERTEX_POINT('',#1869);
#535=VERTEX_POINT('',#1871);
#536=VERTEX_POINT('',#1873);
#537=VERTEX_POINT('',#1877);
#538=VERTEX_POINT('',#1879);
#539=VERTEX_POINT('',#1883);
#540=VERTEX_POINT('',#1885);
#541=VERTEX_POINT('',#1889);
#542=VERTEX_POINT('',#1891);
#543=VERTEX_POINT('',#1895);
#544=VERTEX_POINT('',#1896);
#545=VERTEX_POINT('',#1901);
#546=VERTEX_POINT('',#1903);
#547=VERTEX_POINT('',#1907);
#548=VERTEX_POINT('',#1911);
#549=VERTEX_POINT('',#1915);
#550=VERTEX_POINT('',#1919);
#551=VERTEX_POINT('',#1920);
#552=VERTEX_POINT('',#1922);
#553=VERTEX_POINT('',#1924);
#554=VERTEX_POINT('',#1928);
#555=VERTEX_POINT('',#1930);
#556=VERTEX_POINT('',#1934);
#557=VERTEX_POINT('',#1935);
#558=VERTEX_POINT('',#1940);
#559=VERTEX_POINT('',#1942);
#560=VERTEX_POINT('',#1946);
#561=VERTEX_POINT('',#1947);
#562=VERTEX_POINT('',#1952);
#563=VERTEX_POINT('',#1954);
#564=VERTEX_POINT('',#1958);
#565=VERTEX_POINT('',#1962);
#566=VERTEX_POINT('',#1966);
#567=VERTEX_POINT('',#1970);
#568=VERTEX_POINT('',#1975);
#569=VERTEX_POINT('',#1977);
#570=VERTEX_POINT('',#1979);
#571=VERTEX_POINT('',#1981);
#572=VERTEX_POINT('',#1985);
#573=VERTEX_POINT('',#1989);
#574=VERTEX_POINT('',#1991);
#575=VERTEX_POINT('',#1993);
#576=VERTEX_POINT('',#1995);
#577=VERTEX_POINT('',#1997);
#578=VERTEX_POINT('',#1999);
#579=VERTEX_POINT('',#2001);
#580=VERTEX_POINT('',#2003);
#581=VERTEX_POINT('',#2005);
#582=VERTEX_POINT('',#2007);
#583=VERTEX_POINT('',#2010);
#584=VERTEX_POINT('',#2012);
#585=VERTEX_POINT('',#2014);
#586=VERTEX_POINT('',#2016);
#587=VERTEX_POINT('',#2018);
#588=VERTEX_POINT('',#2020);
#589=VERTEX_POINT('',#2022);
#590=VERTEX_POINT('',#2024);
#591=VERTEX_POINT('',#2028);
#592=VERTEX_POINT('',#2030);
#593=VERTEX_POINT('',#2032);
#594=VERTEX_POINT('',#2034);
#595=VERTEX_POINT('',#2036);
#596=VERTEX_POINT('',#2039);
#597=VERTEX_POINT('',#2041);
#598=VERTEX_POINT('',#2046);
#599=VERTEX_POINT('',#2047);
#600=VERTEX_POINT('',#2049);
#601=VERTEX_POINT('',#2051);
#602=VERTEX_POINT('',#2055);
#603=VERTEX_POINT('',#2057);
#604=VERTEX_POINT('',#2061);
#605=VERTEX_POINT('',#2063);
#606=VERTEX_POINT('',#2067);
#607=VERTEX_POINT('',#2069);
#608=VERTEX_POINT('',#2073);
#609=VERTEX_POINT('',#2075);
#610=VERTEX_POINT('',#2079);
#611=VERTEX_POINT('',#2081);
#612=VERTEX_POINT('',#2085);
#613=VERTEX_POINT('',#2087);
#614=VERTEX_POINT('',#2091);
#615=VERTEX_POINT('',#2093);
#616=VERTEX_POINT('',#2097);
#617=VERTEX_POINT('',#2099);
#618=VERTEX_POINT('',#2107);
#619=VERTEX_POINT('',#2108);
#620=VERTEX_POINT('',#2110);
#621=VERTEX_POINT('',#2112);
#622=VERTEX_POINT('',#2114);
#623=VERTEX_POINT('',#2117);
#624=VERTEX_POINT('',#2119);
#625=VERTEX_POINT('',#2121);
#626=VERTEX_POINT('',#2124);
#627=VERTEX_POINT('',#2126);
#628=VERTEX_POINT('',#2128);
#629=VERTEX_POINT('',#2130);
#630=VERTEX_POINT('',#2132);
#631=VERTEX_POINT('',#2141);
#632=VERTEX_POINT('',#2145);
#633=VERTEX_POINT('',#2148);
#634=VERTEX_POINT('',#2152);
#635=VERTEX_POINT('',#2155);
#636=VERTEX_POINT('',#2159);
#637=VERTEX_POINT('',#2162);
#638=VERTEX_POINT('',#2166);
#639=VERTEX_POINT('',#2169);
#640=VERTEX_POINT('',#2173);
#641=VERTEX_POINT('',#2186);
#642=VERTEX_POINT('',#2187);
#643=VERTEX_POINT('',#2192);
#644=VERTEX_POINT('',#2196);
#645=VERTEX_POINT('',#2200);
#646=VERTEX_POINT('',#2204);
#647=VERTEX_POINT('',#2210);
#648=VERTEX_POINT('',#2214);
#649=VERTEX_POINT('',#2232);
#650=VERTEX_POINT('',#2234);
#651=VERTEX_POINT('',#2239);
#652=EDGE_CURVE('',#533,#534,#297,.T.);
#653=EDGE_CURVE('',#534,#535,#298,.T.);
#654=EDGE_CURVE('',#535,#536,#299,.T.);
#655=EDGE_CURVE('',#536,#533,#300,.T.);
#656=EDGE_CURVE('',#535,#537,#78,.T.);
#657=EDGE_CURVE('',#537,#538,#301,.T.);
#658=EDGE_CURVE('',#538,#536,#79,.T.);
#659=EDGE_CURVE('',#537,#539,#302,.T.);
#660=EDGE_CURVE('',#539,#540,#303,.T.);
#661=EDGE_CURVE('',#540,#538,#304,.T.);
#662=EDGE_CURVE('',#539,#541,#80,.T.);
#663=EDGE_CURVE('',#541,#542,#305,.T.);
#664=EDGE_CURVE('',#542,#540,#81,.T.);
#665=EDGE_CURVE('',#543,#544,#306,.T.);
#666=EDGE_CURVE('',#544,#542,#307,.T.);
#667=EDGE_CURVE('',#541,#543,#308,.T.);
#668=EDGE_CURVE('',#539,#545,#309,.T.);
#669=EDGE_CURVE('',#545,#546,#82,.T.);
#670=EDGE_CURVE('',#546,#541,#310,.T.);
#671=EDGE_CURVE('',#547,#537,#311,.T.);
#672=EDGE_CURVE('',#545,#547,#312,.T.);
#673=EDGE_CURVE('',#535,#548,#313,.T.);
#674=EDGE_CURVE('',#548,#547,#83,.T.);
#675=EDGE_CURVE('',#549,#534,#314,.T.);
#676=EDGE_CURVE('',#548,#549,#315,.T.);
#677=EDGE_CURVE('',#550,#551,#316,.T.);
#678=EDGE_CURVE('',#551,#552,#317,.T.);
#679=EDGE_CURVE('',#552,#553,#318,.T.);
#680=EDGE_CURVE('',#553,#550,#319,.T.);
#681=EDGE_CURVE('',#552,#554,#84,.T.);
#682=EDGE_CURVE('',#554,#555,#320,.T.);
#683=EDGE_CURVE('',#555,#553,#85,.T.);
#684=EDGE_CURVE('',#556,#557,#321,.T.);
#685=EDGE_CURVE('',#557,#555,#322,.T.);
#686=EDGE_CURVE('',#554,#556,#323,.T.);
#687=EDGE_CURVE('',#556,#558,#86,.T.);
#688=EDGE_CURVE('',#558,#559,#324,.T.);
#689=EDGE_CURVE('',#559,#557,#87,.T.);
#690=EDGE_CURVE('',#560,#561,#325,.T.);
#691=EDGE_CURVE('',#561,#559,#326,.T.);
#692=EDGE_CURVE('',#558,#560,#327,.T.);
#693=EDGE_CURVE('',#556,#562,#328,.T.);
#694=EDGE_CURVE('',#563,#562,#88,.T.);
#695=EDGE_CURVE('',#563,#558,#329,.T.);
#696=EDGE_CURVE('',#564,#554,#330,.T.);
#697=EDGE_CURVE('',#564,#562,#331,.T.);
#698=EDGE_CURVE('',#552,#565,#332,.T.);
#699=EDGE_CURVE('',#564,#565,#89,.T.);
#700=EDGE_CURVE('',#566,#551,#333,.T.);
#701=EDGE_CURVE('',#566,#565,#334,.T.);
#702=EDGE_CURVE('',#567,#544,#335,.T.);
#703=EDGE_CURVE('',#563,#567,#336,.T.);
#704=EDGE_CURVE('',#533,#566,#337,.T.);
#705=EDGE_CURVE('',#568,#561,#338,.T.);
#706=EDGE_CURVE('',#569,#568,#339,.T.);
#707=EDGE_CURVE('',#570,#569,#340,.T.);
#708=EDGE_CURVE('',#570,#571,#341,.T.);
#709=EDGE_CURVE('',#550,#571,#342,.T.);
#710=EDGE_CURVE('',#572,#546,#343,.T.);
#711=EDGE_CURVE('',#543,#572,#344,.T.);
#712=EDGE_CURVE('',#572,#573,#345,.T.);
#713=EDGE_CURVE('',#573,#574,#90,.T.);
#714=EDGE_CURVE('',#574,#575,#346,.T.);
#715=EDGE_CURVE('',#575,#576,#91,.T.);
#716=EDGE_CURVE('',#576,#577,#347,.T.);
#717=EDGE_CURVE('',#577,#578,#92,.T.);
#718=EDGE_CURVE('',#578,#579,#348,.T.);
#719=EDGE_CURVE('',#579,#580,#93,.T.);
#720=EDGE_CURVE('',#580,#581,#349,.T.);
#721=EDGE_CURVE('',#581,#582,#94,.T.);
#722=EDGE_CURVE('',#582,#549,#350,.T.);
#723=EDGE_CURVE('',#571,#583,#95,.T.);
#724=EDGE_CURVE('',#583,#584,#351,.T.);
#725=EDGE_CURVE('',#584,#585,#96,.T.);
#726=EDGE_CURVE('',#585,#586,#352,.T.);
#727=EDGE_CURVE('',#586,#587,#97,.T.);
#728=EDGE_CURVE('',#587,#588,#353,.T.);
#729=EDGE_CURVE('',#588,#589,#98,.T.);
#730=EDGE_CURVE('',#589,#590,#354,.T.);
#731=EDGE_CURVE('',#590,#568,#99,.T.);
#732=EDGE_CURVE('',#560,#567,#355,.T.);
#733=EDGE_CURVE('',#591,#591,#100,.T.);
#734=EDGE_CURVE('',#592,#592,#101,.T.);
#735=EDGE_CURVE('',#593,#593,#102,.T.);
#736=EDGE_CURVE('',#594,#594,#103,.T.);
#737=EDGE_CURVE('',#595,#595,#104,.T.);
#738=EDGE_CURVE('',#596,#582,#356,.T.);
#739=EDGE_CURVE('',#597,#596,#357,.T.);
#740=EDGE_CURVE('',#597,#573,#358,.T.);
#741=EDGE_CURVE('',#598,#599,#359,.T.);
#742=EDGE_CURVE('',#600,#598,#360,.T.);
#743=EDGE_CURVE('',#600,#601,#361,.T.);
#744=EDGE_CURVE('',#601,#599,#362,.T.);
#745=EDGE_CURVE('',#599,#602,#17,.T.);
#746=EDGE_CURVE('',#601,#603,#105,.T.);
#747=EDGE_CURVE('',#603,#602,#363,.T.);
#748=EDGE_CURVE('',#602,#604,#364,.T.);
#749=EDGE_CURVE('',#603,#605,#365,.T.);
#750=EDGE_CURVE('',#605,#604,#366,.T.);
#751=EDGE_CURVE('',#604,#606,#18,.T.);
#752=EDGE_CURVE('',#605,#607,#106,.T.);
#753=EDGE_CURVE('',#607,#606,#367,.T.);
#754=EDGE_CURVE('',#606,#608,#368,.T.);
#755=EDGE_CURVE('',#607,#609,#369,.T.);
#756=EDGE_CURVE('',#609,#608,#370,.T.);
#757=EDGE_CURVE('',#608,#610,#19,.T.);
#758=EDGE_CURVE('',#609,#611,#107,.T.);
#759=EDGE_CURVE('',#611,#610,#371,.T.);
#760=EDGE_CURVE('',#610,#612,#372,.T.);
#761=EDGE_CURVE('',#613,#611,#373,.T.);
#762=EDGE_CURVE('',#613,#612,#374,.T.);
#763=EDGE_CURVE('',#612,#614,#20,.T.);
#764=EDGE_CURVE('',#613,#615,#108,.T.);
#765=EDGE_CURVE('',#615,#614,#375,.T.);
#766=EDGE_CURVE('',#614,#616,#376,.T.);
#767=EDGE_CURVE('',#615,#617,#377,.T.);
#768=EDGE_CURVE('',#617,#616,#378,.T.);
#769=EDGE_CURVE('',#616,#598,#21,.T.);
#770=EDGE_CURVE('',#617,#600,#109,.T.);
#771=EDGE_CURVE('',#618,#619,#22,.T.);
#772=EDGE_CURVE('',#619,#620,#379,.T.);
#773=EDGE_CURVE('',#620,#621,#23,.T.);
#774=EDGE_CURVE('',#622,#621,#380,.T.);
#775=EDGE_CURVE('',#570,#622,#24,.T.);
#776=EDGE_CURVE('',#623,#569,#25,.T.);
#777=EDGE_CURVE('',#623,#624,#381,.T.);
#778=EDGE_CURVE('',#625,#624,#26,.T.);
#779=EDGE_CURVE('',#618,#625,#382,.T.);
#780=EDGE_CURVE('',#626,#626,#27,.T.);
#781=EDGE_CURVE('',#627,#627,#28,.T.);
#782=EDGE_CURVE('',#628,#628,#29,.T.);
#783=EDGE_CURVE('',#629,#629,#30,.T.);
#784=EDGE_CURVE('',#630,#630,#31,.T.);
#785=EDGE_CURVE('',#621,#584,#383,.T.);
#786=EDGE_CURVE('',#622,#583,#384,.T.);
#787=EDGE_CURVE('',#623,#590,#385,.T.);
#788=EDGE_CURVE('',#624,#589,#386,.T.);
#789=EDGE_CURVE('',#626,#631,#387,.T.);
#790=EDGE_CURVE('',#631,#631,#110,.T.);
#791=EDGE_CURVE('',#632,#632,#111,.T.);
#792=EDGE_CURVE('',#627,#633,#388,.T.);
#793=EDGE_CURVE('',#633,#633,#112,.T.);
#794=EDGE_CURVE('',#634,#634,#113,.T.);
#795=EDGE_CURVE('',#628,#635,#389,.T.);
#796=EDGE_CURVE('',#635,#635,#114,.T.);
#797=EDGE_CURVE('',#636,#636,#115,.T.);
#798=EDGE_CURVE('',#629,#637,#390,.T.);
#799=EDGE_CURVE('',#637,#637,#116,.T.);
#800=EDGE_CURVE('',#638,#638,#117,.T.);
#801=EDGE_CURVE('',#630,#639,#391,.T.);
#802=EDGE_CURVE('',#639,#639,#118,.T.);
#803=EDGE_CURVE('',#640,#640,#119,.T.);
#804=EDGE_CURVE('',#595,#640,#392,.T.);
#805=EDGE_CURVE('',#594,#638,#393,.T.);
#806=EDGE_CURVE('',#593,#636,#394,.T.);
#807=EDGE_CURVE('',#592,#634,#395,.T.);
#808=EDGE_CURVE('',#591,#632,#396,.T.);
#809=EDGE_CURVE('',#641,#642,#397,.T.);
#810=EDGE_CURVE('',#641,#575,#398,.T.);
#811=EDGE_CURVE('',#642,#574,#399,.T.);
#812=EDGE_CURVE('',#643,#641,#120,.T.);
#813=EDGE_CURVE('',#643,#576,#400,.T.);
#814=EDGE_CURVE('',#644,#643,#401,.T.);
#815=EDGE_CURVE('',#644,#577,#402,.T.);
#816=EDGE_CURVE('',#645,#644,#121,.T.);
#817=EDGE_CURVE('',#645,#578,#403,.T.);
#818=EDGE_CURVE('',#646,#645,#404,.T.);
#819=EDGE_CURVE('',#646,#579,#405,.T.);
#820=EDGE_CURVE('',#642,#597,#122,.T.);
#821=EDGE_CURVE('',#596,#647,#123,.T.);
#822=EDGE_CURVE('',#647,#581,#406,.T.);
#823=EDGE_CURVE('',#647,#648,#407,.T.);
#824=EDGE_CURVE('',#648,#580,#408,.T.);
#825=EDGE_CURVE('',#648,#646,#124,.T.);
#826=EDGE_CURVE('',#620,#585,#409,.T.);
#827=EDGE_CURVE('',#625,#588,#410,.T.);
#828=EDGE_CURVE('',#618,#587,#411,.T.);
#829=EDGE_CURVE('',#619,#586,#412,.T.);
#830=EDGE_CURVE('',#649,#649,#125,.T.);
#831=EDGE_CURVE('',#649,#650,#413,.T.);
#832=EDGE_CURVE('',#650,#650,#126,.T.);
#833=EDGE_CURVE('',#649,#651,#414,.T.);
#834=EDGE_CURVE('',#651,#651,#127,.T.);
#835=ORIENTED_EDGE('',*,*,#652,.T.);
#836=ORIENTED_EDGE('',*,*,#653,.T.);
#837=ORIENTED_EDGE('',*,*,#654,.T.);
#838=ORIENTED_EDGE('',*,*,#655,.T.);
#839=ORIENTED_EDGE('',*,*,#654,.F.);
#840=ORIENTED_EDGE('',*,*,#656,.T.);
#841=ORIENTED_EDGE('',*,*,#657,.T.);
#842=ORIENTED_EDGE('',*,*,#658,.T.);
#843=ORIENTED_EDGE('',*,*,#657,.F.);
#844=ORIENTED_EDGE('',*,*,#659,.T.);
#845=ORIENTED_EDGE('',*,*,#660,.T.);
#846=ORIENTED_EDGE('',*,*,#661,.T.);
#847=ORIENTED_EDGE('',*,*,#660,.F.);
#848=ORIENTED_EDGE('',*,*,#662,.T.);
#849=ORIENTED_EDGE('',*,*,#663,.T.);
#850=ORIENTED_EDGE('',*,*,#664,.T.);
#851=ORIENTED_EDGE('',*,*,#665,.T.);
#852=ORIENTED_EDGE('',*,*,#666,.T.);
#853=ORIENTED_EDGE('',*,*,#663,.F.);
#854=ORIENTED_EDGE('',*,*,#667,.T.);
#855=ORIENTED_EDGE('',*,*,#662,.F.);
#856=ORIENTED_EDGE('',*,*,#668,.T.);
#857=ORIENTED_EDGE('',*,*,#669,.T.);
#858=ORIENTED_EDGE('',*,*,#670,.T.);
#859=ORIENTED_EDGE('',*,*,#659,.F.);
#860=ORIENTED_EDGE('',*,*,#671,.F.);
#861=ORIENTED_EDGE('',*,*,#672,.F.);
#862=ORIENTED_EDGE('',*,*,#668,.F.);
#863=ORIENTED_EDGE('',*,*,#656,.F.);
#864=ORIENTED_EDGE('',*,*,#673,.T.);
#865=ORIENTED_EDGE('',*,*,#674,.T.);
#866=ORIENTED_EDGE('',*,*,#671,.T.);
#867=ORIENTED_EDGE('',*,*,#653,.F.);
#868=ORIENTED_EDGE('',*,*,#675,.F.);
#869=ORIENTED_EDGE('',*,*,#676,.F.);
#870=ORIENTED_EDGE('',*,*,#673,.F.);
#871=ORIENTED_EDGE('',*,*,#677,.T.);
#872=ORIENTED_EDGE('',*,*,#678,.T.);
#873=ORIENTED_EDGE('',*,*,#679,.T.);
#874=ORIENTED_EDGE('',*,*,#680,.T.);
#875=ORIENTED_EDGE('',*,*,#679,.F.);
#876=ORIENTED_EDGE('',*,*,#681,.T.);
#877=ORIENTED_EDGE('',*,*,#682,.T.);
#878=ORIENTED_EDGE('',*,*,#683,.T.);
#879=ORIENTED_EDGE('',*,*,#684,.T.);
#880=ORIENTED_EDGE('',*,*,#685,.T.);
#881=ORIENTED_EDGE('',*,*,#682,.F.);
#882=ORIENTED_EDGE('',*,*,#686,.T.);
#883=ORIENTED_EDGE('',*,*,#684,.F.);
#884=ORIENTED_EDGE('',*,*,#687,.T.);
#885=ORIENTED_EDGE('',*,*,#688,.T.);
#886=ORIENTED_EDGE('',*,*,#689,.T.);
#887=ORIENTED_EDGE('',*,*,#690,.T.);
#888=ORIENTED_EDGE('',*,*,#691,.T.);
#889=ORIENTED_EDGE('',*,*,#688,.F.);
#890=ORIENTED_EDGE('',*,*,#692,.T.);
#891=ORIENTED_EDGE('',*,*,#687,.F.);
#892=ORIENTED_EDGE('',*,*,#693,.T.);
#893=ORIENTED_EDGE('',*,*,#694,.F.);
#894=ORIENTED_EDGE('',*,*,#695,.T.);
#895=ORIENTED_EDGE('',*,*,#686,.F.);
#896=ORIENTED_EDGE('',*,*,#696,.F.);
#897=ORIENTED_EDGE('',*,*,#697,.T.);
#898=ORIENTED_EDGE('',*,*,#693,.F.);
#899=ORIENTED_EDGE('',*,*,#681,.F.);
#900=ORIENTED_EDGE('',*,*,#698,.T.);
#901=ORIENTED_EDGE('',*,*,#699,.F.);
#902=ORIENTED_EDGE('',*,*,#696,.T.);
#903=ORIENTED_EDGE('',*,*,#678,.F.);
#904=ORIENTED_EDGE('',*,*,#700,.F.);
#905=ORIENTED_EDGE('',*,*,#701,.T.);
#906=ORIENTED_EDGE('',*,*,#698,.F.);
#907=ORIENTED_EDGE('',*,*,#666,.F.);
#908=ORIENTED_EDGE('',*,*,#702,.F.);
#909=ORIENTED_EDGE('',*,*,#703,.F.);
#910=ORIENTED_EDGE('',*,*,#694,.T.);
#911=ORIENTED_EDGE('',*,*,#697,.F.);
#912=ORIENTED_EDGE('',*,*,#699,.T.);
#913=ORIENTED_EDGE('',*,*,#701,.F.);
#914=ORIENTED_EDGE('',*,*,#704,.F.);
#915=ORIENTED_EDGE('',*,*,#655,.F.);
#916=ORIENTED_EDGE('',*,*,#658,.F.);
#917=ORIENTED_EDGE('',*,*,#661,.F.);
#918=ORIENTED_EDGE('',*,*,#664,.F.);
#919=ORIENTED_EDGE('',*,*,#691,.F.);
#920=ORIENTED_EDGE('',*,*,#705,.F.);
#921=ORIENTED_EDGE('',*,*,#706,.F.);
#922=ORIENTED_EDGE('',*,*,#707,.F.);
#923=ORIENTED_EDGE('',*,*,#708,.T.);
#924=ORIENTED_EDGE('',*,*,#709,.F.);
#925=ORIENTED_EDGE('',*,*,#680,.F.);
#926=ORIENTED_EDGE('',*,*,#683,.F.);
#927=ORIENTED_EDGE('',*,*,#685,.F.);
#928=ORIENTED_EDGE('',*,*,#689,.F.);
#929=ORIENTED_EDGE('',*,*,#667,.F.);
#930=ORIENTED_EDGE('',*,*,#670,.F.);
#931=ORIENTED_EDGE('',*,*,#710,.F.);
#932=ORIENTED_EDGE('',*,*,#711,.F.);
#933=ORIENTED_EDGE('',*,*,#665,.F.);
#934=ORIENTED_EDGE('',*,*,#711,.T.);
#935=ORIENTED_EDGE('',*,*,#712,.T.);
#936=ORIENTED_EDGE('',*,*,#713,.T.);
#937=ORIENTED_EDGE('',*,*,#714,.T.);
#938=ORIENTED_EDGE('',*,*,#715,.T.);
#939=ORIENTED_EDGE('',*,*,#716,.T.);
#940=ORIENTED_EDGE('',*,*,#717,.T.);
#941=ORIENTED_EDGE('',*,*,#718,.T.);
#942=ORIENTED_EDGE('',*,*,#719,.T.);
#943=ORIENTED_EDGE('',*,*,#720,.T.);
#944=ORIENTED_EDGE('',*,*,#721,.T.);
#945=ORIENTED_EDGE('',*,*,#722,.T.);
#946=ORIENTED_EDGE('',*,*,#675,.T.);
#947=ORIENTED_EDGE('',*,*,#652,.F.);
#948=ORIENTED_EDGE('',*,*,#704,.T.);
#949=ORIENTED_EDGE('',*,*,#700,.T.);
#950=ORIENTED_EDGE('',*,*,#677,.F.);
#951=ORIENTED_EDGE('',*,*,#709,.T.);
#952=ORIENTED_EDGE('',*,*,#723,.T.);
#953=ORIENTED_EDGE('',*,*,#724,.T.);
#954=ORIENTED_EDGE('',*,*,#725,.T.);
#955=ORIENTED_EDGE('',*,*,#726,.T.);
#956=ORIENTED_EDGE('',*,*,#727,.T.);
#957=ORIENTED_EDGE('',*,*,#728,.T.);
#958=ORIENTED_EDGE('',*,*,#729,.T.);
#959=ORIENTED_EDGE('',*,*,#730,.T.);
#960=ORIENTED_EDGE('',*,*,#731,.T.);
#961=ORIENTED_EDGE('',*,*,#705,.T.);
#962=ORIENTED_EDGE('',*,*,#690,.F.);
#963=ORIENTED_EDGE('',*,*,#732,.T.);
#964=ORIENTED_EDGE('',*,*,#702,.T.);
#965=ORIENTED_EDGE('',*,*,#733,.T.);
#966=ORIENTED_EDGE('',*,*,#734,.T.);
#967=ORIENTED_EDGE('',*,*,#735,.T.);
#968=ORIENTED_EDGE('',*,*,#736,.T.);
#969=ORIENTED_EDGE('',*,*,#737,.T.);
#970=ORIENTED_EDGE('',*,*,#710,.T.);
#971=ORIENTED_EDGE('',*,*,#669,.F.);
#972=ORIENTED_EDGE('',*,*,#672,.T.);
#973=ORIENTED_EDGE('',*,*,#674,.F.);
#974=ORIENTED_EDGE('',*,*,#676,.T.);
#975=ORIENTED_EDGE('',*,*,#722,.F.);
#976=ORIENTED_EDGE('',*,*,#738,.F.);
#977=ORIENTED_EDGE('',*,*,#739,.F.);
#978=ORIENTED_EDGE('',*,*,#740,.T.);
#979=ORIENTED_EDGE('',*,*,#712,.F.);
#980=ORIENTED_EDGE('',*,*,#692,.F.);
#981=ORIENTED_EDGE('',*,*,#695,.F.);
#982=ORIENTED_EDGE('',*,*,#703,.T.);
#983=ORIENTED_EDGE('',*,*,#732,.F.);
#984=ORIENTED_EDGE('',*,*,#741,.F.);
#985=ORIENTED_EDGE('',*,*,#742,.F.);
#986=ORIENTED_EDGE('',*,*,#743,.T.);
#987=ORIENTED_EDGE('',*,*,#744,.T.);
#988=ORIENTED_EDGE('',*,*,#745,.F.);
#989=ORIENTED_EDGE('',*,*,#744,.F.);
#990=ORIENTED_EDGE('',*,*,#746,.T.);
#991=ORIENTED_EDGE('',*,*,#747,.T.);
#992=ORIENTED_EDGE('',*,*,#748,.F.);
#993=ORIENTED_EDGE('',*,*,#747,.F.);
#994=ORIENTED_EDGE('',*,*,#749,.T.);
#995=ORIENTED_EDGE('',*,*,#750,.T.);
#996=ORIENTED_EDGE('',*,*,#751,.F.);
#997=ORIENTED_EDGE('',*,*,#750,.F.);
#998=ORIENTED_EDGE('',*,*,#752,.T.);
#999=ORIENTED_EDGE('',*,*,#753,.T.);
#1000=ORIENTED_EDGE('',*,*,#754,.F.);
#1001=ORIENTED_EDGE('',*,*,#753,.F.);
#1002=ORIENTED_EDGE('',*,*,#755,.T.);
#1003=ORIENTED_EDGE('',*,*,#756,.T.);
#1004=ORIENTED_EDGE('',*,*,#757,.F.);
#1005=ORIENTED_EDGE('',*,*,#756,.F.);
#1006=ORIENTED_EDGE('',*,*,#758,.T.);
#1007=ORIENTED_EDGE('',*,*,#759,.T.);
#1008=ORIENTED_EDGE('',*,*,#760,.F.);
#1009=ORIENTED_EDGE('',*,*,#759,.F.);
#1010=ORIENTED_EDGE('',*,*,#761,.F.);
#1011=ORIENTED_EDGE('',*,*,#762,.T.);
#1012=ORIENTED_EDGE('',*,*,#763,.F.);
#1013=ORIENTED_EDGE('',*,*,#762,.F.);
#1014=ORIENTED_EDGE('',*,*,#764,.T.);
#1015=ORIENTED_EDGE('',*,*,#765,.T.);
#1016=ORIENTED_EDGE('',*,*,#766,.F.);
#1017=ORIENTED_EDGE('',*,*,#765,.F.);
#1018=ORIENTED_EDGE('',*,*,#767,.T.);
#1019=ORIENTED_EDGE('',*,*,#768,.T.);
#1020=ORIENTED_EDGE('',*,*,#769,.F.);
#1021=ORIENTED_EDGE('',*,*,#768,.F.);
#1022=ORIENTED_EDGE('',*,*,#770,.T.);
#1023=ORIENTED_EDGE('',*,*,#742,.T.);
#1024=ORIENTED_EDGE('',*,*,#755,.F.);
#1025=ORIENTED_EDGE('',*,*,#752,.F.);
#1026=ORIENTED_EDGE('',*,*,#749,.F.);
#1027=ORIENTED_EDGE('',*,*,#746,.F.);
#1028=ORIENTED_EDGE('',*,*,#743,.F.);
#1029=ORIENTED_EDGE('',*,*,#770,.F.);
#1030=ORIENTED_EDGE('',*,*,#767,.F.);
#1031=ORIENTED_EDGE('',*,*,#764,.F.);
#1032=ORIENTED_EDGE('',*,*,#761,.T.);
#1033=ORIENTED_EDGE('',*,*,#758,.F.);
#1034=ORIENTED_EDGE('',*,*,#771,.T.);
#1035=ORIENTED_EDGE('',*,*,#772,.T.);
#1036=ORIENTED_EDGE('',*,*,#773,.T.);
#1037=ORIENTED_EDGE('',*,*,#774,.F.);
#1038=ORIENTED_EDGE('',*,*,#775,.F.);
#1039=ORIENTED_EDGE('',*,*,#707,.T.);
#1040=ORIENTED_EDGE('',*,*,#776,.F.);
#1041=ORIENTED_EDGE('',*,*,#777,.T.);
#1042=ORIENTED_EDGE('',*,*,#778,.F.);
#1043=ORIENTED_EDGE('',*,*,#779,.F.);
#1044=ORIENTED_EDGE('',*,*,#757,.T.);
#1045=ORIENTED_EDGE('',*,*,#760,.T.);
#1046=ORIENTED_EDGE('',*,*,#763,.T.);
#1047=ORIENTED_EDGE('',*,*,#766,.T.);
#1048=ORIENTED_EDGE('',*,*,#769,.T.);
#1049=ORIENTED_EDGE('',*,*,#741,.T.);
#1050=ORIENTED_EDGE('',*,*,#745,.T.);
#1051=ORIENTED_EDGE('',*,*,#748,.T.);
#1052=ORIENTED_EDGE('',*,*,#751,.T.);
#1053=ORIENTED_EDGE('',*,*,#754,.T.);
#1054=ORIENTED_EDGE('',*,*,#780,.T.);
#1055=ORIENTED_EDGE('',*,*,#781,.T.);
#1056=ORIENTED_EDGE('',*,*,#782,.T.);
#1057=ORIENTED_EDGE('',*,*,#783,.T.);
#1058=ORIENTED_EDGE('',*,*,#784,.T.);
#1059=ORIENTED_EDGE('',*,*,#785,.T.);
#1060=ORIENTED_EDGE('',*,*,#724,.F.);
#1061=ORIENTED_EDGE('',*,*,#786,.F.);
#1062=ORIENTED_EDGE('',*,*,#774,.T.);
#1063=ORIENTED_EDGE('',*,*,#787,.T.);
#1064=ORIENTED_EDGE('',*,*,#730,.F.);
#1065=ORIENTED_EDGE('',*,*,#788,.F.);
#1066=ORIENTED_EDGE('',*,*,#777,.F.);
#1067=ORIENTED_EDGE('',*,*,#780,.F.);
#1068=ORIENTED_EDGE('',*,*,#789,.T.);
#1069=ORIENTED_EDGE('',*,*,#790,.T.);
#1070=ORIENTED_EDGE('',*,*,#789,.F.);
#1071=ORIENTED_EDGE('',*,*,#790,.F.);
#1072=ORIENTED_EDGE('',*,*,#791,.F.);
#1073=ORIENTED_EDGE('',*,*,#781,.F.);
#1074=ORIENTED_EDGE('',*,*,#792,.T.);
#1075=ORIENTED_EDGE('',*,*,#793,.T.);
#1076=ORIENTED_EDGE('',*,*,#792,.F.);
#1077=ORIENTED_EDGE('',*,*,#793,.F.);
#1078=ORIENTED_EDGE('',*,*,#794,.F.);
#1079=ORIENTED_EDGE('',*,*,#782,.F.);
#1080=ORIENTED_EDGE('',*,*,#795,.T.);
#1081=ORIENTED_EDGE('',*,*,#796,.T.);
#1082=ORIENTED_EDGE('',*,*,#795,.F.);
#1083=ORIENTED_EDGE('',*,*,#796,.F.);
#1084=ORIENTED_EDGE('',*,*,#797,.F.);
#1085=ORIENTED_EDGE('',*,*,#783,.F.);
#1086=ORIENTED_EDGE('',*,*,#798,.T.);
#1087=ORIENTED_EDGE('',*,*,#799,.T.);
#1088=ORIENTED_EDGE('',*,*,#798,.F.);
#1089=ORIENTED_EDGE('',*,*,#799,.F.);
#1090=ORIENTED_EDGE('',*,*,#800,.F.);
#1091=ORIENTED_EDGE('',*,*,#784,.F.);
#1092=ORIENTED_EDGE('',*,*,#801,.T.);
#1093=ORIENTED_EDGE('',*,*,#802,.T.);
#1094=ORIENTED_EDGE('',*,*,#801,.F.);
#1095=ORIENTED_EDGE('',*,*,#802,.F.);
#1096=ORIENTED_EDGE('',*,*,#803,.F.);
#1097=ORIENTED_EDGE('',*,*,#737,.F.);
#1098=ORIENTED_EDGE('',*,*,#804,.T.);
#1099=ORIENTED_EDGE('',*,*,#803,.T.);
#1100=ORIENTED_EDGE('',*,*,#804,.F.);
#1101=ORIENTED_EDGE('',*,*,#736,.F.);
#1102=ORIENTED_EDGE('',*,*,#805,.T.);
#1103=ORIENTED_EDGE('',*,*,#800,.T.);
#1104=ORIENTED_EDGE('',*,*,#805,.F.);
#1105=ORIENTED_EDGE('',*,*,#735,.F.);
#1106=ORIENTED_EDGE('',*,*,#806,.T.);
#1107=ORIENTED_EDGE('',*,*,#797,.T.);
#1108=ORIENTED_EDGE('',*,*,#806,.F.);
#1109=ORIENTED_EDGE('',*,*,#734,.F.);
#1110=ORIENTED_EDGE('',*,*,#807,.T.);
#1111=ORIENTED_EDGE('',*,*,#794,.T.);
#1112=ORIENTED_EDGE('',*,*,#807,.F.);
#1113=ORIENTED_EDGE('',*,*,#733,.F.);
#1114=ORIENTED_EDGE('',*,*,#808,.T.);
#1115=ORIENTED_EDGE('',*,*,#791,.T.);
#1116=ORIENTED_EDGE('',*,*,#808,.F.);
#1117=ORIENTED_EDGE('',*,*,#809,.F.);
#1118=ORIENTED_EDGE('',*,*,#810,.T.);
#1119=ORIENTED_EDGE('',*,*,#714,.F.);
#1120=ORIENTED_EDGE('',*,*,#811,.F.);
#1121=ORIENTED_EDGE('',*,*,#812,.F.);
#1122=ORIENTED_EDGE('',*,*,#813,.T.);
#1123=ORIENTED_EDGE('',*,*,#715,.F.);
#1124=ORIENTED_EDGE('',*,*,#810,.F.);
#1125=ORIENTED_EDGE('',*,*,#814,.F.);
#1126=ORIENTED_EDGE('',*,*,#815,.T.);
#1127=ORIENTED_EDGE('',*,*,#716,.F.);
#1128=ORIENTED_EDGE('',*,*,#813,.F.);
#1129=ORIENTED_EDGE('',*,*,#816,.F.);
#1130=ORIENTED_EDGE('',*,*,#817,.T.);
#1131=ORIENTED_EDGE('',*,*,#717,.F.);
#1132=ORIENTED_EDGE('',*,*,#815,.F.);
#1133=ORIENTED_EDGE('',*,*,#818,.F.);
#1134=ORIENTED_EDGE('',*,*,#819,.T.);
#1135=ORIENTED_EDGE('',*,*,#718,.F.);
#1136=ORIENTED_EDGE('',*,*,#817,.F.);
#1137=ORIENTED_EDGE('',*,*,#820,.F.);
#1138=ORIENTED_EDGE('',*,*,#811,.T.);
#1139=ORIENTED_EDGE('',*,*,#713,.F.);
#1140=ORIENTED_EDGE('',*,*,#740,.F.);
#1141=ORIENTED_EDGE('',*,*,#821,.F.);
#1142=ORIENTED_EDGE('',*,*,#738,.T.);
#1143=ORIENTED_EDGE('',*,*,#721,.F.);
#1144=ORIENTED_EDGE('',*,*,#822,.F.);
#1145=ORIENTED_EDGE('',*,*,#823,.F.);
#1146=ORIENTED_EDGE('',*,*,#822,.T.);
#1147=ORIENTED_EDGE('',*,*,#720,.F.);
#1148=ORIENTED_EDGE('',*,*,#824,.F.);
#1149=ORIENTED_EDGE('',*,*,#825,.F.);
#1150=ORIENTED_EDGE('',*,*,#824,.T.);
#1151=ORIENTED_EDGE('',*,*,#719,.F.);
#1152=ORIENTED_EDGE('',*,*,#819,.F.);
#1153=ORIENTED_EDGE('',*,*,#826,.T.);
#1154=ORIENTED_EDGE('',*,*,#725,.F.);
#1155=ORIENTED_EDGE('',*,*,#785,.F.);
#1156=ORIENTED_EDGE('',*,*,#773,.F.);
#1157=ORIENTED_EDGE('',*,*,#786,.T.);
#1158=ORIENTED_EDGE('',*,*,#723,.F.);
#1159=ORIENTED_EDGE('',*,*,#708,.F.);
#1160=ORIENTED_EDGE('',*,*,#775,.T.);
#1161=ORIENTED_EDGE('',*,*,#706,.T.);
#1162=ORIENTED_EDGE('',*,*,#731,.F.);
#1163=ORIENTED_EDGE('',*,*,#787,.F.);
#1164=ORIENTED_EDGE('',*,*,#776,.T.);
#1165=ORIENTED_EDGE('',*,*,#788,.T.);
#1166=ORIENTED_EDGE('',*,*,#729,.F.);
#1167=ORIENTED_EDGE('',*,*,#827,.F.);
#1168=ORIENTED_EDGE('',*,*,#778,.T.);
#1169=ORIENTED_EDGE('',*,*,#828,.F.);
#1170=ORIENTED_EDGE('',*,*,#779,.T.);
#1171=ORIENTED_EDGE('',*,*,#827,.T.);
#1172=ORIENTED_EDGE('',*,*,#728,.F.);
#1173=ORIENTED_EDGE('',*,*,#828,.T.);
#1174=ORIENTED_EDGE('',*,*,#727,.F.);
#1175=ORIENTED_EDGE('',*,*,#829,.F.);
#1176=ORIENTED_EDGE('',*,*,#771,.F.);
#1177=ORIENTED_EDGE('',*,*,#829,.T.);
#1178=ORIENTED_EDGE('',*,*,#726,.F.);
#1179=ORIENTED_EDGE('',*,*,#826,.F.);
#1180=ORIENTED_EDGE('',*,*,#772,.F.);
#1181=ORIENTED_EDGE('',*,*,#818,.T.);
#1182=ORIENTED_EDGE('',*,*,#816,.T.);
#1183=ORIENTED_EDGE('',*,*,#814,.T.);
#1184=ORIENTED_EDGE('',*,*,#812,.T.);
#1185=ORIENTED_EDGE('',*,*,#809,.T.);
#1186=ORIENTED_EDGE('',*,*,#820,.T.);
#1187=ORIENTED_EDGE('',*,*,#739,.T.);
#1188=ORIENTED_EDGE('',*,*,#821,.T.);
#1189=ORIENTED_EDGE('',*,*,#823,.T.);
#1190=ORIENTED_EDGE('',*,*,#825,.T.);
#1191=ORIENTED_EDGE('',*,*,#830,.T.);
#1192=ORIENTED_EDGE('',*,*,#831,.T.);
#1193=ORIENTED_EDGE('',*,*,#832,.T.);
#1194=ORIENTED_EDGE('',*,*,#831,.F.);
#1195=ORIENTED_EDGE('',*,*,#832,.F.);
#1196=ORIENTED_EDGE('',*,*,#830,.F.);
#1197=ORIENTED_EDGE('',*,*,#833,.T.);
#1198=ORIENTED_EDGE('',*,*,#834,.T.);
#1199=ORIENTED_EDGE('',*,*,#833,.F.);
#1200=ORIENTED_EDGE('',*,*,#834,.F.);
#1201=PLANE('',#1329);
#1202=PLANE('',#1333);
#1203=PLANE('',#1337);
#1204=PLANE('',#1340);
#1205=PLANE('',#1343);
#1206=PLANE('',#1344);
#1207=PLANE('',#1348);
#1208=PLANE('',#1352);
#1209=PLANE('',#1355);
#1210=PLANE('',#1358);
#1211=PLANE('',#1359);
#1212=PLANE('',#1360);
#1213=PLANE('',#1361);
#1214=PLANE('',#1362);
#1215=PLANE('',#1378);
#1216=PLANE('',#1379);
#1217=PLANE('',#1380);
#1218=PLANE('',#1384);
#1219=PLANE('',#1388);
#1220=PLANE('',#1392);
#1221=PLANE('',#1396);
#1222=PLANE('',#1400);
#1223=PLANE('',#1401);
#1224=PLANE('',#1412);
#1225=PLANE('',#1413);
#1226=PLANE('',#1416);
#1227=PLANE('',#1420);
#1228=PLANE('',#1424);
#1229=PLANE('',#1428);
#1230=PLANE('',#1432);
#1231=PLANE('',#1439);
#1232=PLANE('',#1442);
#1233=PLANE('',#1445);
#1234=PLANE('',#1450);
#1235=PLANE('',#1457);
#1236=PLANE('',#1459);
#1237=PLANE('',#1460);
#1238=PLANE('',#1464);
#1239=PLANE('',#1467);
#1240=ADVANCED_FACE('',(#133),#1201,.T.);
#1241=ADVANCED_FACE('',(#134),#128,.F.);
#1242=ADVANCED_FACE('',(#135),#1202,.T.);
#1243=ADVANCED_FACE('',(#136),#129,.F.);
#1244=ADVANCED_FACE('',(#137),#1203,.T.);
#1245=ADVANCED_FACE('',(#138),#48,.F.);
#1246=ADVANCED_FACE('',(#139),#1204,.F.);
#1247=ADVANCED_FACE('',(#140),#49,.F.);
#1248=ADVANCED_FACE('',(#141),#1205,.F.);
#1249=ADVANCED_FACE('',(#142),#1206,.T.);
#1250=ADVANCED_FACE('',(#143),#130,.F.);
#1251=ADVANCED_FACE('',(#144),#1207,.T.);
#1252=ADVANCED_FACE('',(#145),#131,.F.);
#1253=ADVANCED_FACE('',(#146),#1208,.T.);
#1254=ADVANCED_FACE('',(#147),#50,.F.);
#1255=ADVANCED_FACE('',(#148),#1209,.F.);
#1256=ADVANCED_FACE('',(#149),#51,.F.);
#1257=ADVANCED_FACE('',(#150),#1210,.F.);
#1258=ADVANCED_FACE('',(#151),#1211,.F.);
#1259=ADVANCED_FACE('',(#152),#1212,.T.);
#1260=ADVANCED_FACE('',(#153),#1213,.F.);
#1261=ADVANCED_FACE('',(#154,#32,#33,#34,#35,#36),#1214,.T.);
#1262=ADVANCED_FACE('',(#155),#1215,.T.);
#1263=ADVANCED_FACE('',(#156),#1216,.F.);
#1264=ADVANCED_FACE('',(#157),#1217,.F.);
#1265=ADVANCED_FACE('',(#158),#52,.F.);
#1266=ADVANCED_FACE('',(#159),#1218,.F.);
#1267=ADVANCED_FACE('',(#160),#53,.F.);
#1268=ADVANCED_FACE('',(#161),#1219,.F.);
#1269=ADVANCED_FACE('',(#162),#54,.F.);
#1270=ADVANCED_FACE('',(#163),#1220,.F.);
#1271=ADVANCED_FACE('',(#164),#55,.F.);
#1272=ADVANCED_FACE('',(#165),#1221,.F.);
#1273=ADVANCED_FACE('',(#166),#56,.F.);
#1274=ADVANCED_FACE('',(#167),#1222,.F.);
#1275=ADVANCED_FACE('',(#168,#37,#38,#39,#40,#41,#42),#1223,.T.);
#1276=ADVANCED_FACE('',(#169),#1224,.T.);
#1277=ADVANCED_FACE('',(#170),#1225,.T.);
#1278=ADVANCED_FACE('',(#171),#57,.F.);
#1279=ADVANCED_FACE('',(#172,#43),#1226,.F.);
#1280=ADVANCED_FACE('',(#173),#58,.F.);
#1281=ADVANCED_FACE('',(#174,#44),#1227,.F.);
#1282=ADVANCED_FACE('',(#175),#59,.F.);
#1283=ADVANCED_FACE('',(#176,#45),#1228,.F.);
#1284=ADVANCED_FACE('',(#177),#60,.F.);
#1285=ADVANCED_FACE('',(#178,#46),#1229,.F.);
#1286=ADVANCED_FACE('',(#179),#61,.F.);
#1287=ADVANCED_FACE('',(#180,#47),#1230,.F.);
#1288=ADVANCED_FACE('',(#181),#62,.F.);
#1289=ADVANCED_FACE('',(#182),#63,.F.);
#1290=ADVANCED_FACE('',(#183),#64,.F.);
#1291=ADVANCED_FACE('',(#184),#65,.F.);
#1292=ADVANCED_FACE('',(#185),#66,.F.);
#1293=ADVANCED_FACE('',(#186),#1231,.T.);
#1294=ADVANCED_FACE('',(#187),#67,.F.);
#1295=ADVANCED_FACE('',(#188),#1232,.T.);
#1296=ADVANCED_FACE('',(#189),#68,.F.);
#1297=ADVANCED_FACE('',(#190),#1233,.T.);
#1298=ADVANCED_FACE('',(#191),#69,.F.);
#1299=ADVANCED_FACE('',(#192),#70,.F.);
#1300=ADVANCED_FACE('',(#193),#1234,.T.);
#1301=ADVANCED_FACE('',(#194),#71,.F.);
#1302=ADVANCED_FACE('',(#195),#72,.T.);
#1303=ADVANCED_FACE('',(#196),#73,.T.);
#1304=ADVANCED_FACE('',(#197),#74,.T.);
#1305=ADVANCED_FACE('',(#198),#75,.T.);
#1306=ADVANCED_FACE('',(#199),#1235,.T.);
#1307=ADVANCED_FACE('',(#200),#76,.T.);
#1308=ADVANCED_FACE('',(#201),#1236,.T.);
#1309=ADVANCED_FACE('',(#202),#1237,.T.);
#1310=ADVANCED_FACE('',(#203),#132,.T.);
#1311=ADVANCED_FACE('',(#204),#1238,.T.);
#1312=ADVANCED_FACE('',(#205),#77,.T.);
#1313=ADVANCED_FACE('',(#206),#1239,.F.);
#1314=CLOSED_SHELL('',(#1240,#1241,#1242,#1243,#1244,#1245,#1246,#1247,
#1248,#1249,#1250,#1251,#1252,#1253,#1254,#1255,#1256,#1257,#1258,#1259,
#1260,#1261,#1262,#1263,#1264,#1265,#1266,#1267,#1268,#1269,#1270,#1271,
#1272,#1273,#1274,#1275,#1276,#1277,#1278,#1279,#1280,#1281,#1282,#1283,
#1284,#1285,#1286,#1287,#1288,#1289,#1290,#1291,#1292,#1293,#1294,#1295,
#1296,#1297,#1298,#1299,#1300,#1301,#1302,#1303,#1304,#1305,#1306,#1307,
#1308,#1309));
#1315=CLOSED_SHELL('',(#1310,#1311,#1312,#1313));
#1316=DERIVED_UNIT_ELEMENT(#1318,1.);
#1317=DERIVED_UNIT_ELEMENT(#2248,-3.);
#1318=(
MASS_UNIT()
NAMED_UNIT(*)
SI_UNIT(.KILO.,.GRAM.)
);
#1319=DERIVED_UNIT((#1316,#1317));
#1320=MEASURE_REPRESENTATION_ITEM('density measure',
POSITIVE_RATIO_MEASURE(7850.),#1319);
#1321=PROPERTY_DEFINITION_REPRESENTATION(#1326,#1323);
#1322=PROPERTY_DEFINITION_REPRESENTATION(#1327,#1324);
#1323=REPRESENTATION('material name',(#1325),#2245);
#1324=REPRESENTATION('density',(#1320),#2245);
#1325=DESCRIPTIVE_REPRESENTATION_ITEM('Steel','Steel');
#1326=PROPERTY_DEFINITION('material property','material name',#2255);
#1327=PROPERTY_DEFINITION('material property','density of part',#2255);
#1328=AXIS2_PLACEMENT_3D('',#1866,#1468,#1469);
#1329=AXIS2_PLACEMENT_3D('',#1867,#1470,#1471);
#1330=AXIS2_PLACEMENT_3D('',#1876,#1476,#1477);
#1331=AXIS2_PLACEMENT_3D('',#1878,#1478,#1479);
#1332=AXIS2_PLACEMENT_3D('',#1881,#1481,#1482);
#1333=AXIS2_PLACEMENT_3D('',#1882,#1483,#1484);
#1334=AXIS2_PLACEMENT_3D('',#1888,#1488,#1489);
#1335=AXIS2_PLACEMENT_3D('',#1890,#1490,#1491);
#1336=AXIS2_PLACEMENT_3D('',#1893,#1493,#1494);
#1337=AXIS2_PLACEMENT_3D('',#1894,#1495,#1496);
#1338=AXIS2_PLACEMENT_3D('',#1900,#1500,#1501);
#1339=AXIS2_PLACEMENT_3D('',#1904,#1503,#1504);
#1340=AXIS2_PLACEMENT_3D('',#1906,#1506,#1507);
#1341=AXIS2_PLACEMENT_3D('',#1910,#1510,#1511);
#1342=AXIS2_PLACEMENT_3D('',#1913,#1513,#1514);
#1343=AXIS2_PLACEMENT_3D('',#1914,#1515,#1516);
#1344=AXIS2_PLACEMENT_3D('',#1918,#1519,#1520);
#1345=AXIS2_PLACEMENT_3D('',#1927,#1525,#1526);
#1346=AXIS2_PLACEMENT_3D('',#1929,#1527,#1528);
#1347=AXIS2_PLACEMENT_3D('',#1932,#1530,#1531);
#1348=AXIS2_PLACEMENT_3D('',#1933,#1532,#1533);
#1349=AXIS2_PLACEMENT_3D('',#1939,#1537,#1538);
#1350=AXIS2_PLACEMENT_3D('',#1941,#1539,#1540);
#1351=AXIS2_PLACEMENT_3D('',#1944,#1542,#1543);
#1352=AXIS2_PLACEMENT_3D('',#1945,#1544,#1545);
#1353=AXIS2_PLACEMENT_3D('',#1951,#1549,#1550);
#1354=AXIS2_PLACEMENT_3D('',#1955,#1552,#1553);
#1355=AXIS2_PLACEMENT_3D('',#1957,#1555,#1556);
#1356=AXIS2_PLACEMENT_3D('',#1961,#1559,#1560);
#1357=AXIS2_PLACEMENT_3D('',#1964,#1562,#1563);
#1358=AXIS2_PLACEMENT_3D('',#1965,#1564,#1565);
#1359=AXIS2_PLACEMENT_3D('',#1969,#1568,#1569);
#1360=AXIS2_PLACEMENT_3D('',#1974,#1573,#1574);
#1361=AXIS2_PLACEMENT_3D('',#1984,#1580,#1581);
#1362=AXIS2_PLACEMENT_3D('',#1988,#1584,#1585);
#1363=AXIS2_PLACEMENT_3D('',#1992,#1587,#1588);
#1364=AXIS2_PLACEMENT_3D('',#1996,#1590,#1591);
#1365=AXIS2_PLACEMENT_3D('',#2000,#1593,#1594);
#1366=AXIS2_PLACEMENT_3D('',#2004,#1596,#1597);
#1367=AXIS2_PLACEMENT_3D('',#2008,#1599,#1600);
#1368=AXIS2_PLACEMENT_3D('',#2011,#1602,#1603);
#1369=AXIS2_PLACEMENT_3D('',#2015,#1605,#1606);
#1370=AXIS2_PLACEMENT_3D('',#2019,#1608,#1609);
#1371=AXIS2_PLACEMENT_3D('',#2023,#1611,#1612);
#1372=AXIS2_PLACEMENT_3D('',#2026,#1614,#1615);
#1373=AXIS2_PLACEMENT_3D('',#2029,#1617,#1618);
#1374=AXIS2_PLACEMENT_3D('',#2031,#1619,#1620);
#1375=AXIS2_PLACEMENT_3D('',#2033,#1621,#1622);
#1376=AXIS2_PLACEMENT_3D('',#2035,#1623,#1624);
#1377=AXIS2_PLACEMENT_3D('',#2037,#1625,#1626);
#1378=AXIS2_PLACEMENT_3D('',#2038,#1627,#1628);
#1379=AXIS2_PLACEMENT_3D('',#2044,#1632,#1633);
#1380=AXIS2_PLACEMENT_3D('',#2045,#1634,#1635);
#1381=AXIS2_PLACEMENT_3D('',#2054,#1640,#1641);
#1382=AXIS2_PLACEMENT_3D('',#2056,#1642,#1643);
#1383=AXIS2_PLACEMENT_3D('',#2058,#1644,#1645);
#1384=AXIS2_PLACEMENT_3D('',#2060,#1647,#1648);
#1385=AXIS2_PLACEMENT_3D('',#2066,#1652,#1653);
#1386=AXIS2_PLACEMENT_3D('',#2068,#1654,#1655);
#1387=AXIS2_PLACEMENT_3D('',#2070,#1656,#1657);
#1388=AXIS2_PLACEMENT_3D('',#2072,#1659,#1660);
#1389=AXIS2_PLACEMENT_3D('',#2078,#1664,#1665);
#1390=AXIS2_PLACEMENT_3D('',#2080,#1666,#1667);
#1391=AXIS2_PLACEMENT_3D('',#2082,#1668,#1669);
#1392=AXIS2_PLACEMENT_3D('',#2084,#1671,#1672);
#1393=AXIS2_PLACEMENT_3D('',#2090,#1676,#1677);
#1394=AXIS2_PLACEMENT_3D('',#2092,#1678,#1679);
#1395=AXIS2_PLACEMENT_3D('',#2094,#1680,#1681);
#1396=AXIS2_PLACEMENT_3D('',#2096,#1683,#1684);
#1397=AXIS2_PLACEMENT_3D('',#2102,#1688,#1689);
#1398=AXIS2_PLACEMENT_3D('',#2103,#1690,#1691);
#1399=AXIS2_PLACEMENT_3D('',#2104,#1692,#1693);
#1400=AXIS2_PLACEMENT_3D('',#2105,#1694,#1695);
#1401=AXIS2_PLACEMENT_3D('',#2106,#1696,#1697);
#1402=AXIS2_PLACEMENT_3D('',#2109,#1698,#1699);
#1403=AXIS2_PLACEMENT_3D('',#2113,#1701,#1702);
#1404=AXIS2_PLACEMENT_3D('',#2116,#1704,#1705);
#1405=AXIS2_PLACEMENT_3D('',#2118,#1706,#1707);
#1406=AXIS2_PLACEMENT_3D('',#2122,#1709,#1710);
#1407=AXIS2_PLACEMENT_3D('',#2125,#1712,#1713);
#1408=AXIS2_PLACEMENT_3D('',#2127,#1714,#1715);
#1409=AXIS2_PLACEMENT_3D('',#2129,#1716,#1717);
#1410=AXIS2_PLACEMENT_3D('',#2131,#1718,#1719);
#1411=AXIS2_PLACEMENT_3D('',#2133,#1720,#1721);
#1412=AXIS2_PLACEMENT_3D('',#2134,#1722,#1723);
#1413=AXIS2_PLACEMENT_3D('',#2137,#1726,#1727);
#1414=AXIS2_PLACEMENT_3D('',#2140,#1730,#1731);
#1415=AXIS2_PLACEMENT_3D('',#2143,#1733,#1734);
#1416=AXIS2_PLACEMENT_3D('',#2144,#1735,#1736);
#1417=AXIS2_PLACEMENT_3D('',#2146,#1737,#1738);
#1418=AXIS2_PLACEMENT_3D('',#2147,#1739,#1740);
#1419=AXIS2_PLACEMENT_3D('',#2150,#1742,#1743);
#1420=AXIS2_PLACEMENT_3D('',#2151,#1744,#1745);
#1421=AXIS2_PLACEMENT_3D('',#2153,#1746,#1747);
#1422=AXIS2_PLACEMENT_3D('',#2154,#1748,#1749);
#1423=AXIS2_PLACEMENT_3D('',#2157,#1751,#1752);
#1424=AXIS2_PLACEMENT_3D('',#2158,#1753,#1754);
#1425=AXIS2_PLACEMENT_3D('',#2160,#1755,#1756);
#1426=AXIS2_PLACEMENT_3D('',#2161,#1757,#1758);
#1427=AXIS2_PLACEMENT_3D('',#2164,#1760,#1761);
#1428=AXIS2_PLACEMENT_3D('',#2165,#1762,#1763);
#1429=AXIS2_PLACEMENT_3D('',#2167,#1764,#1765);
#1430=AXIS2_PLACEMENT_3D('',#2168,#1766,#1767);
#1431=AXIS2_PLACEMENT_3D('',#2171,#1769,#1770);
#1432=AXIS2_PLACEMENT_3D('',#2172,#1771,#1772);
#1433=AXIS2_PLACEMENT_3D('',#2174,#1773,#1774);
#1434=AXIS2_PLACEMENT_3D('',#2175,#1775,#1776);
#1435=AXIS2_PLACEMENT_3D('',#2177,#1778,#1779);
#1436=AXIS2_PLACEMENT_3D('',#2179,#1781,#1782);
#1437=AXIS2_PLACEMENT_3D('',#2181,#1784,#1785);
#1438=AXIS2_PLACEMENT_3D('',#2183,#1787,#1788);
#1439=AXIS2_PLACEMENT_3D('',#2185,#1790,#1791);
#1440=AXIS2_PLACEMENT_3D('',#2191,#1795,#1796);
#1441=AXIS2_PLACEMENT_3D('',#2193,#1797,#1798);
#1442=AXIS2_PLACEMENT_3D('',#2195,#1800,#1801);
#1443=AXIS2_PLACEMENT_3D('',#2199,#1804,#1805);
#1444=AXIS2_PLACEMENT_3D('',#2201,#1806,#1807);
#1445=AXIS2_PLACEMENT_3D('',#2203,#1809,#1810);
#1446=AXIS2_PLACEMENT_3D('',#2207,#1813,#1814);
#1447=AXIS2_PLACEMENT_3D('',#2208,#1815,#1816);
#1448=AXIS2_PLACEMENT_3D('',#2209,#1817,#1818);
#1449=AXIS2_PLACEMENT_3D('',#2211,#1819,#1820);
#1450=AXIS2_PLACEMENT_3D('',#2213,#1822,#1823);
#1451=AXIS2_PLACEMENT_3D('',#2217,#1826,#1827);
#1452=AXIS2_PLACEMENT_3D('',#2218,#1828,#1829);
#1453=AXIS2_PLACEMENT_3D('',#2219,#1830,#1831);
#1454=AXIS2_PLACEMENT_3D('',#2221,#1833,#1834);
#1455=AXIS2_PLACEMENT_3D('',#2222,#1835,#1836);
#1456=AXIS2_PLACEMENT_3D('',#2223,#1837,#1838);
#1457=AXIS2_PLACEMENT_3D('',#2225,#1840,#1841);
#1458=AXIS2_PLACEMENT_3D('',#2227,#1843,#1844);
#1459=AXIS2_PLACEMENT_3D('',#2229,#1846,#1847);
#1460=AXIS2_PLACEMENT_3D('',#2230,#1848,#1849);
#1461=AXIS2_PLACEMENT_3D('',#2231,#1850,#1851);
#1462=AXIS2_PLACEMENT_3D('',#2233,#1852,#1853);
#1463=AXIS2_PLACEMENT_3D('',#2236,#1855,#1856);
#1464=AXIS2_PLACEMENT_3D('',#2237,#1857,#1858);
#1465=AXIS2_PLACEMENT_3D('',#2238,#1859,#1860);
#1466=AXIS2_PLACEMENT_3D('',#2241,#1862,#1863);
#1467=AXIS2_PLACEMENT_3D('',#2242,#1864,#1865);
#1468=DIRECTION('axis',(0.,0.,1.));
#1469=DIRECTION('refdir',(1.,0.,0.));
#1470=DIRECTION('center_axis',(0.707106781186541,-0.707106781186554,0.));
#1471=DIRECTION('ref_axis',(0.,0.,-1.));
#1472=DIRECTION('',(-0.707106781186554,-0.707106781186541,0.));
#1473=DIRECTION('',(0.,0.,-1.));
#1474=DIRECTION('',(0.707106781186554,0.707106781186541,0.));
#1475=DIRECTION('',(0.,0.,1.));
#1476=DIRECTION('center_axis',(1.,0.,0.));
#1477=DIRECTION('ref_axis',(0.,0.707106781186546,-0.707106781186549));
#1478=DIRECTION('center_axis',(-1.,0.,0.));
#1479=DIRECTION('ref_axis',(0.,0.707106781186546,-0.707106781186549));
#1480=DIRECTION('',(0.707106781186554,0.,-0.707106781186541));
#1481=DIRECTION('center_axis',(1.,0.,0.));
#1482=DIRECTION('ref_axis',(0.,0.707106781186546,-0.707106781186549));
#1483=DIRECTION('center_axis',(0.707106781186544,0.,0.707106781186551));
#1484=DIRECTION('ref_axis',(0.707106781186551,0.,-0.707106781186544));
#1485=DIRECTION('',(0.,-1.,0.));
#1486=DIRECTION('',(0.707106781186551,0.,-0.707106781186544));
#1487=DIRECTION('',(0.,1.,0.));
#1488=DIRECTION('center_axis',(1.,0.,0.));
#1489=DIRECTION('ref_axis',(0.,-0.707106781186546,-0.707106781186549));
#1490=DIRECTION('center_axis',(-1.,0.,0.));
#1491=DIRECTION('ref_axis',(0.,-0.707106781186546,-0.707106781186549));
#1492=DIRECTION('',(0.707106781186554,-0.707106781186541,0.));
#1493=DIRECTION('center_axis',(1.,0.,0.));
#1494=DIRECTION('ref_axis',(0.,-0.707106781186546,-0.707106781186549));
#1495=DIRECTION('center_axis',(0.707106781186535,0.70710678118656,0.));
#1496=DIRECTION('ref_axis',(0.,0.,-1.));
#1497=DIRECTION('',(0.70710678118656,-0.707106781186535,0.));
#1498=DIRECTION('',(0.,0.,-1.));
#1499=DIRECTION('',(0.,0.,1.));
#1500=DIRECTION('center_axis',(-1.,0.,0.));
#1501=DIRECTION('ref_axis',(0.,-0.707106781186546,-0.707106781186549));
#1502=DIRECTION('',(-1.,0.,0.));
#1503=DIRECTION('center_axis',(-1.,0.,0.));
#1504=DIRECTION('ref_axis',(0.,-0.707106781186546,-0.707106781186549));
#1505=DIRECTION('',(1.,0.,0.));
#1506=DIRECTION('center_axis',(0.,0.,-1.));
#1507=DIRECTION('ref_axis',(0.,-1.,0.));
#1508=DIRECTION('',(1.,0.,0.));
#1509=DIRECTION('',(0.,1.,0.));
#1510=DIRECTION('center_axis',(-1.,0.,0.));
#1511=DIRECTION('ref_axis',(0.,0.707106781186546,-0.707106781186549));
#1512=DIRECTION('',(-1.,0.,0.));
#1513=DIRECTION('center_axis',(-1.,0.,0.));
#1514=DIRECTION('ref_axis',(0.,0.707106781186546,-0.707106781186549));
#1515=DIRECTION('center_axis',(0.,1.,0.));
#1516=DIRECTION('ref_axis',(0.,0.,-1.));
#1517=DIRECTION('',(1.,0.,0.));
#1518=DIRECTION('',(0.,0.,1.));
#1519=DIRECTION('center_axis',(0.707106781186548,-0.707106781186548,0.));
#1520=DIRECTION('ref_axis',(0.,0.,-1.));
#1521=DIRECTION('',(-0.707106781186548,-0.707106781186548,0.));
#1522=DIRECTION('',(0.,0.,-1.));
#1523=DIRECTION('',(0.707106781186548,0.707106781186548,0.));
#1524=DIRECTION('',(0.,0.,1.));
#1525=DIRECTION('center_axis',(1.,0.,0.));
#1526=DIRECTION('ref_axis',(0.,0.70710693133468,-0.707106631038384));
#1527=DIRECTION('center_axis',(-1.,0.,0.));
#1528=DIRECTION('ref_axis',(0.,0.70710693133468,-0.707106631038384));
#1529=DIRECTION('',(0.707106781186547,0.,-0.707106781186548));
#1530=DIRECTION('center_axis',(1.,0.,0.));
#1531=DIRECTION('ref_axis',(0.,0.70710693133468,-0.707106631038384));
#1532=DIRECTION('center_axis',(0.707106781186549,0.,0.707106781186546));
#1533=DIRECTION('ref_axis',(0.707106781186546,0.,-0.707106781186549));
#1534=DIRECTION('',(0.707106781186546,0.,-0.707106781186549));
#1535=DIRECTION('',(0.,1.,0.));
#1536=DIRECTION('',(0.,-1.,0.));
#1537=DIRECTION('center_axis',(1.,0.,0.));
#1538=DIRECTION('ref_axis',(0.,-0.70710678118655,-0.707106781186545));
#1539=DIRECTION('center_axis',(-1.,0.,0.));
#1540=DIRECTION('ref_axis',(0.,-0.70710678118655,-0.707106781186545));
#1541=DIRECTION('',(0.707106781186551,-0.707106781186544,0.));
#1542=DIRECTION('center_axis',(1.,0.,0.));
#1543=DIRECTION('ref_axis',(0.,-0.70710678118655,-0.707106781186545));
#1544=DIRECTION('center_axis',(0.707106781186548,0.707106781186548,0.));
#1545=DIRECTION('ref_axis',(0.,0.,-1.));
#1546=DIRECTION('',(0.707106781186548,-0.707106781186548,0.));
#1547=DIRECTION('',(0.,0.,-1.));
#1548=DIRECTION('',(0.,0.,1.));
#1549=DIRECTION('center_axis',(-1.,0.,0.));
#1550=DIRECTION('ref_axis',(0.,-0.70710678118655,-0.707106781186545));
#1551=DIRECTION('',(-1.,0.,0.));
#1552=DIRECTION('center_axis',(1.,0.,0.));
#1553=DIRECTION('ref_axis',(0.,-0.70710678118655,-0.707106781186545));
#1554=DIRECTION('',(1.,0.,0.));
#1555=DIRECTION('center_axis',(0.,0.,-1.));
#1556=DIRECTION('ref_axis',(0.,-1.,0.));
#1557=DIRECTION('',(1.,0.,0.));
#1558=DIRECTION('',(0.,-1.,0.));
#1559=DIRECTION('center_axis',(-1.,0.,0.));
#1560=DIRECTION('ref_axis',(0.,0.70710693133468,-0.707106631038384));
#1561=DIRECTION('',(-1.,0.,0.));
#1562=DIRECTION('center_axis',(1.,0.,0.));
#1563=DIRECTION('ref_axis',(0.,0.70710693133468,-0.707106631038384));
#1564=DIRECTION('center_axis',(0.,1.,0.));
#1565=DIRECTION('ref_axis',(0.,0.,-1.));
#1566=DIRECTION('',(1.,0.,0.));
#1567=DIRECTION('',(0.,0.,-1.));
#1568=DIRECTION('center_axis',(-1.,0.,0.));
#1569=DIRECTION('ref_axis',(0.,0.,1.));
#1570=DIRECTION('',(0.,1.,0.));
#1571=DIRECTION('',(0.,0.,1.));
#1572=DIRECTION('',(0.,1.,0.));
#1573=DIRECTION('center_axis',(1.,0.,0.));
#1574=DIRECTION('ref_axis',(0.,1.,0.));
#1575=DIRECTION('',(0.,1.,0.));
#1576=DIRECTION('',(0.,0.,1.));
#1577=DIRECTION('',(0.,-0.996194698091746,0.0871557427476582));
#1578=DIRECTION('',(0.,0.,1.));
#1579=DIRECTION('',(0.,1.,0.));
#1580=DIRECTION('center_axis',(0.,-1.,0.));
#1581=DIRECTION('ref_axis',(0.,0.,1.));
#1582=DIRECTION('',(0.,0.,-1.));
#1583=DIRECTION('',(-1.,0.,0.));
#1584=DIRECTION('center_axis',(0.,0.,1.));
#1585=DIRECTION('ref_axis',(1.,0.,0.));
#1586=DIRECTION('',(0.,-1.,0.));
#1587=DIRECTION('center_axis',(0.,0.,-1.));
#1588=DIRECTION('ref_axis',(-3.7007434154172E-15,-1.,0.));
#1589=DIRECTION('',(-1.,1.46081976924363E-17,0.));
#1590=DIRECTION('center_axis',(0.,0.,-1.));
#1591=DIRECTION('ref_axis',(-1.,3.46944695195362E-16,0.));
#1592=DIRECTION('',(4.49225334694617E-16,1.,0.));
#1593=DIRECTION('center_axis',(0.,0.,-1.));
#1594=DIRECTION('ref_axis',(-0.707106781186546,0.707106781186549,0.));
#1595=DIRECTION('',(0.707106781186548,0.707106781186547,0.));
#1596=DIRECTION('center_axis',(0.,0.,-1.));
#1597=DIRECTION('ref_axis',(1.85037170770859E-15,1.,0.));
#1598=DIRECTION('',(1.,0.,0.));
#1599=DIRECTION('center_axis',(0.,0.,-1.));
#1600=DIRECTION('ref_axis',(1.,0.,0.));
#1601=DIRECTION('',(0.,-1.,0.));
#1602=DIRECTION('center_axis',(0.,0.,1.));
#1603=DIRECTION('ref_axis',(1.,-2.96059473233376E-15,0.));
#1604=DIRECTION('',(-1.,0.,0.));
#1605=DIRECTION('center_axis',(0.,0.,1.));
#1606=DIRECTION('ref_axis',(-5.92118946466729E-15,1.,0.));
#1607=DIRECTION('',(-0.707106781186548,-0.707106781186547,0.));
#1608=DIRECTION('center_axis',(0.,0.,1.));
#1609=DIRECTION('ref_axis',(-0.707106781186549,0.707106781186546,0.));
#1610=DIRECTION('',(0.,-1.,0.));
#1611=DIRECTION('center_axis',(0.,0.,1.));
#1612=DIRECTION('ref_axis',(-1.,3.70074341541719E-16,0.));
#1613=DIRECTION('',(1.,-6.25125576928579E-17,0.));
#1614=DIRECTION('center_axis',(0.,0.,1.));
#1615=DIRECTION('ref_axis',(2.96059473233374E-15,-1.,0.));
#1616=DIRECTION('',(-1.,0.,0.));
#1617=DIRECTION('center_axis',(0.,0.,-1.));
#1618=DIRECTION('ref_axis',(1.,0.,0.));
#1619=DIRECTION('center_axis',(0.,0.,-1.));
#1620=DIRECTION('ref_axis',(1.,0.,0.));
#1621=DIRECTION('center_axis',(0.,0.,-1.));
#1622=DIRECTION('ref_axis',(1.,0.,0.));
#1623=DIRECTION('center_axis',(0.,0.,-1.));
#1624=DIRECTION('ref_axis',(1.,0.,0.));
#1625=DIRECTION('center_axis',(0.,0.,-1.));
#1626=DIRECTION('ref_axis',(1.,0.,0.));
#1627=DIRECTION('center_axis',(-1.,0.,0.));
#1628=DIRECTION('ref_axis',(0.,-1.,0.));
#1629=DIRECTION('',(0.,0.,1.));
#1630=DIRECTION('',(0.,1.,0.));
#1631=DIRECTION('',(0.,0.,1.));
#1632=DIRECTION('center_axis',(0.,-1.,0.));
#1633=DIRECTION('ref_axis',(0.,0.,1.));
#1634=DIRECTION('center_axis',(1.,0.,0.));
#1635=DIRECTION('ref_axis',(0.,-1.,0.));
#1636=DIRECTION('',(0.,0.996194698091746,-0.0871557427476582));
#1637=DIRECTION('',(0.,0.,-1.));
#1638=DIRECTION('',(0.,1.,0.));
#1639=DIRECTION('',(0.,0.,-1.));
#1640=DIRECTION('center_axis',(0.,0.,-1.));
#1641=DIRECTION('ref_axis',(1.,0.,0.));
#1642=DIRECTION('center_axis',(0.,0.0871557427476582,0.996194698091746));
#1643=DIRECTION('ref_axis',(0.,-0.996194698091746,0.0871557427476582));
#1644=DIRECTION('center_axis',(0.,0.,1.));
#1645=DIRECTION('ref_axis',(1.,0.,0.));
#1646=DIRECTION('',(0.,0.,-1.));
#1647=DIRECTION('center_axis',(0.,1.,0.));
#1648=DIRECTION('ref_axis',(1.,0.,0.));
#1649=DIRECTION('',(-1.,0.,0.));
#1650=DIRECTION('',(-1.,0.,0.));
#1651=DIRECTION('',(0.,0.,-1.));
#1652=DIRECTION('center_axis',(0.,0.,-1.));
#1653=DIRECTION('ref_axis',(1.85037170770859E-15,1.,0.));
#1654=DIRECTION('center_axis',(0.,0.0871557427476582,0.996194698091746));
#1655=DIRECTION('ref_axis',(1.84333048471827E-15,0.996194698091746,-0.0871557427476582));
#1656=DIRECTION('center_axis',(0.,0.,1.));
#1657=DIRECTION('ref_axis',(1.85037170770859E-15,1.,0.));
#1658=DIRECTION('',(0.,0.,-1.));
#1659=DIRECTION('center_axis',(-0.707106781186547,0.707106781186548,0.));
#1660=DIRECTION('ref_axis',(0.707106781186548,0.707106781186547,0.));
#1661=DIRECTION('',(-0.705757556807952,-0.705757556807951,0.0617457854184491));
#1662=DIRECTION('',(-0.707106781186548,-0.707106781186547,0.));
#1663=DIRECTION('',(0.,0.,-1.));
#1664=DIRECTION('center_axis',(0.,0.,-1.));
#1665=DIRECTION('ref_axis',(-0.707106781186546,0.707106781186549,0.));
#1666=DIRECTION('center_axis',(0.,0.0871557427476582,0.996194698091746));
#1667=DIRECTION('ref_axis',(-5.64519960944975E-15,0.996194698091746,-0.0871557427476582));
#1668=DIRECTION('center_axis',(0.,0.,1.));
#1669=DIRECTION('ref_axis',(-0.707106781186546,0.707106781186549,0.));
#1670=DIRECTION('',(0.,0.,-1.));
#1671=DIRECTION('center_axis',(-1.,4.49225334694617E-16,0.));
#1672=DIRECTION('ref_axis',(4.49225334694617E-16,1.,0.));
#1673=DIRECTION('',(-4.47515896671267E-16,-0.996194698091746,0.0871557427476582));
#1674=DIRECTION('',(4.49225334694617E-16,1.,0.));
#1675=DIRECTION('',(0.,0.,-1.));
#1676=DIRECTION('center_axis',(0.,0.,-1.));
#1677=DIRECTION('ref_axis',(-1.,3.46944695195362E-16,0.));
#1678=DIRECTION('center_axis',(0.,0.0871557427476582,0.996194698091746));
#1679=DIRECTION('ref_axis',(3.45624465884676E-16,0.996194698091746,-0.0871557427476582));
#1680=DIRECTION('center_axis',(0.,0.,1.));
#1681=DIRECTION('ref_axis',(-1.,3.46944695195362E-16,0.));
#1682=DIRECTION('',(0.,0.,-1.));
#1683=DIRECTION('center_axis',(-1.46081976924363E-17,-1.,0.));
#1684=DIRECTION('ref_axis',(-1.,1.46081976924363E-17,0.));
#1685=DIRECTION('',(1.,-1.46081976924363E-17,1.27805169263374E-18));
#1686=DIRECTION('',(1.,-1.46081976924363E-17,0.));
#1687=DIRECTION('',(0.,0.,-1.));
#1688=DIRECTION('center_axis',(0.,0.,-1.));
#1689=DIRECTION('ref_axis',(-3.7007434154172E-15,-1.,0.));
#1690=DIRECTION('center_axis',(0.,0.0871557427476582,0.996194698091746));
#1691=DIRECTION('ref_axis',(-3.68666096943655E-15,-0.996194698091746,0.0871557427476582));
#1692=DIRECTION('center_axis',(0.,0.,1.));
#1693=DIRECTION('ref_axis',(-3.7007434154172E-15,-1.,0.));
#1694=DIRECTION('center_axis',(0.,0.,1.));
#1695=DIRECTION('ref_axis',(1.,0.,0.));
#1696=DIRECTION('center_axis',(0.,-0.0871557427476582,-0.996194698091746));
#1697=DIRECTION('ref_axis',(0.,-0.996194698091746,0.0871557427476582));
#1698=DIRECTION('center_axis',(0.,-0.0871557427476582,-0.996194698091746));
#1699=DIRECTION('ref_axis',(-2.76499572707738E-15,0.996194698091746,-0.0871557427476582));
#1700=DIRECTION('',(0.705757556807952,0.705757556807952,-0.0617457854184491));
#1701=DIRECTION('center_axis',(0.,-0.0871557427476582,-0.996194698091746));
#1702=DIRECTION('ref_axis',(-5.89865755109826E-15,0.996194698091745,-0.0871557427476582));
#1703=DIRECTION('',(-1.,0.,0.));
#1704=DIRECTION('center_axis',(0.,0.0871557427476582,0.996194698091746));
#1705=DIRECTION('ref_axis',(1.56683091201053E-15,0.996194698091745,-0.0871557427476582));
#1706=DIRECTION('center_axis',(0.,0.0871557427476582,0.996194698091746));
#1707=DIRECTION('ref_axis',(1.10599829083096E-15,-0.996194698091745,0.0871557427476582));
#1708=DIRECTION('',(-1.,0.,0.));
#1709=DIRECTION('center_axis',(0.,0.0871557427476582,0.996194698091746));
#1710=DIRECTION('ref_axis',(0.,-0.996194698091745,0.0871557427476582));
#1711=DIRECTION('',(0.,-0.996194698091746,0.0871557427476582));
#1712=DIRECTION('center_axis',(0.,0.0871557427476582,0.996194698091746));
#1713=DIRECTION('ref_axis',(0.,-0.996194698091746,0.0871557427476582));
#1714=DIRECTION('center_axis',(0.,0.0871557427476582,0.996194698091746));
#1715=DIRECTION('ref_axis',(0.,-0.996194698091746,0.0871557427476582));
#1716=DIRECTION('center_axis',(0.,0.0871557427476582,0.996194698091746));
#1717=DIRECTION('ref_axis',(0.,-0.996194698091746,0.0871557427476582));
#1718=DIRECTION('center_axis',(0.,0.0871557427476582,0.996194698091746));
#1719=DIRECTION('ref_axis',(0.,-0.996194698091746,0.0871557427476582));
#1720=DIRECTION('center_axis',(0.,0.0871557427476582,0.996194698091746));
#1721=DIRECTION('ref_axis',(0.,-0.996194698091746,0.0871557427476582));
#1722=DIRECTION('center_axis',(0.,1.,0.));
#1723=DIRECTION('ref_axis',(-1.,0.,0.));
#1724=DIRECTION('',(0.,0.,1.));
#1725=DIRECTION('',(0.,0.,1.));
#1726=DIRECTION('center_axis',(-6.25125576928579E-17,-1.,0.));
#1727=DIRECTION('ref_axis',(1.,-6.25125576928579E-17,0.));
#1728=DIRECTION('',(0.,0.,1.));
#1729=DIRECTION('',(0.,0.,1.));
#1730=DIRECTION('center_axis',(0.,0.,1.));
#1731=DIRECTION('ref_axis',(1.,0.,0.));
#1732=DIRECTION('',(0.,0.,1.));
#1733=DIRECTION('center_axis',(0.,0.,1.));
#1734=DIRECTION('ref_axis',(1.,0.,0.));
#1735=DIRECTION('center_axis',(0.,0.,1.));
#1736=DIRECTION('ref_axis',(1.,0.,0.));
#1737=DIRECTION('center_axis',(0.,0.,-1.));
#1738=DIRECTION('ref_axis',(1.,0.,0.));
#1739=DIRECTION('center_axis',(0.,0.,1.));
#1740=DIRECTION('ref_axis',(1.,0.,0.));
#1741=DIRECTION('',(0.,0.,1.));
#1742=DIRECTION('center_axis',(0.,0.,1.));
#1743=DIRECTION('ref_axis',(1.,0.,0.));
#1744=DIRECTION('center_axis',(0.,0.,1.));
#1745=DIRECTION('ref_axis',(1.,0.,0.));
#1746=DIRECTION('center_axis',(0.,0.,-1.));
#1747=DIRECTION('ref_axis',(1.,0.,0.));
#1748=DIRECTION('center_axis',(0.,0.,1.));
#1749=DIRECTION('ref_axis',(1.,0.,0.));
#1750=DIRECTION('',(0.,0.,1.));
#1751=DIRECTION('center_axis',(0.,0.,1.));
#1752=DIRECTION('ref_axis',(1.,0.,0.));
#1753=DIRECTION('center_axis',(0.,0.,1.));
#1754=DIRECTION('ref_axis',(1.,0.,0.));
#1755=DIRECTION('center_axis',(0.,0.,-1.));
#1756=DIRECTION('ref_axis',(1.,0.,0.));
#1757=DIRECTION('center_axis',(0.,0.,1.));
#1758=DIRECTION('ref_axis',(1.,0.,0.));
#1759=DIRECTION('',(0.,0.,1.));
#1760=DIRECTION('center_axis',(0.,0.,1.));
#1761=DIRECTION('ref_axis',(1.,0.,0.));
#1762=DIRECTION('center_axis',(0.,0.,1.));
#1763=DIRECTION('ref_axis',(1.,0.,0.));
#1764=DIRECTION('center_axis',(0.,0.,-1.));
#1765=DIRECTION('ref_axis',(1.,0.,0.));
#1766=DIRECTION('center_axis',(0.,0.,1.));
#1767=DIRECTION('ref_axis',(1.,0.,0.));
#1768=DIRECTION('',(0.,0.,1.));
#1769=DIRECTION('center_axis',(0.,0.,1.));
#1770=DIRECTION('ref_axis',(1.,0.,0.));
#1771=DIRECTION('center_axis',(0.,0.,1.));
#1772=DIRECTION('ref_axis',(1.,0.,0.));
#1773=DIRECTION('center_axis',(0.,0.,-1.));
#1774=DIRECTION('ref_axis',(1.,0.,0.));
#1775=DIRECTION('center_axis',(0.,0.,1.));
#1776=DIRECTION('ref_axis',(1.,0.,0.));
#1777=DIRECTION('',(0.,0.,-1.));
#1778=DIRECTION('center_axis',(0.,0.,1.));
#1779=DIRECTION('ref_axis',(1.,0.,0.));
#1780=DIRECTION('',(0.,0.,-1.));
#1781=DIRECTION('center_axis',(0.,0.,1.));
#1782=DIRECTION('ref_axis',(1.,0.,0.));
#1783=DIRECTION('',(0.,0.,-1.));
#1784=DIRECTION('center_axis',(0.,0.,1.));
#1785=DIRECTION('ref_axis',(1.,0.,0.));
#1786=DIRECTION('',(0.,0.,-1.));
#1787=DIRECTION('center_axis',(0.,0.,1.));
#1788=DIRECTION('ref_axis',(1.,0.,0.));
#1789=DIRECTION('',(0.,0.,-1.));
#1790=DIRECTION('center_axis',(1.46081976924363E-17,1.,0.));
#1791=DIRECTION('ref_axis',(-1.,1.46081976924363E-17,0.));
#1792=DIRECTION('',(1.,-1.46081976924363E-17,0.));
#1793=DIRECTION('',(0.,0.,1.));
#1794=DIRECTION('',(0.,0.,1.));
#1795=DIRECTION('center_axis',(0.,0.,1.));
#1796=DIRECTION('ref_axis',(-1.,3.46944695195362E-16,0.));
#1797=DIRECTION('center_axis',(0.,0.,1.));
#1798=DIRECTION('ref_axis',(-1.,3.46944695195362E-16,0.));
#1799=DIRECTION('',(0.,0.,1.));
#1800=DIRECTION('center_axis',(1.,-4.49225334694617E-16,0.));
#1801=DIRECTION('ref_axis',(4.49225334694617E-16,1.,0.));
#1802=DIRECTION('',(-4.49225334694617E-16,-1.,0.));
#1803=DIRECTION('',(0.,0.,1.));
#1804=DIRECTION('center_axis',(0.,0.,1.));
#1805=DIRECTION('ref_axis',(-0.707106781186546,0.707106781186549,0.));
#1806=DIRECTION('center_axis',(0.,0.,1.));
#1807=DIRECTION('ref_axis',(-0.707106781186546,0.707106781186549,0.));
#1808=DIRECTION('',(0.,0.,1.));
#1809=DIRECTION('center_axis',(0.707106781186547,-0.707106781186548,0.));
#1810=DIRECTION('ref_axis',(0.707106781186548,0.707106781186547,0.));
#1811=DIRECTION('',(-0.707106781186548,-0.707106781186547,0.));
#1812=DIRECTION('',(0.,0.,1.));
#1813=DIRECTION('center_axis',(0.,0.,1.));
#1814=DIRECTION('ref_axis',(-3.7007434154172E-15,-1.,0.));
#1815=DIRECTION('center_axis',(0.,0.,1.));
#1816=DIRECTION('ref_axis',(-3.7007434154172E-15,-1.,0.));
#1817=DIRECTION('center_axis',(0.,0.,1.));
#1818=DIRECTION('ref_axis',(1.,0.,0.));
#1819=DIRECTION('center_axis',(0.,0.,1.));
#1820=DIRECTION('ref_axis',(1.,0.,0.));
#1821=DIRECTION('',(0.,0.,1.));
#1822=DIRECTION('center_axis',(0.,-1.,0.));
#1823=DIRECTION('ref_axis',(1.,0.,0.));
#1824=DIRECTION('',(-1.,0.,0.));
#1825=DIRECTION('',(0.,0.,1.));
#1826=DIRECTION('center_axis',(0.,0.,1.));
#1827=DIRECTION('ref_axis',(1.85037170770859E-15,1.,0.));
#1828=DIRECTION('center_axis',(0.,0.,1.));
#1829=DIRECTION('ref_axis',(1.85037170770859E-15,1.,0.));
#1830=DIRECTION('center_axis',(0.,0.,1.));
#1831=DIRECTION('ref_axis',(-5.92118946466729E-15,1.,0.));
#1832=DIRECTION('',(0.,0.,1.));
#1833=DIRECTION('center_axis',(0.,0.,1.));
#1834=DIRECTION('ref_axis',(1.,-2.96059473233376E-15,0.));
#1835=DIRECTION('center_axis',(0.,0.,1.));
#1836=DIRECTION('ref_axis',(2.96059473233374E-15,-1.,0.));
#1837=DIRECTION('center_axis',(0.,0.,1.));
#1838=DIRECTION('ref_axis',(-1.,3.70074341541719E-16,0.));
#1839=DIRECTION('',(0.,0.,1.));
#1840=DIRECTION('center_axis',(-1.,0.,0.));
#1841=DIRECTION('ref_axis',(0.,-1.,0.));
#1842=DIRECTION('',(0.,0.,1.));
#1843=DIRECTION('center_axis',(0.,0.,1.));
#1844=DIRECTION('ref_axis',(-0.707106781186549,0.707106781186546,0.));
#1845=DIRECTION('',(0.,0.,1.));
#1846=DIRECTION('center_axis',(-0.707106781186547,0.707106781186548,0.));
#1847=DIRECTION('ref_axis',(-0.707106781186548,-0.707106781186547,0.));
#1848=DIRECTION('center_axis',(0.,0.,1.));
#1849=DIRECTION('ref_axis',(1.,0.,0.));
#1850=DIRECTION('center_axis',(0.,0.,-1.));
#1851=DIRECTION('ref_axis',(1.,0.,0.));
#1852=DIRECTION('center_axis',(0.,0.,1.));
#1853=DIRECTION('ref_axis',(1.,0.,0.));
#1854=DIRECTION('',(0.707106781186546,-8.65956056235491E-17,0.707106781186549));
#1855=DIRECTION('center_axis',(0.,0.,-1.));
#1856=DIRECTION('ref_axis',(1.,0.,0.));
#1857=DIRECTION('center_axis',(0.,0.,1.));
#1858=DIRECTION('ref_axis',(1.,0.,0.));
#1859=DIRECTION('center_axis',(0.,0.,1.));
#1860=DIRECTION('ref_axis',(1.,0.,0.));
#1861=DIRECTION('',(0.,0.,-1.));
#1862=DIRECTION('center_axis',(0.,0.,1.));
#1863=DIRECTION('ref_axis',(1.,0.,0.));
#1864=DIRECTION('center_axis',(0.,0.,1.));
#1865=DIRECTION('ref_axis',(1.,0.,0.));
#1866=CARTESIAN_POINT('',(0.,0.,0.));
#1867=CARTESIAN_POINT('Origin',(82.55,55.2500008195639,12.5000001378357));
#1868=CARTESIAN_POINT('',(82.8,55.5000008195639,13.));
#1869=CARTESIAN_POINT('',(82.3,55.0000008195639,13.));
#1870=CARTESIAN_POINT('',(65.9999997951088,38.700000614673,13.));
#1871=CARTESIAN_POINT('',(82.3,55.0000008195639,12.0000001639128));
#1872=CARTESIAN_POINT('',(82.3,55.0000008195639,12.5000001378357));
#1873=CARTESIAN_POINT('',(82.8,55.5000008195639,12.0000001639128));
#1874=CARTESIAN_POINT('',(82.3,55.0000008195639,12.0000001639128));
#1875=CARTESIAN_POINT('',(82.8,55.5000008195639,12.5000001378357));
#1876=CARTESIAN_POINT('Origin',(82.55,54.0000008195639,12.0000001639128));
#1877=CARTESIAN_POINT('',(82.3,54.0000008195639,11.0000001639128));
#1878=CARTESIAN_POINT('Origin',(82.3,54.0000008195639,12.0000001639128));
#1879=CARTESIAN_POINT('',(82.8,54.0000008195639,10.5000001639128));
#1880=CARTESIAN_POINT('',(82.3,54.0000008195639,11.0000001639128));
#1881=CARTESIAN_POINT('Origin',(82.8,54.0000008195639,12.0000001639128));
#1882=CARTESIAN_POINT('Origin',(82.55,53.125,10.7500001639128));
#1883=CARTESIAN_POINT('',(82.3,44.5,11.0000001639128));
#1884=CARTESIAN_POINT('',(82.3,53.125,11.0000001639128));
#1885=CARTESIAN_POINT('',(82.8,44.5,10.5000001639128));
#1886=CARTESIAN_POINT('',(82.3,44.5,11.0000001639128));
#1887=CARTESIAN_POINT('',(82.8,53.125,10.5000001639128));
#1888=CARTESIAN_POINT('Origin',(82.55,44.5,12.0000001639128));
#1889=CARTESIAN_POINT('',(82.3,43.5,12.0000001639128));
#1890=CARTESIAN_POINT('Origin',(82.3,44.5,12.0000001639128));
#1891=CARTESIAN_POINT('',(82.8,43.,12.0000001639128));
#1892=CARTESIAN_POINT('',(82.3,43.5,12.0000001639128));
#1893=CARTESIAN_POINT('Origin',(82.8,44.5,12.0000001639128));
#1894=CARTESIAN_POINT('Origin',(82.55,43.25,11.5000001229346));
#1895=CARTESIAN_POINT('',(82.3,43.5,13.));
#1896=CARTESIAN_POINT('',(82.8,43.,13.));
#1897=CARTESIAN_POINT('',(75.0249999999996,50.7750000000001,13.));
#1898=CARTESIAN_POINT('',(82.8,43.,11.5000001229346));
#1899=CARTESIAN_POINT('',(82.3,43.5,11.5000001229346));
#1900=CARTESIAN_POINT('Origin',(86.8,44.5,12.0000001639128));
#1901=CARTESIAN_POINT('',(80.8,44.5,11.0000001639128));
#1902=CARTESIAN_POINT('',(86.8,44.5,11.0000001639128));
#1903=CARTESIAN_POINT('',(80.8,43.5,12.0000001639128));
#1904=CARTESIAN_POINT('Origin',(80.8,44.5,12.0000001639128));
#1905=CARTESIAN_POINT('',(86.8,43.5,12.0000001639128));
#1906=CARTESIAN_POINT('Origin',(90.8,57.,11.0000001639128));
#1907=CARTESIAN_POINT('',(80.8,54.0000008195639,11.0000001639128));
#1908=CARTESIAN_POINT('',(86.8,54.0000008195639,11.0000001639128));
#1909=CARTESIAN_POINT('',(80.8,57.5000004097819,11.0000001639128));
#1910=CARTESIAN_POINT('Origin',(86.8,54.0000008195639,12.0000001639128));
#1911=CARTESIAN_POINT('',(80.8,55.0000008195639,12.0000001639128));
#1912=CARTESIAN_POINT('',(86.8,55.0000008195639,12.0000001639128));
#1913=CARTESIAN_POINT('Origin',(80.8,54.0000008195639,12.0000001639128));
#1914=CARTESIAN_POINT('Origin',(82.8,55.0000008195639,13.0000001937151));
#1915=CARTESIAN_POINT('',(80.8,55.0000008195639,13.0000001937151));
#1916=CARTESIAN_POINT('',(61.6,55.0000008195639,13.));
#1917=CARTESIAN_POINT('',(80.8,55.0000008195639,6.50000009685755));
#1918=CARTESIAN_POINT('Origin',(90.3,57.5,6.5));
#1919=CARTESIAN_POINT('',(90.8,58.,13.));
#1920=CARTESIAN_POINT('',(89.8,57.,13.));
#1921=CARTESIAN_POINT('',(71.25,38.45,13.));
#1922=CARTESIAN_POINT('',(89.8,57.,11.0000001639128));
#1923=CARTESIAN_POINT('',(89.8,57.,6.5));
#1924=CARTESIAN_POINT('',(90.8,58.,11.0000001639128));
#1925=CARTESIAN_POINT('',(89.8,57.,11.0000001639128));
#1926=CARTESIAN_POINT('',(90.8,58.,6.5));
#1927=CARTESIAN_POINT('Origin',(90.3,54.9999999999998,11.0000001341104));
#1928=CARTESIAN_POINT('',(89.8,54.9999999999998,9.00000013411045));
#1929=CARTESIAN_POINT('Origin',(89.8,54.9999999999998,11.0000001341104));
#1930=CARTESIAN_POINT('',(90.8,54.9999999999998,8.00000013411045));
#1931=CARTESIAN_POINT('',(89.8,54.9999999999998,9.00000013411045));
#1932=CARTESIAN_POINT('Origin',(90.8,54.9999999999998,11.0000001341104));
#1933=CARTESIAN_POINT('Origin',(90.3,26.5000004246831,8.50000013411045));
#1934=CARTESIAN_POINT('',(89.8,43.5,9.00000013411045));
#1935=CARTESIAN_POINT('',(90.8,43.5,8.00000013411045));
#1936=CARTESIAN_POINT('',(89.8,43.5,9.00000013411045));
#1937=CARTESIAN_POINT('',(90.8,26.5000004246831,8.00000013411045));
#1938=CARTESIAN_POINT('',(89.8,26.5000004246831,9.00000013411045));
#1939=CARTESIAN_POINT('Origin',(90.3,43.5,11.0000001341105));
#1940=CARTESIAN_POINT('',(89.8,41.5,11.0000001341105));
#1941=CARTESIAN_POINT('Origin',(89.8,43.5,11.0000001341105));
#1942=CARTESIAN_POINT('',(90.8,40.5,11.0000001341105));
#1943=CARTESIAN_POINT('',(89.8,41.5,11.0000001341105));
#1944=CARTESIAN_POINT('Origin',(90.8,43.5,11.0000001341105));
#1945=CARTESIAN_POINT('Origin',(90.3,41.,5.50000008195639));
#1946=CARTESIAN_POINT('',(89.8,41.5,13.));
#1947=CARTESIAN_POINT('',(90.8,40.5,13.));
#1948=CARTESIAN_POINT('',(80.275,51.025,13.));
#1949=CARTESIAN_POINT('',(90.8,40.5,5.50000008195639));
#1950=CARTESIAN_POINT('',(89.8,41.5,5.50000008195639));
#1951=CARTESIAN_POINT('Origin',(90.8,43.5,11.0000001341105));
#1952=CARTESIAN_POINT('',(82.8,43.5,9.00000013411045));
#1953=CARTESIAN_POINT('',(90.8,43.5,9.00000013411045));
#1954=CARTESIAN_POINT('',(82.8,41.5,11.0000001341105));
#1955=CARTESIAN_POINT('Origin',(82.8,43.5,11.0000001341105));
#1956=CARTESIAN_POINT('',(90.8,41.5,11.0000001341105));
#1957=CARTESIAN_POINT('Origin',(90.8,57.0000008493662,9.00000013411045));
#1958=CARTESIAN_POINT('',(82.8,54.9999999999998,9.00000013411045));
#1959=CARTESIAN_POINT('',(90.8,54.9999999999998,9.00000013411045));
#1960=CARTESIAN_POINT('',(82.8,41.5,9.00000013411045));
#1961=CARTESIAN_POINT('Origin',(90.8,54.9999999999998,11.0000001341104));
#1962=CARTESIAN_POINT('',(82.8,57.,11.0000001639128));
#1963=CARTESIAN_POINT('',(90.8,57.,11.0000001639128));
#1964=CARTESIAN_POINT('Origin',(82.8,54.9999999999998,11.0000001341104));
#1965=CARTESIAN_POINT('Origin',(90.8,57.,13.));
#1966=CARTESIAN_POINT('',(82.8,57.,13.));
#1967=CARTESIAN_POINT('',(65.6,57.,13.));
#1968=CARTESIAN_POINT('',(82.8,57.,13.));
#1969=CARTESIAN_POINT('Origin',(82.8,49.25,12.0000000819564));
#1970=CARTESIAN_POINT('',(82.8,41.5,13.));
#1971=CARTESIAN_POINT('',(82.8,40.225,13.));
#1972=CARTESIAN_POINT('',(82.8,41.5,11.0000001639128));
#1973=CARTESIAN_POINT('',(82.8,40.225,13.));
#1974=CARTESIAN_POINT('Origin',(90.8,-4.,0.));
#1975=CARTESIAN_POINT('',(90.8,-4.,13.));
#1976=CARTESIAN_POINT('',(90.8,31.2,13.));
#1977=CARTESIAN_POINT('',(90.8,-4.,-3.31586624819934));
#1978=CARTESIAN_POINT('',(90.8,-4.,0.));
#1979=CARTESIAN_POINT('',(90.8,66.4,-9.47506816042439));
#1980=CARTESIAN_POINT('',(90.8,72.3999983817339,-10.));
#1981=CARTESIAN_POINT('',(90.8,66.4,13.));
#1982=CARTESIAN_POINT('',(90.8,66.4,0.));
#1983=CARTESIAN_POINT('',(90.8,31.2,13.));
#1984=CARTESIAN_POINT('Origin',(82.8,43.5,11.0000001639128));
#1985=CARTESIAN_POINT('',(80.8,43.5,13.));
#1986=CARTESIAN_POINT('',(80.8,43.5,5.50000008195639));
#1987=CARTESIAN_POINT('',(61.6,43.5,13.));
#1988=CARTESIAN_POINT('Origin',(40.4,31.2,13.));
#1989=CARTESIAN_POINT('',(80.8,2.4,13.));
#1990=CARTESIAN_POINT('',(80.8,2.4,13.));
#1991=CARTESIAN_POINT('',(78.4,0.,13.));
#1992=CARTESIAN_POINT('Origin',(78.4,2.39999999999999,13.));
#1993=CARTESIAN_POINT('',(2.4,0.,13.));
#1994=CARTESIAN_POINT('',(2.4,0.,13.));
#1995=CARTESIAN_POINT('',(2.77555756156289E-16,2.4,13.));
#1996=CARTESIAN_POINT('Origin',(2.4,2.4,13.));
#1997=CARTESIAN_POINT('',(5.82867087928207E-15,46.3482313139301,13.));
#1998=CARTESIAN_POINT('',(4.57966997657877E-15,43.5678874503046,13.));
#1999=CARTESIAN_POINT('',(0.70294372515229,48.0452875887778,13.));
#2000=CARTESIAN_POINT('Origin',(2.39999999999999,46.3482313139301,13.));
#2001=CARTESIAN_POINT('',(14.3547124112222,61.6970562748477,13.));
#2002=CARTESIAN_POINT('',(7.52882806818724,54.8711719318128,13.));
#2003=CARTESIAN_POINT('',(16.0517686860699,62.4,13.));
#2004=CARTESIAN_POINT('Origin',(16.0517686860699,60.,13.));
#2005=CARTESIAN_POINT('',(78.4,62.4,13.));
#2006=CARTESIAN_POINT('',(78.4,62.4,13.));
#2007=CARTESIAN_POINT('',(80.8,60.,13.));
#2008=CARTESIAN_POINT('Origin',(78.4,60.,13.));
#2009=CARTESIAN_POINT('',(80.8,2.4,13.));
#2010=CARTESIAN_POINT('',(84.8,72.4,13.));
#2011=CARTESIAN_POINT('Origin',(84.8,66.4,13.));
#2012=CARTESIAN_POINT('',(13.3575269518735,72.4,13.));
#2013=CARTESIAN_POINT('',(45.5851840070545,72.4,13.));
#2014=CARTESIAN_POINT('',(9.11488626475424,70.6426406871193,13.));
#2015=CARTESIAN_POINT('Origin',(13.3575269518736,66.3999999999998,13.));
#2016=CARTESIAN_POINT('',(-8.24264068711928,53.2851137352458,13.));
#2017=CARTESIAN_POINT('',(0.436122788817458,61.9638772111825,13.));
#2018=CARTESIAN_POINT('',(-10.,49.0424730481265,13.));
#2019=CARTESIAN_POINT('Origin',(-3.99999999999993,49.0424730481265,13.));
#2020=CARTESIAN_POINT('',(-10.,-4.,13.));
#2021=CARTESIAN_POINT('',(-10.,46.2188542494924,13.));
#2022=CARTESIAN_POINT('',(-4.,-10.,13.));
#2023=CARTESIAN_POINT('Origin',(-4.00000000000001,-4.00000000000001,13.));
#2024=CARTESIAN_POINT('',(84.8,-10.,13.));
#2025=CARTESIAN_POINT('',(-4.,-10.,13.));
#2026=CARTESIAN_POINT('Origin',(84.8,-3.99999999999999,13.));
#2027=CARTESIAN_POINT('',(65.6,41.5,13.));
#2028=CARTESIAN_POINT('',(-5.70000000000001,-4.00000000000001,13.));
#2029=CARTESIAN_POINT('Origin',(-4.00000000000001,-4.00000000000001,13.));
#2030=CARTESIAN_POINT('',(83.1,-3.99999999999999,13.));
#2031=CARTESIAN_POINT('Origin',(84.8,-3.99999999999999,13.));
#2032=CARTESIAN_POINT('',(-6.3802940365474,49.3026225969617,13.));
#2033=CARTESIAN_POINT('Origin',(-4.6802940365474,49.3026225969617,13.));
#2034=CARTESIAN_POINT('',(83.1,66.4,13.));
#2035=CARTESIAN_POINT('Origin',(84.8,66.4,13.));
#2036=CARTESIAN_POINT('',(11.3973774030384,67.0802940365474,13.));
#2037=CARTESIAN_POINT('Origin',(13.0973774030384,67.0802940365474,13.));
#2038=CARTESIAN_POINT('Origin',(80.8,60.,0.));
#2039=CARTESIAN_POINT('',(80.8,60.,3.));
#2040=CARTESIAN_POINT('',(80.8,60.,0.));
#2041=CARTESIAN_POINT('',(80.8,2.4,3.));
#2042=CARTESIAN_POINT('',(80.8,2.4,3.));
#2043=CARTESIAN_POINT('',(80.8,2.4,0.));
#2044=CARTESIAN_POINT('Origin',(90.8,41.5,11.0000001639128));
#2045=CARTESIAN_POINT('Origin',(80.8,60.,0.));
#2046=CARTESIAN_POINT('',(80.8,2.4,-3.87579369476526));
#2047=CARTESIAN_POINT('',(80.8,60.,-8.91514071385848));
#2048=CARTESIAN_POINT('',(80.8,65.8129747062155,-9.42371010201528));
#2049=CARTESIAN_POINT('',(80.8,2.4,0.));
#2050=CARTESIAN_POINT('',(80.8,2.4,0.));
#2051=CARTESIAN_POINT('',(80.8,60.,0.));
#2052=CARTESIAN_POINT('',(80.8,2.4,0.));
#2053=CARTESIAN_POINT('',(80.8,60.,0.));
#2054=CARTESIAN_POINT('Origin',(78.4,60.,0.));
#2055=CARTESIAN_POINT('',(78.4,62.4,-9.1251135063207));
#2056=CARTESIAN_POINT('Origin',(78.4,60.,-8.91514071385848));
#2057=CARTESIAN_POINT('',(78.4,62.4,0.));
#2058=CARTESIAN_POINT('Origin',(78.4,60.,0.));
#2059=CARTESIAN_POINT('',(78.4,62.4,0.));
#2060=CARTESIAN_POINT('Origin',(16.0517686860699,62.4,0.));
#2061=CARTESIAN_POINT('',(16.0517686860699,62.4,-9.1251135063207));
#2062=CARTESIAN_POINT('',(53.425884343035,62.4,-9.1251135063207));
#2063=CARTESIAN_POINT('',(16.0517686860699,62.4,0.));
#2064=CARTESIAN_POINT('',(78.4,62.4,0.));
#2065=CARTESIAN_POINT('',(16.0517686860699,62.4,0.));
#2066=CARTESIAN_POINT('Origin',(16.0517686860699,60.,0.));
#2067=CARTESIAN_POINT('',(14.3547124112222,61.6970562748477,-9.06361389927319));
#2068=CARTESIAN_POINT('Origin',(16.0517686860699,60.,-8.91514071385848));
#2069=CARTESIAN_POINT('',(14.3547124112222,61.6970562748477,0.));
#2070=CARTESIAN_POINT('Origin',(16.0517686860699,60.,0.));
#2071=CARTESIAN_POINT('',(14.3547124112222,61.6970562748477,0.));
#2072=CARTESIAN_POINT('Origin',(0.70294372515229,48.0452875887778,0.));
#2073=CARTESIAN_POINT('',(0.70294372515229,48.0452875887778,-7.86923890216388));
#2074=CARTESIAN_POINT('',(29.0817630342965,76.424106897922,-10.3520638759646));
#2075=CARTESIAN_POINT('',(0.70294372515229,48.0452875887778,0.));
#2076=CARTESIAN_POINT('',(7.52882806818724,54.8711719318128,0.));
#2077=CARTESIAN_POINT('',(0.70294372515229,48.0452875887778,0.));
#2078=CARTESIAN_POINT('Origin',(2.39999999999999,46.3482313139301,0.));
#2079=CARTESIAN_POINT('',(5.82867087928207E-15,46.3482313139301,-7.72076571674917));
#2080=CARTESIAN_POINT('Origin',(2.39999999999999,46.3482313139301,-7.72076571674917));
#2081=CARTESIAN_POINT('',(5.82867087928207E-15,46.3482313139301,0.));
#2082=CARTESIAN_POINT('Origin',(2.39999999999999,46.3482313139301,0.));
#2083=CARTESIAN_POINT('',(5.82867087928207E-15,46.3482313139301,0.));
#2084=CARTESIAN_POINT('Origin',(-1.39139880419546E-14,2.4,0.));
#2085=CARTESIAN_POINT('',(2.77555756156289E-16,2.4,-3.87579369476526));
#2086=CARTESIAN_POINT('',(-7.5584915427458E-17,37.2317430628397,-6.92317634361148));
#2087=CARTESIAN_POINT('',(2.77555756156289E-16,2.4,0.));
#2088=CARTESIAN_POINT('',(4.57966997657877E-15,43.5678874503046,0.));
#2089=CARTESIAN_POINT('',(2.77555756156289E-16,2.4,0.));
#2090=CARTESIAN_POINT('Origin',(2.4,2.4,0.));
#2091=CARTESIAN_POINT('',(2.4,0.,-3.66582090230304));
#2092=CARTESIAN_POINT('Origin',(2.4,2.4,-3.87579369476526));
#2093=CARTESIAN_POINT('',(2.4,0.,0.));
#2094=CARTESIAN_POINT('Origin',(2.4,2.4,0.));
#2095=CARTESIAN_POINT('',(2.4,0.,0.));
#2096=CARTESIAN_POINT('Origin',(78.4,-1.11022302462516E-15,0.));
#2097=CARTESIAN_POINT('',(78.4,-1.11022302462516E-15,-3.66582090230304));
#2098=CARTESIAN_POINT('',(84.6,2.49091661637486E-35,-3.66582090230304));
#2099=CARTESIAN_POINT('',(78.4,-1.11022302462516E-15,0.));
#2100=CARTESIAN_POINT('',(2.4,0.,0.));
#2101=CARTESIAN_POINT('',(78.4,-1.11022302462516E-15,0.));
#2102=CARTESIAN_POINT('Origin',(78.4,2.39999999999999,0.));
#2103=CARTESIAN_POINT('Origin',(78.4,2.39999999999999,-3.87579369476526));
#2104=CARTESIAN_POINT('Origin',(78.4,2.39999999999999,0.));
#2105=CARTESIAN_POINT('Origin',(40.4,31.2,0.));
#2106=CARTESIAN_POINT('Origin',(90.8,72.3999983817339,-10.));
#2107=CARTESIAN_POINT('',(-10.,49.0424730481265,-7.95648132528978));
#2108=CARTESIAN_POINT('',(-8.24264068711928,53.2851137352458,-8.32766428882655));
#2109=CARTESIAN_POINT('Origin',(-3.99999999999993,49.0424730481265,-7.95648132528978));
#2110=CARTESIAN_POINT('',(9.11488626475424,70.6426406871193,-9.84625112396117));
#2111=CARTESIAN_POINT('',(29.6847843668874,91.2125387892524,-11.6458840177812));
#2112=CARTESIAN_POINT('',(13.3575269518735,72.4,-10.0000001415799));
#2113=CARTESIAN_POINT('Origin',(13.3575269518736,66.3999999999998,-9.47506816042438));
#2114=CARTESIAN_POINT('',(84.8,72.3999983817339,-10.));
#2115=CARTESIAN_POINT('',(90.8,72.3999983817339,-10.));
#2116=CARTESIAN_POINT('Origin',(84.8,66.4,-9.4750681604244));
#2117=CARTESIAN_POINT('',(84.8,-9.99999977648258,-2.79093428659904));
#2118=CARTESIAN_POINT('Origin',(84.8,-4.,-3.31586624819934));
#2119=CARTESIAN_POINT('',(-4.,-9.99999977648258,-2.79093428659904));
#2120=CARTESIAN_POINT('',(90.8,-9.99999977648258,-2.79093428659904));
#2121=CARTESIAN_POINT('',(-10.,-4.,-3.31586624819934));
#2122=CARTESIAN_POINT('Origin',(-4.,-4.,-3.31586624819934));
#2123=CARTESIAN_POINT('',(-10.,72.3999983817339,-10.));
#2124=CARTESIAN_POINT('',(-7.20000000000001,-4.00000000000001,-3.31586624819934));
#2125=CARTESIAN_POINT('Origin',(-4.00000000000001,-4.00000000000001,-3.31586624819934));
#2126=CARTESIAN_POINT('',(81.6,-3.99999999999999,-3.31586624819935));
#2127=CARTESIAN_POINT('Origin',(84.8,-3.99999999999999,-3.31586624819935));
#2128=CARTESIAN_POINT('',(-7.8802940365474,49.3026225969617,-7.97924146163424));
#2129=CARTESIAN_POINT('Origin',(-4.6802940365474,49.3026225969617,-7.97924146163424));
#2130=CARTESIAN_POINT('',(81.6,66.4,-9.4750681604244));
#2131=CARTESIAN_POINT('Origin',(84.8,66.4,-9.4750681604244));
#2132=CARTESIAN_POINT('',(9.89737740303836,67.0802940365474,-9.53458617648658));
#2133=CARTESIAN_POINT('Origin',(13.0973774030384,67.0802940365474,-9.53458617648658));
#2134=CARTESIAN_POINT('Origin',(84.8,72.4,0.));
#2135=CARTESIAN_POINT('',(13.3575269518735,72.4,0.));
#2136=CARTESIAN_POINT('',(84.8,72.4,0.));
#2137=CARTESIAN_POINT('Origin',(-4.,-10.,0.));
#2138=CARTESIAN_POINT('',(84.8,-10.,0.));
#2139=CARTESIAN_POINT('',(-4.,-10.,0.));
#2140=CARTESIAN_POINT('Origin',(-4.00000000000001,-4.00000000000001,0.));
#2141=CARTESIAN_POINT('',(-7.20000000000001,-4.00000000000001,3.5));
#2142=CARTESIAN_POINT('',(-7.20000000000001,-4.00000000000001,0.));
#2143=CARTESIAN_POINT('Origin',(-4.00000000000001,-4.00000000000001,3.5));
#2144=CARTESIAN_POINT('Origin',(-4.00000000000001,-4.00000000000001,3.5));
#2145=CARTESIAN_POINT('',(-5.70000000000001,-4.00000000000001,3.5));
#2146=CARTESIAN_POINT('Origin',(-4.00000000000001,-4.00000000000001,3.5));
#2147=CARTESIAN_POINT('Origin',(84.8,-3.99999999999999,0.));
#2148=CARTESIAN_POINT('',(81.6,-3.99999999999999,3.5));
#2149=CARTESIAN_POINT('',(81.6,-3.99999999999999,0.));
#2150=CARTESIAN_POINT('Origin',(84.8,-3.99999999999999,3.5));
#2151=CARTESIAN_POINT('Origin',(84.8,-3.99999999999999,3.5));
#2152=CARTESIAN_POINT('',(83.1,-3.99999999999999,3.5));
#2153=CARTESIAN_POINT('Origin',(84.8,-3.99999999999999,3.5));
#2154=CARTESIAN_POINT('Origin',(-4.6802940365474,49.3026225969617,0.));
#2155=CARTESIAN_POINT('',(-7.8802940365474,49.3026225969617,3.5));
#2156=CARTESIAN_POINT('',(-7.8802940365474,49.3026225969617,0.));
#2157=CARTESIAN_POINT('Origin',(-4.6802940365474,49.3026225969617,3.5));
#2158=CARTESIAN_POINT('Origin',(-4.6802940365474,49.3026225969617,3.5));
#2159=CARTESIAN_POINT('',(-6.3802940365474,49.3026225969617,3.5));
#2160=CARTESIAN_POINT('Origin',(-4.6802940365474,49.3026225969617,3.5));
#2161=CARTESIAN_POINT('Origin',(84.8,66.4,0.));
#2162=CARTESIAN_POINT('',(81.6,66.4,3.5));
#2163=CARTESIAN_POINT('',(81.6,66.4,0.));
#2164=CARTESIAN_POINT('Origin',(84.8,66.4,3.5));
#2165=CARTESIAN_POINT('Origin',(84.8,66.4,3.5));
#2166=CARTESIAN_POINT('',(83.1,66.4,3.5));
#2167=CARTESIAN_POINT('Origin',(84.8,66.4,3.5));
#2168=CARTESIAN_POINT('Origin',(13.0973774030384,67.0802940365474,0.));
#2169=CARTESIAN_POINT('',(9.89737740303836,67.0802940365474,3.5));
#2170=CARTESIAN_POINT('',(9.89737740303836,67.0802940365474,0.));
#2171=CARTESIAN_POINT('Origin',(13.0973774030384,67.0802940365474,3.5));
#2172=CARTESIAN_POINT('Origin',(13.0973774030384,67.0802940365474,3.5));
#2173=CARTESIAN_POINT('',(11.3973774030384,67.0802940365474,3.5));
#2174=CARTESIAN_POINT('Origin',(13.0973774030384,67.0802940365474,3.5));
#2175=CARTESIAN_POINT('Origin',(13.0973774030384,67.0802940365474,0.));
#2176=CARTESIAN_POINT('',(11.3973774030384,67.0802940365474,0.));
#2177=CARTESIAN_POINT('Origin',(84.8,66.4,0.));
#2178=CARTESIAN_POINT('',(83.1,66.4,0.));
#2179=CARTESIAN_POINT('Origin',(-4.6802940365474,49.3026225969617,0.));
#2180=CARTESIAN_POINT('',(-6.3802940365474,49.3026225969617,0.));
#2181=CARTESIAN_POINT('Origin',(84.8,-3.99999999999999,0.));
#2182=CARTESIAN_POINT('',(83.1,-3.99999999999999,0.));
#2183=CARTESIAN_POINT('Origin',(-4.00000000000001,-4.00000000000001,0.));
#2184=CARTESIAN_POINT('',(-5.70000000000001,-4.00000000000001,0.));
#2185=CARTESIAN_POINT('Origin',(78.4,-1.11022302462516E-15,0.));
#2186=CARTESIAN_POINT('',(2.4,0.,3.));
#2187=CARTESIAN_POINT('',(78.4,0.,3.));
#2188=CARTESIAN_POINT('',(2.4,0.,3.));
#2189=CARTESIAN_POINT('',(2.4,0.,0.));
#2190=CARTESIAN_POINT('',(78.4,-1.11022302462516E-15,0.));
#2191=CARTESIAN_POINT('Origin',(2.4,2.4,0.));
#2192=CARTESIAN_POINT('',(0.,2.4,3.));
#2193=CARTESIAN_POINT('Origin',(2.4,2.4,3.));
#2194=CARTESIAN_POINT('',(2.77555756156289E-16,2.4,0.));
#2195=CARTESIAN_POINT('Origin',(-1.39139880419546E-14,2.4,0.));
#2196=CARTESIAN_POINT('',(6.66133814775094E-15,46.3482313139301,3.));
#2197=CARTESIAN_POINT('',(4.57966997657877E-15,43.5678874503046,3.));
#2198=CARTESIAN_POINT('',(5.82867087928207E-15,46.3482313139301,0.));
#2199=CARTESIAN_POINT('Origin',(2.39999999999999,46.3482313139301,0.));
#2200=CARTESIAN_POINT('',(0.70294372515229,48.0452875887778,3.));
#2201=CARTESIAN_POINT('Origin',(2.39999999999999,46.3482313139301,3.));
#2202=CARTESIAN_POINT('',(0.70294372515229,48.0452875887778,0.));
#2203=CARTESIAN_POINT('Origin',(0.70294372515229,48.0452875887778,0.));
#2204=CARTESIAN_POINT('',(14.3547124112222,61.6970562748477,3.));
#2205=CARTESIAN_POINT('',(7.52882806818724,54.8711719318128,3.));
#2206=CARTESIAN_POINT('',(14.3547124112222,61.6970562748477,0.));
#2207=CARTESIAN_POINT('Origin',(78.4,2.39999999999999,0.));
#2208=CARTESIAN_POINT('Origin',(78.4,2.39999999999999,3.));
#2209=CARTESIAN_POINT('Origin',(78.4,60.,0.));
#2210=CARTESIAN_POINT('',(78.4,62.4,3.));
#2211=CARTESIAN_POINT('Origin',(78.4,60.,3.));
#2212=CARTESIAN_POINT('',(78.4,62.4,0.));
#2213=CARTESIAN_POINT('Origin',(16.0517686860699,62.4,0.));
#2214=CARTESIAN_POINT('',(16.0517686860699,62.4,3.));
#2215=CARTESIAN_POINT('',(78.4,62.4,3.));
#2216=CARTESIAN_POINT('',(16.0517686860699,62.4,0.));
#2217=CARTESIAN_POINT('Origin',(16.0517686860699,60.,0.));
#2218=CARTESIAN_POINT('Origin',(16.0517686860699,60.,3.));
#2219=CARTESIAN_POINT('Origin',(13.3575269518736,66.3999999999998,0.));
#2220=CARTESIAN_POINT('',(9.11488626475424,70.6426406871193,0.));
#2221=CARTESIAN_POINT('Origin',(84.8,66.4,0.));
#2222=CARTESIAN_POINT('Origin',(84.8,-3.99999999999999,0.));
#2223=CARTESIAN_POINT('Origin',(-4.00000000000001,-4.00000000000001,0.));
#2224=CARTESIAN_POINT('',(-10.,-4.,0.));
#2225=CARTESIAN_POINT('Origin',(-10.,49.0424730481265,0.));
#2226=CARTESIAN_POINT('',(-10.,49.0424730481265,0.));
#2227=CARTESIAN_POINT('Origin',(-3.99999999999993,49.0424730481265,0.));
#2228=CARTESIAN_POINT('',(-8.24264068711928,53.2851137352458,0.));
#2229=CARTESIAN_POINT('Origin',(9.11488626475424,70.6426406871193,0.));
#2230=CARTESIAN_POINT('Origin',(40.4,31.2,3.));
#2231=CARTESIAN_POINT('Origin',(40.4,22.,9.45));
#2232=CARTESIAN_POINT('',(38.4,22.,9.2));
#2233=CARTESIAN_POINT('Origin',(40.4,22.,9.2));
#2234=CARTESIAN_POINT('',(38.9,22.,9.7));
#2235=CARTESIAN_POINT('',(38.65,22.,9.45));
#2236=CARTESIAN_POINT('Origin',(40.4,22.,9.7));
#2237=CARTESIAN_POINT('Origin',(40.4,22.,9.7));
#2238=CARTESIAN_POINT('Origin',(40.4,22.,0.));
#2239=CARTESIAN_POINT('',(38.4,22.,0.));
#2240=CARTESIAN_POINT('',(38.4,22.,0.));
#2241=CARTESIAN_POINT('Origin',(40.4,22.,0.));
#2242=CARTESIAN_POINT('Origin',(40.4,22.,0.));
#2243=UNCERTAINTY_MEASURE_WITH_UNIT(LENGTH_MEASURE(0.01),#2247,
'DISTANCE_ACCURACY_VALUE',
'Maximum model space distance between geometric entities at asserted c
onnectivities');
#2244=UNCERTAINTY_MEASURE_WITH_UNIT(LENGTH_MEASURE(0.01),#2247,
'DISTANCE_ACCURACY_VALUE',
'Maximum model space distance between geometric entities at asserted c
onnectivities');
#2245=(
GEOMETRIC_REPRESENTATION_CONTEXT(3)
GLOBAL_UNCERTAINTY_ASSIGNED_CONTEXT((#2243))
GLOBAL_UNIT_ASSIGNED_CONTEXT((#2247,#2249,#2250))
REPRESENTATION_CONTEXT('','3D')
);
#2246=(
GEOMETRIC_REPRESENTATION_CONTEXT(3)
GLOBAL_UNCERTAINTY_ASSIGNED_CONTEXT((#2244))
GLOBAL_UNIT_ASSIGNED_CONTEXT((#2247,#2249,#2250))
REPRESENTATION_CONTEXT('','3D')
);
#2247=(
LENGTH_UNIT()
NAMED_UNIT(*)
SI_UNIT(.MILLI.,.METRE.)
);
#2248=(
LENGTH_UNIT()
NAMED_UNIT(*)
SI_UNIT($,.METRE.)
);
#2249=(
NAMED_UNIT(*)
PLANE_ANGLE_UNIT()
SI_UNIT($,.RADIAN.)
);
#2250=(
NAMED_UNIT(*)
SI_UNIT($,.STERADIAN.)
SOLID_ANGLE_UNIT()
);
#2251=SHAPE_DEFINITION_REPRESENTATION(#2252,#2253);
#2252=PRODUCT_DEFINITION_SHAPE('',$,#2255);
#2253=SHAPE_REPRESENTATION('',(#1328),#2245);
#2254=PRODUCT_DEFINITION_CONTEXT('part definition',#2259,'design');
#2255=PRODUCT_DEFINITION('2026-08-15-17-56-48-691','Bottom',#2256,#2254);
#2256=PRODUCT_DEFINITION_FORMATION('',$,#2261);
#2257=PRODUCT_RELATED_PRODUCT_CATEGORY('Bottom','Bottom',(#2261));
#2258=APPLICATION_PROTOCOL_DEFINITION('international standard',
'automotive_design',2009,#2259);
#2259=APPLICATION_CONTEXT(
'Core Data for Automotive Mechanical Design Process');
#2260=PRODUCT_CONTEXT('part definition',#2259,'mechanical');
#2261=PRODUCT('2026-08-15-17-56-48-691','Bottom',$,(#2260));
#2262=PRESENTATION_STYLE_ASSIGNMENT((#2263));
#2263=SURFACE_STYLE_USAGE(.BOTH.,#2264);
#2264=SURFACE_SIDE_STYLE('',(#2265));
#2265=SURFACE_STYLE_FILL_AREA(#2266);
#2266=FILL_AREA_STYLE('Steel - Satin',(#2267));
#2267=FILL_AREA_STYLE_COLOUR('Steel - Satin',#2268);
#2268=COLOUR_RGB('Steel - Satin',0.627450980392157,0.627450980392157,0.627450980392157);
ENDSEC;
END-ISO-10303-21;
