ISO-10303-21;
HEADER;
/* Generated by software containing ST-Developer
 * from STEP Tools, Inc. (www.steptools.com) 
 */

FILE_DESCRIPTION(
/* description */ (''),
/* implementation_level */ '2;1');

FILE_NAME(
/* name */ 'Knob.step',
/* time_stamp */ '2026-10-03T13:33:11-04:00',
/* author */ (''),
/* organization */ (''),
/* preprocessor_version */ 'ST-DEVELOPER v20.2',
/* originating_system */ 'Autodesk Translation Framework v15.15.0.0',
/* authorisation */ '');

FILE_SCHEMA (('AUTOMOTIVE_DESIGN { 1 0 10303 214 3 1 1 }'));
ENDSEC;

DATA;
#10=MECHANICAL_DESIGN_GEOMETRIC_PRESENTATION_REPRESENTATION('',(#13),#3073);
#11=SHAPE_REPRESENTATION_RELATIONSHIP('SRR','None',#3080,#12);
#12=ADVANCED_BREP_SHAPE_REPRESENTATION('',(#14),#3072);
#13=STYLED_ITEM('',(#3089),#14);
#14=MANIFOLD_SOLID_BREP('Body1',#254);
#15=CYLINDRICAL_SURFACE('',#281,3.);
#16=LINE('',#2805,#24);
#17=LINE('',#2897,#25);
#18=LINE('',#2898,#26);
#19=LINE('',#2912,#27);
#20=LINE('',#2916,#28);
#21=LINE('',#2930,#29);
#22=LINE('',#2932,#30);
#23=LINE('',#2933,#31);
#24=VECTOR('',#300,10.);
#25=VECTOR('',#303,6.943368093);
#26=VECTOR('',#304,6.355818221);
#27=VECTOR('',#307,6.46453202);
#28=VECTOR('',#310,2.79818323);
#29=VECTOR('',#319,9.);
#30=VECTOR('',#320,5.275398505);
#31=VECTOR('',#321,9.);
#32=(
BOUNDED_CURVE()
B_SPLINE_CURVE(2,(#2598,#2599,#2600),.UNSPECIFIED.,.F.,.F.)
B_SPLINE_CURVE_WITH_KNOTS((3,3),(0.0956139024510233,0.80920863999969),
 .UNSPECIFIED.)
CURVE()
GEOMETRIC_REPRESENTATION_ITEM()
RATIONAL_B_SPLINE_CURVE((1.,1.,1.))
REPRESENTATION_ITEM('')
);
#33=(
BOUNDED_CURVE()
B_SPLINE_CURVE(2,(#2603,#2604,#2605),.UNSPECIFIED.,.F.,.F.)
B_SPLINE_CURVE_WITH_KNOTS((3,3),(0.0956139024393941,0.80920863999969),
 .UNSPECIFIED.)
CURVE()
GEOMETRIC_REPRESENTATION_ITEM()
RATIONAL_B_SPLINE_CURVE((1.,1.,1.))
REPRESENTATION_ITEM('')
);
#34=(
BOUNDED_CURVE()
B_SPLINE_CURVE(2,(#2922,#2923,#2924),.UNSPECIFIED.,.F.,.F.)
B_SPLINE_CURVE_WITH_KNOTS((3,3),(0.580998791475602,0.944229276804864),
 .UNSPECIFIED.)
CURVE()
GEOMETRIC_REPRESENTATION_ITEM()
RATIONAL_B_SPLINE_CURVE((3.25775654236528,3.82152814652443,4.20776814915815))
REPRESENTATION_ITEM('')
);
#35=(
BOUNDED_CURVE()
B_SPLINE_CURVE(2,(#2925,#2926,#2927),.UNSPECIFIED.,.F.,.F.)
B_SPLINE_CURVE_WITH_KNOTS((3,3),(-0.944229276804852,-0.580998791593098),
 .UNSPECIFIED.)
CURVE()
GEOMETRIC_REPRESENTATION_ITEM()
RATIONAL_B_SPLINE_CURVE((4.20776814915812,3.82152814664935,3.25775654273001))
REPRESENTATION_ITEM('')
);
#36=(
BOUNDED_CURVE()
B_SPLINE_CURVE(2,(#3063,#3064,#3065),.UNSPECIFIED.,.F.,.F.)
B_SPLINE_CURVE_WITH_KNOTS((3,3),(0.159423750604584,0.369123414709746),
 .UNSPECIFIED.)
CURVE()
GEOMETRIC_REPRESENTATION_ITEM()
RATIONAL_B_SPLINE_CURVE((1.,1.,1.))
REPRESENTATION_ITEM('')
);
#37=(
BOUNDED_CURVE()
B_SPLINE_CURVE(2,(#3066,#3067,#3068),.UNSPECIFIED.,.F.,.F.)
B_SPLINE_CURVE_WITH_KNOTS((3,3),(0.153897329941579,0.363529163287504),
 .UNSPECIFIED.)
CURVE()
GEOMETRIC_REPRESENTATION_ITEM()
RATIONAL_B_SPLINE_CURVE((1.,1.,1.))
REPRESENTATION_ITEM('')
);
#38=CIRCLE('',#272,4.);
#39=CIRCLE('',#273,4.621802061);
#40=CIRCLE('',#277,2.);
#41=CIRCLE('',#279,3.);
#42=CIRCLE('',#282,3.);
#43=CONICAL_SURFACE('',#271,4.,0.0872664625997165);
#44=CONICAL_SURFACE('',#278,2.,0.785398163397448);
#45=CONICAL_SURFACE('',#285,4.621802061,0.69107524160587);
#46=FACE_BOUND('',#75,.T.);
#47=FACE_BOUND('',#87,.T.);
#48=ELLIPSE('',#269,7.62269204912674,6.77663258112929);
#49=PLANE('',#268);
#50=PLANE('',#270);
#51=PLANE('',#274);
#52=PLANE('',#275);
#53=PLANE('',#276);
#54=PLANE('',#280);
#55=PLANE('',#283);
#56=PLANE('',#284);
#57=FACE_OUTER_BOUND('',#73,.T.);
#58=FACE_OUTER_BOUND('',#74,.T.);
#59=FACE_OUTER_BOUND('',#76,.T.);
#60=FACE_OUTER_BOUND('',#77,.T.);
#61=FACE_OUTER_BOUND('',#78,.T.);
#62=FACE_OUTER_BOUND('',#79,.T.);
#63=FACE_OUTER_BOUND('',#80,.T.);
#64=FACE_OUTER_BOUND('',#81,.T.);
#65=FACE_OUTER_BOUND('',#82,.T.);
#66=FACE_OUTER_BOUND('',#83,.T.);
#67=FACE_OUTER_BOUND('',#84,.T.);
#68=FACE_OUTER_BOUND('',#85,.T.);
#69=FACE_OUTER_BOUND('',#86,.T.);
#70=FACE_OUTER_BOUND('',#88,.T.);
#71=FACE_OUTER_BOUND('',#89,.T.);
#72=FACE_OUTER_BOUND('',#90,.T.);
#73=EDGE_LOOP('',(#164,#165,#166,#167,#168));
#74=EDGE_LOOP('',(#169));
#75=EDGE_LOOP('',(#170,#171));
#76=EDGE_LOOP('',(#172));
#77=EDGE_LOOP('',(#173,#174,#175,#176,#177));
#78=EDGE_LOOP('',(#178,#179,#180,#181));
#79=EDGE_LOOP('',(#182,#183,#184,#185,#186,#187));
#80=EDGE_LOOP('',(#188,#189,#190,#191));
#81=EDGE_LOOP('',(#192,#193));
#82=EDGE_LOOP('',(#194,#195));
#83=EDGE_LOOP('',(#196,#197,#198,#199));
#84=EDGE_LOOP('',(#200,#201,#202,#203,#204,#205));
#85=EDGE_LOOP('',(#206,#207,#208,#209));
#86=EDGE_LOOP('',(#210,#211));
#87=EDGE_LOOP('',(#212,#213));
#88=EDGE_LOOP('',(#214,#215,#216,#217,#218,#219,#220,#221,#222));
#89=EDGE_LOOP('',(#223,#224,#225,#226,#227,#228));
#90=EDGE_LOOP('',(#229,#230,#231,#232,#233));
#91=B_SPLINE_CURVE_WITH_KNOTS('',3,(#475,#476,#477,#478),.UNSPECIFIED.,
 .F.,.F.,(4,4),(-0.996586389455374,0.),.UNSPECIFIED.);
#92=B_SPLINE_CURVE_WITH_KNOTS('',3,(#479,#480,#481,#482,#483,#484,#485,
#486,#487,#488,#489,#490,#491,#492,#493,#494,#495,#496,#497,#498,#499,#500,
#501,#502,#503,#504,#505,#506,#507,#508,#509,#510,#511,#512,#513,#514,#515,
#516,#517),.UNSPECIFIED.,.T.,.F.,(4,2,2,2,2,2,2,2,2,3,2,2,2,2,2,2,2,2,4),
(-2.99033978291632,-2.95964502771939,-2.58971759710643,-2.21986132370931,
-1.85004995766433,-1.48024777762769,-1.11040820211427,-0.740472155943515,
-0.370366149226882,0.,0.213183532381708,0.425984405646173,0.796563526094141,
1.16707049806806,1.53749104965428,1.90781472066875,2.27803537698765,2.64815180367647,
2.98747361083506),.UNSPECIFIED.);
#93=B_SPLINE_CURVE_WITH_KNOTS('',3,(#519,#520,#521,#522,#523,#524,#525),
 .UNSPECIFIED.,.F.,.F.,(4,3,4),(0.0411649270042205,0.041244411,0.042574876),
 .UNSPECIFIED.);
#94=B_SPLINE_CURVE_WITH_KNOTS('',3,(#526,#527,#528,#529,#530,#531,#532,
#533,#534,#535,#536,#537,#538,#539,#540,#541,#542,#543,#544,#545,#546,#547,
#548,#549,#550,#551,#552,#553,#554,#555,#556,#557,#558,#559,#560,#561,#562,
#563,#564,#565,#566,#567,#568,#569,#570,#571,#572,#573,#574,#575,#576,#577,
#578,#579,#580,#581,#582,#583,#584,#585,#586,#587,#588,#589,#590,#591,#592,
#593,#594,#595,#596,#597,#598,#599,#600,#601,#602,#603,#604,#605,#606,#607,
#608,#609,#610,#611,#612,#613,#614,#615,#616,#617,#618,#619,#620,#621,#622,
#623,#624,#625,#626,#627,#628,#629,#630,#631,#632,#633,#634,#635,#636,#637,
#638,#639,#640,#641,#642,#643,#644,#645,#646,#647,#648,#649,#650,#651,#652,
#653,#654,#655,#656,#657,#658,#659,#660,#661,#662,#663,#664,#665,#666,#667,
#668,#669,#670,#671,#672,#673,#674,#675,#676,#677,#678,#679,#680,#681,#682,
#683,#684,#685,#686,#687,#688,#689,#690,#691,#692,#693,#694,#695,#696,#697,
#698,#699,#700,#701,#702,#703),.UNSPECIFIED.,.F.,.F.,(4,3,3,3,3,3,3,3,3,
3,3,3,3,3,3,3,3,3,3,3,3,3,3,3,3,3,3,3,3,3,3,3,3,3,3,3,3,3,3,3,3,3,3,3,3,
3,3,3,3,3,3,3,3,3,3,3,3,3,3,4),(0.,0.001330465,0.001995697,0.00266093,0.003991395,
0.0043240109899716,0.004656627,0.00532185966666667,0.006652324,0.00698494080780162,
0.00731755683367507,0.007982789,0.008648022,0.00898063798181669,0.009313254,
0.010643719,0.011308951,0.0116415678296322,0.0119741838224506,0.013304649,
0.0136372650185086,0.013969881,0.014635114,0.0159655786112221,0.016630811353614,
0.017296043,0.017961276,0.018626508,0.0199569728885739,0.0206222057779931,
0.021287438,0.0219526702224234,0.022617903,0.023948368,0.0246136,0.025278833,
0.0259440654517533,0.0266092977224125,0.027939762,0.028604995,0.0289376109821408,
0.029270227,0.030600692,0.0309333081699896,0.031265925,0.031931157,0.033261622,
0.0335942380180184,0.033926854,0.034592087,0.035257319,0.0355899351895723,
0.035922552,0.0372530166666667,0.037918249,0.0382508650026768,0.038583481,
0.039913946,0.040579179,0.0411649270042205),.UNSPECIFIED.);
#95=B_SPLINE_CURVE_WITH_KNOTS('',3,(#708,#709,#710,#711,#712,#713,#714,
#715,#716,#717,#718,#719,#720,#721,#722,#723,#724,#725,#726,#727,#728,#729,
#730,#731,#732,#733,#734,#735,#736,#737,#738,#739,#740,#741,#742,#743,#744,
#745,#746,#747,#748,#749,#750,#751,#752,#753,#754,#755,#756,#757,#758,#759,
#760,#761,#762,#763,#764,#765,#766,#767,#768,#769,#770,#771,#772,#773,#774,
#775,#776,#777,#778,#779,#780,#781,#782,#783,#784,#785,#786,#787,#788,#789,
#790,#791,#792,#793,#794,#795,#796,#797,#798,#799,#800,#801,#802,#803,#804,
#805,#806,#807,#808,#809,#810,#811,#812,#813,#814,#815,#816,#817,#818,#819,
#820,#821,#822,#823,#824,#825,#826,#827,#828,#829,#830,#831,#832,#833,#834,
#835,#836,#837,#838,#839,#840,#841,#842,#843,#844,#845,#846,#847,#848,#849,
#850,#851,#852,#853,#854,#855,#856,#857,#858,#859,#860,#861,#862,#863,#864,
#865,#866,#867,#868,#869,#870,#871,#872,#873,#874,#875,#876,#877,#878,#879,
#880,#881,#882,#883,#884,#885,#886,#887,#888,#889,#890,#891,#892,#893,#894,
#895,#896,#897,#898,#899,#900,#901,#902,#903,#904,#905,#906,#907,#908,#909,
#910,#911,#912,#913,#914,#915,#916,#917,#918,#919,#920,#921,#922,#923,#924,
#925,#926,#927,#928,#929,#930,#931,#932,#933,#934,#935,#936,#937,#938,#939,
#940,#941,#942,#943,#944,#945,#946,#947,#948,#949,#950,#951,#952,#953,#954,
#955,#956,#957,#958,#959,#960,#961,#962,#963,#964,#965,#966,#967,#968,#969,
#970,#971,#972,#973,#974,#975,#976,#977,#978,#979,#980,#981,#982,#983,#984,
#985,#986,#987,#988,#989,#990,#991,#992,#993,#994,#995,#996,#997,#998,#999,
#1000,#1001,#1002,#1003,#1004,#1005,#1006,#1007,#1008,#1009,#1010,#1011,
#1012,#1013,#1014,#1015,#1016,#1017,#1018,#1019,#1020,#1021,#1022,#1023,
#1024,#1025,#1026,#1027,#1028,#1029,#1030,#1031,#1032,#1033,#1034,#1035,
#1036,#1037,#1038,#1039,#1040,#1041,#1042,#1043,#1044,#1045,#1046,#1047,
#1048,#1049,#1050,#1051,#1052,#1053,#1054,#1055,#1056,#1057,#1058,#1059,
#1060,#1061,#1062,#1063,#1064,#1065,#1066,#1067,#1068,#1069,#1070,#1071,
#1072,#1073,#1074,#1075,#1076,#1077,#1078,#1079,#1080,#1081,#1082,#1083,
#1084,#1085,#1086,#1087,#1088,#1089,#1090,#1091,#1092,#1093,#1094,#1095,
#1096,#1097,#1098,#1099,#1100,#1101,#1102,#1103,#1104,#1105,#1106,#1107,
#1108,#1109,#1110,#1111,#1112,#1113,#1114,#1115,#1116,#1117,#1118,#1119,
#1120,#1121,#1122,#1123,#1124,#1125,#1126,#1127,#1128,#1129,#1130,#1131,
#1132,#1133,#1134,#1135,#1136,#1137,#1138,#1139,#1140,#1141,#1142,#1143,
#1144,#1145,#1146,#1147,#1148,#1149,#1150,#1151,#1152,#1153,#1154,#1155,
#1156,#1157,#1158,#1159,#1160,#1161,#1162,#1163,#1164,#1165,#1166,#1167,
#1168,#1169,#1170,#1171,#1172,#1173,#1174,#1175,#1176),.UNSPECIFIED.,.F.,
 .F.,(4,3,3,3,3,3,3,3,3,3,3,3,3,3,3,3,3,3,3,3,3,3,3,3,3,3,3,3,3,3,3,3,3,
3,3,3,3,3,3,3,3,3,3,3,3,3,3,3,3,3,3,3,3,3,3,3,3,3,3,3,3,3,3,3,3,3,3,3,3,
3,3,3,3,3,3,3,3,3,3,3,3,3,3,3,3,3,3,3,3,3,3,3,3,3,3,3,3,3,3,3,3,3,3,3,3,
3,3,3,3,3,3,3,3,3,3,3,3,3,3,3,3,3,3,3,3,3,3,3,3,3,3,3,3,3,3,3,3,3,3,3,3,
3,3,3,3,3,3,3,3,3,3,3,3,3,3,3,4),(0.000810733935234862,0.0012428979598786,
0.0015742,0.00202726577473669,0.0023613,0.00238923607477064,0.00270902208210561,
0.00303038271420294,0.0031484,0.00359961428834718,0.00396181811476669,0.00441360125464983,
0.0047226,0.00508105088610775,0.00543759087832997,0.0055097,0.00553517321141602,
0.00598702922790279,0.0062968,0.00673006592474292,0.00711439244421818,0.0075503943735808,
0.007871,0.00819380196870875,0.0085192878301092,0.0086581,0.00868486241922371,
0.00913389850354696,0.0094452,0.0098976215468241,0.0102323,0.0102632355819805,
0.0105941434802804,0.0109243659706868,0.0110194,0.011473196348647,0.0118348138989944,
0.0122852595637073,0.0125936,0.0130270846140805,0.0133807,0.013411652369134,
0.013789726184567,0.0141678,0.0146163201815377,0.0149848166516314,0.0154385776692259,
0.015742,0.0160631314912588,0.0163847475561048,0.0165291,0.016556761369393,
0.017007313776258,0.0173162,0.0177638931729801,0.0181354488632915,0.0185278370501196,
0.0188221281902407,0.018885691895169,0.0189282000829376,0.0193662267592384,
0.0197050016106039,0.0201384735985456,0.0204646,0.0209182466167297,0.0212517,
0.0212849170812978,0.0215993101034658,0.0219150937708391,0.0220388,0.0224893714845738,
0.0228566983987633,0.0233084739158067,0.023613,0.024023372007259,0.0244001,
0.0244302794045832,0.0248813824125799,0.0251872,0.0256211285371049,0.0260087715200053,
0.0264449839823893,0.0267614,0.027073979994501,0.0273890196050078,0.0275485,
0.0275795005631847,0.0280276067243448,0.0283356,0.0287883323074671,0.0291227,
0.0291577469083084,0.029505463482661,0.0298524029636265,0.029909799,0.0303632772660838,
0.0307289430726999,0.0311796095686005,0.031483999,0.0319192807289699,0.032271099,
0.0323064312651519,0.0326389563851663,0.0329750651986729,0.033058199,0.033506012397087,
0.0338787094056615,0.0343322687351815,0.034632399,0.0349611407574873,0.0352903167604134,
0.035419499,0.0354508647372105,0.035900665911494,0.036206599,0.0366551976074339,
0.0370291755249918,0.0374677113387189,0.037780799,0.0382476415649641,0.038567899,
0.0385984469979791,0.0390409620312101,0.039354999,0.0398088146558889,0.040142099,
0.0401784390484384,0.0404954281229912,0.0408137348611962,0.040929199,0.0413792525652649,
0.0417497760028866,0.0422015435645814,0.042503399,0.0429138437991727,0.0433242885983453,
0.0437202913600591,0.044077599,0.0445120991437778,0.0449014794237492,0.0453378146504721,
0.045651799,0.0459601837931684,0.0462708719393673,0.046438899,0.046472513481988,
0.046919636042652,0.047225999,0.047678978449592,0.048013099,0.0480505578523608,
0.0484650195367035,0.048800199,0.0492495997374855,0.0496176683548239,0.0500602005907411,
0.050374399),.UNSPECIFIED.);
#96=B_SPLINE_CURVE_WITH_KNOTS('',3,(#1179,#1180,#1181,#1182,#1183,#1184,
#1185,#1186,#1187,#1188,#1189,#1190,#1191,#1192,#1193,#1194,#1195,#1196,
#1197,#1198,#1199,#1200,#1201,#1202,#1203,#1204,#1205,#1206,#1207,#1208,
#1209,#1210,#1211,#1212,#1213,#1214,#1215,#1216,#1217,#1218,#1219,#1220,
#1221,#1222,#1223,#1224,#1225,#1226,#1227,#1228,#1229,#1230,#1231,#1232,
#1233,#1234,#1235,#1236,#1237,#1238,#1239,#1240,#1241,#1242,#1243,#1244,
#1245,#1246,#1247,#1248,#1249,#1250,#1251,#1252,#1253,#1254,#1255,#1256,
#1257,#1258,#1259,#1260,#1261,#1262,#1263,#1264,#1265,#1266,#1267,#1268,
#1269,#1270,#1271,#1272,#1273,#1274,#1275,#1276,#1277,#1278,#1279,#1280,
#1281,#1282,#1283,#1284,#1285,#1286,#1287,#1288,#1289,#1290,#1291,#1292,
#1293,#1294,#1295,#1296,#1297,#1298,#1299,#1300,#1301,#1302,#1303,#1304,
#1305,#1306,#1307,#1308,#1309,#1310,#1311,#1312,#1313,#1314,#1315,#1316,
#1317,#1318,#1319,#1320,#1321,#1322,#1323,#1324,#1325,#1326,#1327,#1328,
#1329,#1330,#1331,#1332,#1333,#1334,#1335,#1336,#1337,#1338,#1339,#1340,
#1341,#1342,#1343,#1344,#1345,#1346,#1347,#1348,#1349,#1350,#1351,#1352,
#1353,#1354,#1355,#1356,#1357,#1358,#1359),.UNSPECIFIED.,.T.,.F.,(4,3,3,
3,3,3,3,3,3,3,3,3,3,3,3,3,3,3,3,3,3,3,3,3,3,3,3,3,3,3,3,3,3,3,3,3,3,3,3,
3,3,3,3,3,3,3,3,3,3,3,3,3,3,3,3,3,3,3,3,3,4),(0.,0.001330465,0.001995697,
0.00266093,0.003991395,0.00432401101784107,0.004656627,0.00532186,0.006652324,
0.00698494082473122,0.00731755683370409,0.007982789,0.008648022,0.00898063798212046,
0.009313254,0.010643719,0.011308951,0.0116415678295907,0.0119741838218735,
0.013304649,0.0136372650178023,0.013969881,0.014635114,0.015965579,0.016630811019844,
0.017296043,0.017961276,0.018626508,0.0199569728887525,0.0206222057779523,
0.021287438,0.0219526702216698,0.022617903,0.023948368,0.0246136,0.025278833,
0.0259440651184445,0.026609298,0.027939762,0.028604995,0.0289376109819783,
0.029270227,0.030600692,0.0309333081701123,0.031265925,0.031931157,0.033261622,
0.0335942380178191,0.033926854,0.034592087,0.035257319,0.0355899352068413,
0.035922552,0.037253017,0.037918249,0.0382508650303006,0.038583481,0.039913946,
0.040579179,0.041244411,0.042574876),.UNSPECIFIED.);
#97=B_SPLINE_CURVE_WITH_KNOTS('',3,(#2580,#2581,#2582,#2583,#2584,#2585,
#2586,#2587,#2588,#2589,#2590,#2591,#2592),.UNSPECIFIED.,.F.,.F.,(4,3,3,
3,4),(0.,0.25,0.5,0.75,1.),.UNSPECIFIED.);
#98=B_SPLINE_CURVE_WITH_KNOTS('',3,(#2807,#2808,#2809,#2810,#2811,#2812,
#2813,#2814,#2815,#2816,#2817,#2818,#2819,#2820,#2821,#2822,#2823,#2824,
#2825,#2826,#2827,#2828,#2829,#2830,#2831,#2832,#2833,#2834,#2835,#2836,
#2837,#2838,#2839,#2840,#2841,#2842,#2843,#2844,#2845,#2846,#2847,#2848,
#2849,#2850,#2851,#2852),.UNSPECIFIED.,.F.,.F.,(4,2,2,3,3,3,2,3,3,3,3,3,
3,2,2,3,2,4),(0.499992688998149,0.5,0.53125,0.5625,0.59375,0.625,0.65625,
0.6875,0.71875,0.75,0.78125,0.8125,0.84375,0.875,0.90625,0.9375,0.96875,
1.),.UNSPECIFIED.);
#99=B_SPLINE_CURVE_WITH_KNOTS('',3,(#2853,#2854,#2855,#2856,#2857,#2858,
#2859,#2860,#2861,#2862,#2863,#2864,#2865,#2866,#2867,#2868,#2869,#2870,
#2871,#2872,#2873,#2874,#2875,#2876,#2877,#2878,#2879,#2880,#2881,#2882,
#2883,#2884,#2885,#2886,#2887,#2888,#2889,#2890,#2891,#2892,#2893,#2894,
#2895),.UNSPECIFIED.,.F.,.F.,(4,3,3,3,3,2,3,2,3,2,2,3,2,2,3,3,4),(0.,0.03125,
0.0625,0.09375,0.125,0.15625,0.1875,0.21875,0.25,0.28125,0.3125,0.34375,
0.375,0.40625,0.4375,0.46875,0.499992688998149),.UNSPECIFIED.);
#100=B_SPLINE_CURVE_WITH_KNOTS('',3,(#2902,#2903,#2904,#2905,#2906,#2907,
#2908,#2909,#2910,#2911),.UNSPECIFIED.,.F.,.F.,(4,2,2,2,4),(9.74467687617342E-5,
0.20730929266484,0.468374057738244,0.726804292999889,0.982583546594379),
 .UNSPECIFIED.);
#101=B_SPLINE_CURVE_WITH_KNOTS('',1,(#3006,#3007),.UNSPECIFIED.,.F.,.F.,
(2,2),(-0.825615120888253,0.),.UNSPECIFIED.);
#102=B_SPLINE_CURVE_WITH_KNOTS('',3,(#3009,#3010,#3011,#3012,#3013,#3014,
#3015,#3016,#3017,#3018,#3019,#3020,#3021,#3022,#3023,#3024,#3025,#3026,
#3027,#3028,#3029,#3030),.UNSPECIFIED.,.F.,.F.,(4,2,2,2,2,2,2,2,2,2,4),
(1.00000000721944E-6,0.12063740598238,0.24002513983625,0.47144139577515,
0.691070280233307,0.804997776082391,1.03484228975057,1.14856522337063,1.36708552025334,
1.4870491216828,1.60594155745392),.UNSPECIFIED.);
#103=B_SPLINE_CURVE_WITH_KNOTS('',3,(#3031,#3032,#3033,#3034,#3035,#3036),
 .UNSPECIFIED.,.F.,.F.,(4,2,4),(-0.0895762068046069,-0.0453808164250607,
-9.99999977838123E-7),.UNSPECIFIED.);
#104=B_SPLINE_CURVE_WITH_KNOTS('',3,(#3038,#3039,#3040,#3041,#3042,#3043),
 .UNSPECIFIED.,.F.,.F.,(4,2,4),(-0.0890846034703433,-0.0438895589263142,
-1.28427130041686E-11),.UNSPECIFIED.);
#105=B_SPLINE_CURVE_WITH_KNOTS('',3,(#3044,#3045,#3046,#3047,#3048,#3049,
#3050,#3051,#3052,#3053,#3054,#3055,#3056,#3057,#3058,#3059,#3060,#3061),
 .UNSPECIFIED.,.F.,.F.,(4,2,2,2,2,2,2,2,4),(1.00000002170278E-6,0.141335221537262,
0.283878422065127,0.378244244569147,0.659148580650459,0.845945057230907,
1.10825630374449,1.22427943185836,1.34162468533898),.UNSPECIFIED.);
#106=VERTEX_POINT('',#473);
#107=VERTEX_POINT('',#474);
#108=VERTEX_POINT('',#518);
#109=VERTEX_POINT('',#705);
#110=VERTEX_POINT('',#706);
#111=VERTEX_POINT('',#1178);
#112=VERTEX_POINT('',#2594);
#113=VERTEX_POINT('',#2595);
#114=VERTEX_POINT('',#2597);
#115=VERTEX_POINT('',#2601);
#116=VERTEX_POINT('',#2804);
#117=VERTEX_POINT('',#2806);
#118=VERTEX_POINT('',#2900);
#119=VERTEX_POINT('',#2901);
#120=VERTEX_POINT('',#2914);
#121=VERTEX_POINT('',#2915);
#122=VERTEX_POINT('',#2919);
#123=VERTEX_POINT('',#2920);
#124=VERTEX_POINT('',#2929);
#125=VERTEX_POINT('',#2931);
#126=VERTEX_POINT('',#3005);
#127=VERTEX_POINT('',#3008);
#128=VERTEX_POINT('',#3037);
#129=EDGE_CURVE('',#106,#107,#91,.T.);
#130=EDGE_CURVE('',#107,#107,#92,.T.);
#131=EDGE_CURVE('',#106,#108,#93,.T.);
#132=EDGE_CURVE('',#108,#106,#94,.T.);
#133=EDGE_CURVE('',#109,#110,#48,.T.);
#134=EDGE_CURVE('',#110,#109,#95,.T.);
#135=EDGE_CURVE('',#111,#111,#96,.T.);
#136=EDGE_CURVE('',#111,#108,#97,.T.);
#137=EDGE_CURVE('',#112,#113,#38,.T.);
#138=EDGE_CURVE('',#114,#112,#32,.T.);
#139=EDGE_CURVE('',#114,#115,#39,.T.);
#140=EDGE_CURVE('',#115,#113,#33,.T.);
#141=EDGE_CURVE('',#116,#110,#16,.T.);
#142=EDGE_CURVE('',#116,#117,#98,.T.);
#143=EDGE_CURVE('',#117,#116,#99,.T.);
#144=EDGE_CURVE('',#115,#114,#17,.T.);
#145=EDGE_CURVE('',#112,#113,#18,.T.);
#146=EDGE_CURVE('',#118,#119,#100,.T.);
#147=EDGE_CURVE('',#119,#118,#19,.T.);
#148=EDGE_CURVE('',#120,#121,#20,.T.);
#149=EDGE_CURVE('',#120,#121,#40,.T.);
#150=EDGE_CURVE('',#122,#123,#41,.T.);
#151=EDGE_CURVE('',#123,#120,#34,.T.);
#152=EDGE_CURVE('',#121,#122,#35,.T.);
#153=EDGE_CURVE('',#124,#123,#21,.T.);
#154=EDGE_CURVE('',#124,#125,#22,.T.);
#155=EDGE_CURVE('',#122,#125,#23,.T.);
#156=EDGE_CURVE('',#124,#125,#42,.T.);
#157=EDGE_CURVE('',#126,#117,#101,.T.);
#158=EDGE_CURVE('',#127,#126,#102,.T.);
#159=EDGE_CURVE('',#119,#127,#103,.T.);
#160=EDGE_CURVE('',#128,#118,#104,.T.);
#161=EDGE_CURVE('',#126,#128,#105,.T.);
#162=EDGE_CURVE('',#128,#115,#36,.T.);
#163=EDGE_CURVE('',#114,#127,#37,.T.);
#164=ORIENTED_EDGE('',*,*,#129,.T.);
#165=ORIENTED_EDGE('',*,*,#130,.T.);
#166=ORIENTED_EDGE('',*,*,#129,.F.);
#167=ORIENTED_EDGE('',*,*,#131,.T.);
#168=ORIENTED_EDGE('',*,*,#132,.T.);
#169=ORIENTED_EDGE('',*,*,#130,.F.);
#170=ORIENTED_EDGE('',*,*,#133,.T.);
#171=ORIENTED_EDGE('',*,*,#134,.T.);
#172=ORIENTED_EDGE('',*,*,#135,.T.);
#173=ORIENTED_EDGE('',*,*,#136,.T.);
#174=ORIENTED_EDGE('',*,*,#131,.F.);
#175=ORIENTED_EDGE('',*,*,#132,.F.);
#176=ORIENTED_EDGE('',*,*,#136,.F.);
#177=ORIENTED_EDGE('',*,*,#135,.F.);
#178=ORIENTED_EDGE('',*,*,#137,.F.);
#179=ORIENTED_EDGE('',*,*,#138,.F.);
#180=ORIENTED_EDGE('',*,*,#139,.T.);
#181=ORIENTED_EDGE('',*,*,#140,.T.);
#182=ORIENTED_EDGE('',*,*,#141,.T.);
#183=ORIENTED_EDGE('',*,*,#133,.F.);
#184=ORIENTED_EDGE('',*,*,#134,.F.);
#185=ORIENTED_EDGE('',*,*,#141,.F.);
#186=ORIENTED_EDGE('',*,*,#142,.T.);
#187=ORIENTED_EDGE('',*,*,#143,.T.);
#188=ORIENTED_EDGE('',*,*,#140,.F.);
#189=ORIENTED_EDGE('',*,*,#144,.T.);
#190=ORIENTED_EDGE('',*,*,#138,.T.);
#191=ORIENTED_EDGE('',*,*,#145,.T.);
#192=ORIENTED_EDGE('',*,*,#146,.T.);
#193=ORIENTED_EDGE('',*,*,#147,.T.);
#194=ORIENTED_EDGE('',*,*,#148,.T.);
#195=ORIENTED_EDGE('',*,*,#149,.F.);
#196=ORIENTED_EDGE('',*,*,#150,.T.);
#197=ORIENTED_EDGE('',*,*,#151,.T.);
#198=ORIENTED_EDGE('',*,*,#149,.T.);
#199=ORIENTED_EDGE('',*,*,#152,.T.);
#200=ORIENTED_EDGE('',*,*,#153,.F.);
#201=ORIENTED_EDGE('',*,*,#154,.T.);
#202=ORIENTED_EDGE('',*,*,#155,.F.);
#203=ORIENTED_EDGE('',*,*,#152,.F.);
#204=ORIENTED_EDGE('',*,*,#148,.F.);
#205=ORIENTED_EDGE('',*,*,#151,.F.);
#206=ORIENTED_EDGE('',*,*,#156,.F.);
#207=ORIENTED_EDGE('',*,*,#153,.T.);
#208=ORIENTED_EDGE('',*,*,#150,.F.);
#209=ORIENTED_EDGE('',*,*,#155,.T.);
#210=ORIENTED_EDGE('',*,*,#137,.T.);
#211=ORIENTED_EDGE('',*,*,#145,.F.);
#212=ORIENTED_EDGE('',*,*,#156,.T.);
#213=ORIENTED_EDGE('',*,*,#154,.F.);
#214=ORIENTED_EDGE('',*,*,#157,.T.);
#215=ORIENTED_EDGE('',*,*,#142,.F.);
#216=ORIENTED_EDGE('',*,*,#143,.F.);
#217=ORIENTED_EDGE('',*,*,#157,.F.);
#218=ORIENTED_EDGE('',*,*,#158,.F.);
#219=ORIENTED_EDGE('',*,*,#159,.F.);
#220=ORIENTED_EDGE('',*,*,#146,.F.);
#221=ORIENTED_EDGE('',*,*,#160,.F.);
#222=ORIENTED_EDGE('',*,*,#161,.F.);
#223=ORIENTED_EDGE('',*,*,#162,.F.);
#224=ORIENTED_EDGE('',*,*,#160,.T.);
#225=ORIENTED_EDGE('',*,*,#147,.F.);
#226=ORIENTED_EDGE('',*,*,#159,.T.);
#227=ORIENTED_EDGE('',*,*,#163,.F.);
#228=ORIENTED_EDGE('',*,*,#144,.F.);
#229=ORIENTED_EDGE('',*,*,#158,.T.);
#230=ORIENTED_EDGE('',*,*,#161,.T.);
#231=ORIENTED_EDGE('',*,*,#162,.T.);
#232=ORIENTED_EDGE('',*,*,#139,.F.);
#233=ORIENTED_EDGE('',*,*,#163,.T.);
#234=B_SPLINE_SURFACE_WITH_KNOTS('',3,3,((#333,#334,#335,#336),(#337,#338,
#339,#340),(#341,#342,#343,#344),(#345,#346,#347,#348),(#349,#350,#351,
#352),(#353,#354,#355,#356),(#357,#358,#359,#360),(#361,#362,#363,#364),
(#365,#366,#367,#368),(#369,#370,#371,#372),(#373,#374,#375,#376),(#377,
#378,#379,#380),(#381,#382,#383,#384),(#385,#386,#387,#388),(#389,#390,
#391,#392),(#393,#394,#395,#396),(#397,#398,#399,#400),(#401,#402,#403,
#404),(#405,#406,#407,#408),(#409,#410,#411,#412),(#413,#414,#415,#416),
(#417,#418,#419,#420),(#421,#422,#423,#424),(#425,#426,#427,#428),(#429,
#430,#431,#432),(#433,#434,#435,#436),(#437,#438,#439,#440),(#441,#442,
#443,#444),(#445,#446,#447,#448),(#449,#450,#451,#452),(#453,#454,#455,
#456),(#457,#458,#459,#460),(#461,#462,#463,#464),(#465,#466,#467,#468),
(#469,#470,#471,#472)),.UNSPECIFIED.,.T.,.F.,.F.,(4,1,1,1,1,1,1,1,1,1,1,
1,1,1,1,1,1,1,1,1,1,1,1,1,1,1,1,1,1,1,1,1,4),(4,4),(0.,0.03125,0.0625,0.09375,
0.125,0.15625,0.1875,0.21875,0.25,0.28125,0.3125,0.34375,0.375,0.40625,
0.4375,0.46875,0.5,0.53125,0.5625,0.59375,0.625,0.65625,0.6875,0.71875,
0.75,0.78125,0.8125,0.84375,0.875,0.90625,0.9375,0.96875,1.),(0.,0.99659263),
 .UNSPECIFIED.);
#235=B_SPLINE_SURFACE_WITH_KNOTS('',3,3,((#1360,#1361,#1362,#1363,#1364,
#1365,#1366,#1367,#1368,#1369),(#1370,#1371,#1372,#1373,#1374,#1375,#1376,
#1377,#1378,#1379),(#1380,#1381,#1382,#1383,#1384,#1385,#1386,#1387,#1388,
#1389),(#1390,#1391,#1392,#1393,#1394,#1395,#1396,#1397,#1398,#1399),(#1400,
#1401,#1402,#1403,#1404,#1405,#1406,#1407,#1408,#1409),(#1410,#1411,#1412,
#1413,#1414,#1415,#1416,#1417,#1418,#1419),(#1420,#1421,#1422,#1423,#1424,
#1425,#1426,#1427,#1428,#1429),(#1430,#1431,#1432,#1433,#1434,#1435,#1436,
#1437,#1438,#1439),(#1440,#1441,#1442,#1443,#1444,#1445,#1446,#1447,#1448,
#1449),(#1450,#1451,#1452,#1453,#1454,#1455,#1456,#1457,#1458,#1459),(#1460,
#1461,#1462,#1463,#1464,#1465,#1466,#1467,#1468,#1469),(#1470,#1471,#1472,
#1473,#1474,#1475,#1476,#1477,#1478,#1479),(#1480,#1481,#1482,#1483,#1484,
#1485,#1486,#1487,#1488,#1489),(#1490,#1491,#1492,#1493,#1494,#1495,#1496,
#1497,#1498,#1499),(#1500,#1501,#1502,#1503,#1504,#1505,#1506,#1507,#1508,
#1509),(#1510,#1511,#1512,#1513,#1514,#1515,#1516,#1517,#1518,#1519),(#1520,
#1521,#1522,#1523,#1524,#1525,#1526,#1527,#1528,#1529),(#1530,#1531,#1532,
#1533,#1534,#1535,#1536,#1537,#1538,#1539),(#1540,#1541,#1542,#1543,#1544,
#1545,#1546,#1547,#1548,#1549),(#1550,#1551,#1552,#1553,#1554,#1555,#1556,
#1557,#1558,#1559),(#1560,#1561,#1562,#1563,#1564,#1565,#1566,#1567,#1568,
#1569),(#1570,#1571,#1572,#1573,#1574,#1575,#1576,#1577,#1578,#1579),(#1580,
#1581,#1582,#1583,#1584,#1585,#1586,#1587,#1588,#1589),(#1590,#1591,#1592,
#1593,#1594,#1595,#1596,#1597,#1598,#1599),(#1600,#1601,#1602,#1603,#1604,
#1605,#1606,#1607,#1608,#1609),(#1610,#1611,#1612,#1613,#1614,#1615,#1616,
#1617,#1618,#1619),(#1620,#1621,#1622,#1623,#1624,#1625,#1626,#1627,#1628,
#1629),(#1630,#1631,#1632,#1633,#1634,#1635,#1636,#1637,#1638,#1639),(#1640,
#1641,#1642,#1643,#1644,#1645,#1646,#1647,#1648,#1649),(#1650,#1651,#1652,
#1653,#1654,#1655,#1656,#1657,#1658,#1659),(#1660,#1661,#1662,#1663,#1664,
#1665,#1666,#1667,#1668,#1669),(#1670,#1671,#1672,#1673,#1674,#1675,#1676,
#1677,#1678,#1679),(#1680,#1681,#1682,#1683,#1684,#1685,#1686,#1687,#1688,
#1689),(#1690,#1691,#1692,#1693,#1694,#1695,#1696,#1697,#1698,#1699),(#1700,
#1701,#1702,#1703,#1704,#1705,#1706,#1707,#1708,#1709),(#1710,#1711,#1712,
#1713,#1714,#1715,#1716,#1717,#1718,#1719),(#1720,#1721,#1722,#1723,#1724,
#1725,#1726,#1727,#1728,#1729),(#1730,#1731,#1732,#1733,#1734,#1735,#1736,
#1737,#1738,#1739),(#1740,#1741,#1742,#1743,#1744,#1745,#1746,#1747,#1748,
#1749),(#1750,#1751,#1752,#1753,#1754,#1755,#1756,#1757,#1758,#1759),(#1760,
#1761,#1762,#1763,#1764,#1765,#1766,#1767,#1768,#1769),(#1770,#1771,#1772,
#1773,#1774,#1775,#1776,#1777,#1778,#1779),(#1780,#1781,#1782,#1783,#1784,
#1785,#1786,#1787,#1788,#1789),(#1790,#1791,#1792,#1793,#1794,#1795,#1796,
#1797,#1798,#1799),(#1800,#1801,#1802,#1803,#1804,#1805,#1806,#1807,#1808,
#1809),(#1810,#1811,#1812,#1813,#1814,#1815,#1816,#1817,#1818,#1819),(#1820,
#1821,#1822,#1823,#1824,#1825,#1826,#1827,#1828,#1829),(#1830,#1831,#1832,
#1833,#1834,#1835,#1836,#1837,#1838,#1839),(#1840,#1841,#1842,#1843,#1844,
#1845,#1846,#1847,#1848,#1849),(#1850,#1851,#1852,#1853,#1854,#1855,#1856,
#1857,#1858,#1859),(#1860,#1861,#1862,#1863,#1864,#1865,#1866,#1867,#1868,
#1869),(#1870,#1871,#1872,#1873,#1874,#1875,#1876,#1877,#1878,#1879),(#1880,
#1881,#1882,#1883,#1884,#1885,#1886,#1887,#1888,#1889),(#1890,#1891,#1892,
#1893,#1894,#1895,#1896,#1897,#1898,#1899),(#1900,#1901,#1902,#1903,#1904,
#1905,#1906,#1907,#1908,#1909),(#1910,#1911,#1912,#1913,#1914,#1915,#1916,
#1917,#1918,#1919),(#1920,#1921,#1922,#1923,#1924,#1925,#1926,#1927,#1928,
#1929),(#1930,#1931,#1932,#1933,#1934,#1935,#1936,#1937,#1938,#1939),(#1940,
#1941,#1942,#1943,#1944,#1945,#1946,#1947,#1948,#1949),(#1950,#1951,#1952,
#1953,#1954,#1955,#1956,#1957,#1958,#1959),(#1960,#1961,#1962,#1963,#1964,
#1965,#1966,#1967,#1968,#1969),(#1970,#1971,#1972,#1973,#1974,#1975,#1976,
#1977,#1978,#1979),(#1980,#1981,#1982,#1983,#1984,#1985,#1986,#1987,#1988,
#1989),(#1990,#1991,#1992,#1993,#1994,#1995,#1996,#1997,#1998,#1999),(#2000,
#2001,#2002,#2003,#2004,#2005,#2006,#2007,#2008,#2009),(#2010,#2011,#2012,
#2013,#2014,#2015,#2016,#2017,#2018,#2019),(#2020,#2021,#2022,#2023,#2024,
#2025,#2026,#2027,#2028,#2029),(#2030,#2031,#2032,#2033,#2034,#2035,#2036,
#2037,#2038,#2039),(#2040,#2041,#2042,#2043,#2044,#2045,#2046,#2047,#2048,
#2049),(#2050,#2051,#2052,#2053,#2054,#2055,#2056,#2057,#2058,#2059),(#2060,
#2061,#2062,#2063,#2064,#2065,#2066,#2067,#2068,#2069),(#2070,#2071,#2072,
#2073,#2074,#2075,#2076,#2077,#2078,#2079),(#2080,#2081,#2082,#2083,#2084,
#2085,#2086,#2087,#2088,#2089),(#2090,#2091,#2092,#2093,#2094,#2095,#2096,
#2097,#2098,#2099),(#2100,#2101,#2102,#2103,#2104,#2105,#2106,#2107,#2108,
#2109),(#2110,#2111,#2112,#2113,#2114,#2115,#2116,#2117,#2118,#2119),(#2120,
#2121,#2122,#2123,#2124,#2125,#2126,#2127,#2128,#2129),(#2130,#2131,#2132,
#2133,#2134,#2135,#2136,#2137,#2138,#2139),(#2140,#2141,#2142,#2143,#2144,
#2145,#2146,#2147,#2148,#2149),(#2150,#2151,#2152,#2153,#2154,#2155,#2156,
#2157,#2158,#2159),(#2160,#2161,#2162,#2163,#2164,#2165,#2166,#2167,#2168,
#2169),(#2170,#2171,#2172,#2173,#2174,#2175,#2176,#2177,#2178,#2179),(#2180,
#2181,#2182,#2183,#2184,#2185,#2186,#2187,#2188,#2189),(#2190,#2191,#2192,
#2193,#2194,#2195,#2196,#2197,#2198,#2199),(#2200,#2201,#2202,#2203,#2204,
#2205,#2206,#2207,#2208,#2209),(#2210,#2211,#2212,#2213,#2214,#2215,#2216,
#2217,#2218,#2219),(#2220,#2221,#2222,#2223,#2224,#2225,#2226,#2227,#2228,
#2229),(#2230,#2231,#2232,#2233,#2234,#2235,#2236,#2237,#2238,#2239),(#2240,
#2241,#2242,#2243,#2244,#2245,#2246,#2247,#2248,#2249),(#2250,#2251,#2252,
#2253,#2254,#2255,#2256,#2257,#2258,#2259),(#2260,#2261,#2262,#2263,#2264,
#2265,#2266,#2267,#2268,#2269),(#2270,#2271,#2272,#2273,#2274,#2275,#2276,
#2277,#2278,#2279),(#2280,#2281,#2282,#2283,#2284,#2285,#2286,#2287,#2288,
#2289),(#2290,#2291,#2292,#2293,#2294,#2295,#2296,#2297,#2298,#2299),(#2300,
#2301,#2302,#2303,#2304,#2305,#2306,#2307,#2308,#2309),(#2310,#2311,#2312,
#2313,#2314,#2315,#2316,#2317,#2318,#2319),(#2320,#2321,#2322,#2323,#2324,
#2325,#2326,#2327,#2328,#2329),(#2330,#2331,#2332,#2333,#2334,#2335,#2336,
#2337,#2338,#2339),(#2340,#2341,#2342,#2343,#2344,#2345,#2346,#2347,#2348,
#2349),(#2350,#2351,#2352,#2353,#2354,#2355,#2356,#2357,#2358,#2359),(#2360,
#2361,#2362,#2363,#2364,#2365,#2366,#2367,#2368,#2369),(#2370,#2371,#2372,
#2373,#2374,#2375,#2376,#2377,#2378,#2379),(#2380,#2381,#2382,#2383,#2384,
#2385,#2386,#2387,#2388,#2389),(#2390,#2391,#2392,#2393,#2394,#2395,#2396,
#2397,#2398,#2399),(#2400,#2401,#2402,#2403,#2404,#2405,#2406,#2407,#2408,
#2409),(#2410,#2411,#2412,#2413,#2414,#2415,#2416,#2417,#2418,#2419),(#2420,
#2421,#2422,#2423,#2424,#2425,#2426,#2427,#2428,#2429),(#2430,#2431,#2432,
#2433,#2434,#2435,#2436,#2437,#2438,#2439),(#2440,#2441,#2442,#2443,#2444,
#2445,#2446,#2447,#2448,#2449),(#2450,#2451,#2452,#2453,#2454,#2455,#2456,
#2457,#2458,#2459),(#2460,#2461,#2462,#2463,#2464,#2465,#2466,#2467,#2468,
#2469),(#2470,#2471,#2472,#2473,#2474,#2475,#2476,#2477,#2478,#2479),(#2480,
#2481,#2482,#2483,#2484,#2485,#2486,#2487,#2488,#2489),(#2490,#2491,#2492,
#2493,#2494,#2495,#2496,#2497,#2498,#2499),(#2500,#2501,#2502,#2503,#2504,
#2505,#2506,#2507,#2508,#2509),(#2510,#2511,#2512,#2513,#2514,#2515,#2516,
#2517,#2518,#2519),(#2520,#2521,#2522,#2523,#2524,#2525,#2526,#2527,#2528,
#2529),(#2530,#2531,#2532,#2533,#2534,#2535,#2536,#2537,#2538,#2539),(#2540,
#2541,#2542,#2543,#2544,#2545,#2546,#2547,#2548,#2549),(#2550,#2551,#2552,
#2553,#2554,#2555,#2556,#2557,#2558,#2559),(#2560,#2561,#2562,#2563,#2564,
#2565,#2566,#2567,#2568,#2569),(#2570,#2571,#2572,#2573,#2574,#2575,#2576,
#2577,#2578,#2579)),.UNSPECIFIED.,.T.,.F.,.F.,(4,2,2,2,2,2,2,2,2,2,2,2,
2,2,2,2,2,2,2,2,2,2,2,2,2,2,2,2,2,2,2,2,2,2,2,2,2,2,2,2,2,2,2,2,2,2,2,2,
2,2,2,2,2,2,2,2,2,2,2,2,4),(4,2,2,2,4),(0.,0.001330465,0.001995697,0.00266093,
0.003991395,0.004324011,0.004656627,0.00532186,0.006652324,0.006984941,
0.007317557,0.007982789,0.008648022,0.008980638,0.009313254,0.010643719,
0.011308951,0.011641568,0.011974184,0.013304649,0.013637265,0.013969881,
0.014635114,0.015965579,0.016630811,0.017296043,0.017961276,0.018626508,
0.019956973,0.020622206,0.021287438,0.02195267,0.022617903,0.023948368,
0.0246136,0.025278833,0.025944065,0.026609298,0.027939762,0.028604995,0.028937611,
0.029270227,0.030600692,0.030933308,0.031265925,0.031931157,0.033261622,
0.033594238,0.033926854,0.034592087,0.035257319,0.035589935,0.035922552,
0.037253017,0.037918249,0.038250865,0.038583481,0.039913946,0.040579179,
0.041244411,0.042574876),(0.,0.25,0.5,0.75,1.),.UNSPECIFIED.);
#236=B_SPLINE_SURFACE_WITH_KNOTS('',1,3,((#2606,#2607,#2608,#2609,#2610,
#2611,#2612,#2613,#2614,#2615,#2616,#2617,#2618,#2619,#2620,#2621,#2622,
#2623,#2624,#2625,#2626,#2627,#2628,#2629,#2630,#2631,#2632,#2633,#2634,
#2635,#2636,#2637,#2638,#2639,#2640,#2641,#2642,#2643,#2644,#2645,#2646,
#2647,#2648,#2649,#2650,#2651,#2652,#2653,#2654,#2655,#2656,#2657,#2658,
#2659,#2660,#2661,#2662,#2663,#2664,#2665,#2666,#2667,#2668,#2669,#2670,
#2671),(#2672,#2673,#2674,#2675,#2676,#2677,#2678,#2679,#2680,#2681,#2682,
#2683,#2684,#2685,#2686,#2687,#2688,#2689,#2690,#2691,#2692,#2693,#2694,
#2695,#2696,#2697,#2698,#2699,#2700,#2701,#2702,#2703,#2704,#2705,#2706,
#2707,#2708,#2709,#2710,#2711,#2712,#2713,#2714,#2715,#2716,#2717,#2718,
#2719,#2720,#2721,#2722,#2723,#2724,#2725,#2726,#2727,#2728,#2729,#2730,
#2731,#2732,#2733,#2734,#2735,#2736,#2737),(#2738,#2739,#2740,#2741,#2742,
#2743,#2744,#2745,#2746,#2747,#2748,#2749,#2750,#2751,#2752,#2753,#2754,
#2755,#2756,#2757,#2758,#2759,#2760,#2761,#2762,#2763,#2764,#2765,#2766,
#2767,#2768,#2769,#2770,#2771,#2772,#2773,#2774,#2775,#2776,#2777,#2778,
#2779,#2780,#2781,#2782,#2783,#2784,#2785,#2786,#2787,#2788,#2789,#2790,
#2791,#2792,#2793,#2794,#2795,#2796,#2797,#2798,#2799,#2800,#2801,#2802,
#2803)),.UNSPECIFIED.,.F.,.T.,.F.,(2,1,2),(4,2,2,2,2,2,2,2,2,2,2,2,2,2,
2,2,2,2,2,2,2,2,2,2,2,2,2,2,2,2,2,2,4),(-0.25,0.,0.658076859),(0.,0.03125,
0.0625,0.09375,0.125,0.15625,0.1875,0.21875,0.25,0.28125,0.3125,0.34375,
0.375,0.40625,0.4375,0.46875,0.5,0.53125,0.5625,0.59375,0.625,0.65625,0.6875,
0.71875,0.75,0.78125,0.8125,0.84375,0.875,0.90625,0.9375,0.96875,1.),
 .UNSPECIFIED.);
#237=B_SPLINE_SURFACE_WITH_KNOTS('',1,3,((#2937,#2938,#2939,#2940,#2941,
#2942,#2943,#2944,#2945,#2946,#2947,#2948,#2949,#2950,#2951,#2952,#2953,
#2954,#2955,#2956,#2957,#2958,#2959,#2960,#2961,#2962,#2963,#2964,#2965,
#2966,#2967,#2968,#2969,#2970),(#2971,#2972,#2973,#2974,#2975,#2976,#2977,
#2978,#2979,#2980,#2981,#2982,#2983,#2984,#2985,#2986,#2987,#2988,#2989,
#2990,#2991,#2992,#2993,#2994,#2995,#2996,#2997,#2998,#2999,#3000,#3001,
#3002,#3003,#3004)),.UNSPECIFIED.,.F.,.T.,.F.,(2,2),(4,2,2,2,2,2,2,2,2,
2,2,2,2,2,2,2,4),(0.,1.),(6.24E-7,0.062500624,0.125000624,0.187500624,0.250000624,
0.312500624,0.375000624,0.437500624,0.500000624,0.562500624,0.625000624,
0.687500624,0.750000624,0.812500624,0.875000624,0.937500624,1.000000624),
 .UNSPECIFIED.);
#238=ADVANCED_FACE('',(#57),#234,.T.);
#239=ADVANCED_FACE('',(#58,#46),#49,.F.);
#240=ADVANCED_FACE('',(#59),#50,.T.);
#241=ADVANCED_FACE('',(#60),#235,.T.);
#242=ADVANCED_FACE('',(#61),#43,.T.);
#243=ADVANCED_FACE('',(#62),#236,.T.);
#244=ADVANCED_FACE('',(#63),#51,.F.);
#245=ADVANCED_FACE('',(#64),#52,.T.);
#246=ADVANCED_FACE('',(#65),#53,.T.);
#247=ADVANCED_FACE('',(#66),#44,.F.);
#248=ADVANCED_FACE('',(#67),#54,.T.);
#249=ADVANCED_FACE('',(#68),#15,.F.);
#250=ADVANCED_FACE('',(#69,#47),#55,.F.);
#251=ADVANCED_FACE('',(#70),#237,.T.);
#252=ADVANCED_FACE('',(#71),#56,.F.);
#253=ADVANCED_FACE('',(#72),#45,.T.);
#254=CLOSED_SHELL('',(#238,#239,#240,#241,#242,#243,#244,#245,#246,#247,
#248,#249,#250,#251,#252,#253));
#255=DERIVED_UNIT_ELEMENT(#257,1.);
#256=DERIVED_UNIT_ELEMENT(#3075,-3.);
#257=(
MASS_UNIT()
NAMED_UNIT(*)
SI_UNIT(.KILO.,.GRAM.)
);
#258=DERIVED_UNIT((#255,#256));
#259=MEASURE_REPRESENTATION_ITEM('density measure',
POSITIVE_RATIO_MEASURE(7850.),#258);
#260=PROPERTY_DEFINITION_REPRESENTATION(#265,#262);
#261=PROPERTY_DEFINITION_REPRESENTATION(#266,#263);
#262=REPRESENTATION('material name',(#264),#3072);
#263=REPRESENTATION('density',(#259),#3072);
#264=DESCRIPTIVE_REPRESENTATION_ITEM('Steel','Steel');
#265=PROPERTY_DEFINITION('material property','material name',#3082);
#266=PROPERTY_DEFINITION('material property','density of part',#3082);
#267=AXIS2_PLACEMENT_3D('',#332,#286,#287);
#268=AXIS2_PLACEMENT_3D('',#704,#288,#289);
#269=AXIS2_PLACEMENT_3D('',#707,#290,#291);
#270=AXIS2_PLACEMENT_3D('',#1177,#292,#293);
#271=AXIS2_PLACEMENT_3D('',#2593,#294,#295);
#272=AXIS2_PLACEMENT_3D('',#2596,#296,#297);
#273=AXIS2_PLACEMENT_3D('',#2602,#298,#299);
#274=AXIS2_PLACEMENT_3D('',#2896,#301,#302);
#275=AXIS2_PLACEMENT_3D('',#2899,#305,#306);
#276=AXIS2_PLACEMENT_3D('',#2913,#308,#309);
#277=AXIS2_PLACEMENT_3D('',#2917,#311,#312);
#278=AXIS2_PLACEMENT_3D('',#2918,#313,#314);
#279=AXIS2_PLACEMENT_3D('',#2921,#315,#316);
#280=AXIS2_PLACEMENT_3D('',#2928,#317,#318);
#281=AXIS2_PLACEMENT_3D('',#2934,#322,#323);
#282=AXIS2_PLACEMENT_3D('',#2935,#324,#325);
#283=AXIS2_PLACEMENT_3D('',#2936,#326,#327);
#284=AXIS2_PLACEMENT_3D('',#3062,#328,#329);
#285=AXIS2_PLACEMENT_3D('',#3069,#330,#331);
#286=DIRECTION('axis',(0.,0.,1.));
#287=DIRECTION('refdir',(1.,0.,0.));
#288=DIRECTION('center_axis',(-7.70371977754895E-34,1.38777878078145E-17,
1.));
#289=DIRECTION('ref_axis',(1.,5.55111512312578E-17,0.));
#290=DIRECTION('center_axis',(6.01316572465671E-11,-4.17354179911974E-11,
1.));
#291=DIRECTION('ref_axis',(0.797120751109051,0.603819930236939,-2.27315146099613E-11));
#292=DIRECTION('center_axis',(-7.70371977754895E-34,1.38777878078145E-17,
1.));
#293=DIRECTION('ref_axis',(1.,5.55111512312578E-17,0.));
#294=DIRECTION('center_axis',(-7.70371977754895E-34,1.38777878078145E-17,
1.));
#295=DIRECTION('ref_axis',(-1.,-5.55111512312578E-17,0.));
#296=DIRECTION('center_axis',(7.70371977754895E-34,-1.38777878078145E-17,
-1.));
#297=DIRECTION('ref_axis',(-1.,-5.55111512312578E-17,0.));
#298=DIRECTION('center_axis',(7.70371977754895E-34,-1.38777878078145E-17,
-1.));
#299=DIRECTION('ref_axis',(1.,5.55111512312578E-17,0.));
#300=DIRECTION('',(0.0820909342638748,-0.0292780123626628,-0.996194698090577));
#301=DIRECTION('center_axis',(-0.996194698069139,-5.40903856326229E-17,
0.0871557430060489));
#302=DIRECTION('ref_axis',(0.0871557430060489,1.86630942657547E-17,0.996194698069139));
#303=DIRECTION('',(5.55111512312578E-17,-1.,1.38777878078145E-17));
#304=DIRECTION('',(-5.55111512312578E-17,1.,-1.38777878078145E-17));
#305=DIRECTION('center_axis',(7.70371977754895E-34,-1.38777878078145E-17,
-1.));
#306=DIRECTION('ref_axis',(-1.,-5.55111512312578E-17,0.));
#307=DIRECTION('',(-5.55111512312578E-17,1.,-1.38777878078145E-17));
#308=DIRECTION('center_axis',(7.70371977754895E-34,-1.38777878078145E-17,
-1.));
#309=DIRECTION('ref_axis',(-1.,-5.55111512312578E-17,0.));
#310=DIRECTION('',(5.55111512312578E-17,-1.,1.38777878078145E-17));
#311=DIRECTION('center_axis',(-7.70371977754895E-34,1.38777878078145E-17,
1.));
#312=DIRECTION('ref_axis',(-5.55111512312578E-17,1.,-1.38777878078145E-17));
#313=DIRECTION('center_axis',(7.70371977754895E-34,-1.38777878078145E-17,
-1.));
#314=DIRECTION('ref_axis',(-1.,7.75439760619777E-15,-1.09778006830072E-31));
#315=DIRECTION('center_axis',(7.70371977754895E-34,-1.38777878078145E-17,
-1.));
#316=DIRECTION('ref_axis',(-5.55111512312578E-17,1.,-1.38777878078145E-17));
#317=DIRECTION('center_axis',(-1.,-5.55111512312578E-17,0.));
#318=DIRECTION('ref_axis',(-7.70371977754895E-34,1.38777878078145E-17,1.));
#319=DIRECTION('',(-7.70371977754895E-34,1.38777878078145E-17,1.));
#320=DIRECTION('',(5.55111512312578E-17,-1.,1.38777878078145E-17));
#321=DIRECTION('',(7.70371977754895E-34,-1.38777878078145E-17,-1.));
#322=DIRECTION('center_axis',(7.70371977754895E-34,-1.38777878078145E-17,
-1.));
#323=DIRECTION('ref_axis',(-1.,-5.55111512312578E-17,0.));
#324=DIRECTION('center_axis',(-7.70371977754895E-34,1.38777878078145E-17,
1.));
#325=DIRECTION('ref_axis',(1.,5.55111512312578E-17,0.));
#326=DIRECTION('center_axis',(-7.70371977754895E-34,1.38777878078145E-17,
1.));
#327=DIRECTION('ref_axis',(1.,5.55111512312578E-17,0.));
#328=DIRECTION('center_axis',(-0.770561137970047,-3.39295045102129E-17,
0.637366089975225));
#329=DIRECTION('ref_axis',(-5.55111512312578E-17,1.,-1.38777878078145E-17));
#330=DIRECTION('center_axis',(-7.70371977754895E-34,1.38777878078145E-17,
1.));
#331=DIRECTION('ref_axis',(-0.999999999890458,1.48015047598015E-5,-2.05412142293651E-22));
#332=CARTESIAN_POINT('',(0.,0.,0.));
#333=CARTESIAN_POINT('Ctrl Pts',(77.1781667009202,85.4863544254596,17.3919393286491));
#334=CARTESIAN_POINT('Ctrl Pts',(76.8691835009202,87.5267571164595,21.6108481296491));
#335=CARTESIAN_POINT('Ctrl Pts',(76.5602003009202,89.5671598074595,25.8297569306491));
#336=CARTESIAN_POINT('Ctrl Pts',(76.2512170999202,91.6075624984595,30.0486657316491));
#337=CARTESIAN_POINT('Ctrl Pts',(77.4577421189202,86.0435535884595,17.3919393286491));
#338=CARTESIAN_POINT('Ctrl Pts',(77.0152159819202,88.0637335444595,21.6108481296491));
#339=CARTESIAN_POINT('Ctrl Pts',(76.5726898459202,90.0839134994595,25.8297569306491));
#340=CARTESIAN_POINT('Ctrl Pts',(76.1301637099202,92.1040934544595,30.0486657316491));
#341=CARTESIAN_POINT('Ctrl Pts',(77.9071342989202,87.2130234644595,17.3919393286491));
#342=CARTESIAN_POINT('Ctrl Pts',(77.2015058219202,89.1664522864595,21.6108481296491));
#343=CARTESIAN_POINT('Ctrl Pts',(76.4958773449202,91.1198811084596,25.8297569306491));
#344=CARTESIAN_POINT('Ctrl Pts',(75.7902488679202,93.0733099314595,30.0486657316491));
#345=CARTESIAN_POINT('Ctrl Pts',(78.2260417709202,89.0650298224595,17.3919393286491));
#346=CARTESIAN_POINT('Ctrl Pts',(77.1528766899202,90.8432627704595,21.6108481296491));
#347=CARTESIAN_POINT('Ctrl Pts',(76.0797116079202,92.6214957194595,25.8297569306491));
#348=CARTESIAN_POINT('Ctrl Pts',(75.0065465259202,94.3997286674595,30.0486657316491));
#349=CARTESIAN_POINT('Ctrl Pts',(78.1775130089202,90.9436661594596,17.3919393286491));
#350=CARTESIAN_POINT('Ctrl Pts',(76.7780524549202,92.4783667384595,21.6108481296491));
#351=CARTESIAN_POINT('Ctrl Pts',(75.3785919009202,94.0130673184595,25.8297569306491));
#352=CARTESIAN_POINT('Ctrl Pts',(73.9791313469202,95.5477678974596,30.0486657316491));
#353=CARTESIAN_POINT('Ctrl Pts',(77.7634129449202,92.7767375334595,17.3919393286491));
#354=CARTESIAN_POINT('Ctrl Pts',(76.0914374029202,94.0089280614595,21.6108481296491));
#355=CARTESIAN_POINT('Ctrl Pts',(74.4194618609202,95.2411185894595,25.8297569306491));
#356=CARTESIAN_POINT('Ctrl Pts',(72.7474863189202,96.4733091174595,30.0486657316491));
#357=CARTESIAN_POINT('Ctrl Pts',(76.9996552129202,94.4938000404595,17.3919393286491));
#358=CARTESIAN_POINT('Ctrl Pts',(75.1194177649202,95.3761281254596,21.6108481296491));
#359=CARTESIAN_POINT('Ctrl Pts',(73.2391803179202,96.2584562114595,25.8297569306491));
#360=CARTESIAN_POINT('Ctrl Pts',(71.3589428699202,97.1407842974595,30.0486657316491));
#361=CARTESIAN_POINT('Ctrl Pts',(75.9155905949202,96.0288679304595,17.3919393286491));
#362=CARTESIAN_POINT('Ctrl Pts',(73.8993477119202,96.5274262004595,21.6108481296491));
#363=CARTESIAN_POINT('Ctrl Pts',(71.8831048289202,97.0259844704595,25.8297569306491));
#364=CARTESIAN_POINT('Ctrl Pts',(69.8668619459202,97.5245427404595,30.0486657316491));
#365=CARTESIAN_POINT('Ctrl Pts',(74.5528790849202,97.3229494064595,17.3919393286491));
#366=CARTESIAN_POINT('Ctrl Pts',(72.4781138499202,97.4185785454595,21.6108481296491));
#367=CARTESIAN_POINT('Ctrl Pts',(70.4033486149202,97.5142076854595,25.8297569306491));
#368=CARTESIAN_POINT('Ctrl Pts',(68.3285833809202,97.6098368244595,30.0486657316491));
#369=CARTESIAN_POINT('Ctrl Pts',(72.9638889219202,98.3263136424595,17.3919393286491));
#370=CARTESIAN_POINT('Ctrl Pts',(70.9103333999202,98.0153386774595,21.6108481296491));
#371=CARTESIAN_POINT('Ctrl Pts',(68.8567778779202,97.7043637114595,25.8297569306491));
#372=CARTESIAN_POINT('Ctrl Pts',(66.8032223559202,97.3933887454595,30.0486657316491));
#373=CARTESIAN_POINT('Ctrl Pts',(71.2096841089202,99.0004019134595,17.3919393286491));
#374=CARTESIAN_POINT('Ctrl Pts',(69.2562552859202,98.2947734364596,21.6108481296491));
#375=CARTESIAN_POINT('Ctrl Pts',(67.3028264639202,97.5891449594595,25.8297569306491));
#376=CARTESIAN_POINT('Ctrl Pts',(65.3493976419202,96.8835164824595,30.0486657316491));
#377=CARTESIAN_POINT('Ctrl Pts',(69.3576777499202,99.3193093854595,17.3919393286491));
#378=CARTESIAN_POINT('Ctrl Pts',(67.5794448019202,98.2461443044595,21.6108481296491));
#379=CARTESIAN_POINT('Ctrl Pts',(65.8012118539202,97.1729792224595,25.8297569306491));
#380=CARTESIAN_POINT('Ctrl Pts',(64.0229789049202,96.0998141404595,30.0486657316491));
#381=CARTESIAN_POINT('Ctrl Pts',(67.4790414139202,99.2707806234595,17.3919393286491));
#382=CARTESIAN_POINT('Ctrl Pts',(65.9443408339202,97.8713200694595,21.6108481296491));
#383=CARTESIAN_POINT('Ctrl Pts',(64.4096402549202,96.4718595154595,25.8297569306491));
#384=CARTESIAN_POINT('Ctrl Pts',(62.8749396749202,95.0723989614595,30.0486657316491));
#385=CARTESIAN_POINT('Ctrl Pts',(65.6459700399202,98.8566805594595,17.3919393286491));
#386=CARTESIAN_POINT('Ctrl Pts',(64.4137795119202,97.1847050174595,21.6108481296491));
#387=CARTESIAN_POINT('Ctrl Pts',(63.1815889839202,95.5127294754595,25.8297569306491));
#388=CARTESIAN_POINT('Ctrl Pts',(61.9493984549202,93.8407539334595,30.0486657316491));
#389=CARTESIAN_POINT('Ctrl Pts',(63.9289075329202,98.0929228274595,17.3919393286491));
#390=CARTESIAN_POINT('Ctrl Pts',(63.0465794469202,96.2126853794595,21.6108481296491));
#391=CARTESIAN_POINT('Ctrl Pts',(62.1642513609202,94.3324479314595,25.8297569306491));
#392=CARTESIAN_POINT('Ctrl Pts',(61.2819232759202,92.4522104844595,30.0486657316491));
#393=CARTESIAN_POINT('Ctrl Pts',(62.3938396419202,97.0088582094595,17.3919393286491));
#394=CARTESIAN_POINT('Ctrl Pts',(61.8952813719202,94.9926153264595,21.6108481296491));
#395=CARTESIAN_POINT('Ctrl Pts',(61.3967231029202,92.9763724434595,25.8297569306491));
#396=CARTESIAN_POINT('Ctrl Pts',(60.8981648329202,90.9601295604595,30.0486657316491));
#397=CARTESIAN_POINT('Ctrl Pts',(61.0997581659202,95.6461466994595,17.3919393286491));
#398=CARTESIAN_POINT('Ctrl Pts',(61.0041290269202,93.5713814644595,21.6108481296491));
#399=CARTESIAN_POINT('Ctrl Pts',(60.9084998879202,91.4966162294595,25.8297569306491));
#400=CARTESIAN_POINT('Ctrl Pts',(60.8128707489202,89.4218509954595,30.0486657316491));
#401=CARTESIAN_POINT('Ctrl Pts',(60.0963939299202,94.0571565364595,17.3919393286491));
#402=CARTESIAN_POINT('Ctrl Pts',(60.4073688959202,92.0036010144595,21.6108481296491));
#403=CARTESIAN_POINT('Ctrl Pts',(60.7183438619202,89.9500454924595,25.8297569306491));
#404=CARTESIAN_POINT('Ctrl Pts',(61.0293188269202,87.8964899704595,30.0486657316491));
#405=CARTESIAN_POINT('Ctrl Pts',(59.4223056589202,92.3029517224595,17.3919393286491));
#406=CARTESIAN_POINT('Ctrl Pts',(60.1279341359202,90.3495229004595,21.6108481296491));
#407=CARTESIAN_POINT('Ctrl Pts',(60.8335626129202,88.3960940784595,25.8297569306491));
#408=CARTESIAN_POINT('Ctrl Pts',(61.5391910899202,86.4426652564595,30.0486657316491));
#409=CARTESIAN_POINT('Ctrl Pts',(59.1033981869202,90.4509453644595,17.3919393286491));
#410=CARTESIAN_POINT('Ctrl Pts',(60.1765632689202,88.6727124164595,21.6108481296491));
#411=CARTESIAN_POINT('Ctrl Pts',(61.2497283509202,86.8944794684595,25.8297569306491));
#412=CARTESIAN_POINT('Ctrl Pts',(62.3228934319202,85.1162465194595,30.0486657316491));
#413=CARTESIAN_POINT('Ctrl Pts',(59.1519269499202,88.5723090284595,17.3919393286491));
#414=CARTESIAN_POINT('Ctrl Pts',(60.5513875039202,87.0376084484595,21.6108481296491));
#415=CARTESIAN_POINT('Ctrl Pts',(61.9508480579202,85.5029078694595,25.8297569306491));
#416=CARTESIAN_POINT('Ctrl Pts',(63.3503086119202,83.9682072894595,30.0486657316491));
#417=CARTESIAN_POINT('Ctrl Pts',(59.5660270139202,86.7392376544595,17.3919393286491));
#418=CARTESIAN_POINT('Ctrl Pts',(61.2380025559202,85.5070471264595,21.6108481296491));
#419=CARTESIAN_POINT('Ctrl Pts',(62.9099780979202,84.2748565974595,25.8297569306491));
#420=CARTESIAN_POINT('Ctrl Pts',(64.5819536399202,83.0426660694596,30.0486657316491));
#421=CARTESIAN_POINT('Ctrl Pts',(60.3297847449202,85.0221751474595,17.3919393286491));
#422=CARTESIAN_POINT('Ctrl Pts',(62.2100221929202,84.1398470614595,21.6108481296491));
#423=CARTESIAN_POINT('Ctrl Pts',(64.0902596409202,83.2575189754595,25.8297569306491));
#424=CARTESIAN_POINT('Ctrl Pts',(65.9704970889202,82.3751908904595,30.0486657316491));
#425=CARTESIAN_POINT('Ctrl Pts',(61.4138493639202,83.4871072564596,17.3919393286491));
#426=CARTESIAN_POINT('Ctrl Pts',(63.4300922469202,82.9885489864595,21.6108481296491));
#427=CARTESIAN_POINT('Ctrl Pts',(65.4463351299202,82.4899907174595,25.8297569306491));
#428=CARTESIAN_POINT('Ctrl Pts',(67.4625780129202,81.9914324474595,30.0486657316491));
#429=CARTESIAN_POINT('Ctrl Pts',(62.7765608739202,82.1930257804595,17.3919393286491));
#430=CARTESIAN_POINT('Ctrl Pts',(64.8513261089202,82.0973966414595,21.6108481296491));
#431=CARTESIAN_POINT('Ctrl Pts',(66.9260913429202,82.0017675024596,25.8297569306491));
#432=CARTESIAN_POINT('Ctrl Pts',(69.0008565779202,81.9061383634595,30.0486657316491));
#433=CARTESIAN_POINT('Ctrl Pts',(64.3655510359202,81.1896615444595,17.3919393286491));
#434=CARTESIAN_POINT('Ctrl Pts',(66.4191065579202,81.5006365104595,21.6108481296491));
#435=CARTESIAN_POINT('Ctrl Pts',(68.4726620799202,81.8116114764595,25.8297569306491));
#436=CARTESIAN_POINT('Ctrl Pts',(70.5262176019202,82.1225864414595,30.0486657316491));
#437=CARTESIAN_POINT('Ctrl Pts',(66.1197558499202,80.5155732734595,17.3919393286491));
#438=CARTESIAN_POINT('Ctrl Pts',(68.0731846719202,81.2212017504595,21.6108481296491));
#439=CARTESIAN_POINT('Ctrl Pts',(70.0266134939202,81.9268302274595,25.8297569306491));
#440=CARTESIAN_POINT('Ctrl Pts',(71.9800423169202,82.6324587044595,30.0486657316491));
#441=CARTESIAN_POINT('Ctrl Pts',(67.9717622079202,80.1966658014595,17.3919393286491));
#442=CARTESIAN_POINT('Ctrl Pts',(69.7499951559202,81.2698308834595,21.6108481296491));
#443=CARTESIAN_POINT('Ctrl Pts',(71.5282281049202,82.3429959654595,25.8297569306491));
#444=CARTESIAN_POINT('Ctrl Pts',(73.3064610529202,83.4161610464595,30.0486657316491));
#445=CARTESIAN_POINT('Ctrl Pts',(69.8503985449202,80.2451945644596,17.3919393286491));
#446=CARTESIAN_POINT('Ctrl Pts',(71.3850991239202,81.6446551184595,21.6108481296491));
#447=CARTESIAN_POINT('Ctrl Pts',(72.9197997039202,83.0441156724595,25.8297569306491));
#448=CARTESIAN_POINT('Ctrl Pts',(74.4545002829202,84.4435762264595,30.0486657316491));
#449=CARTESIAN_POINT('Ctrl Pts',(71.6834699189202,80.6592946274595,17.3919393286491));
#450=CARTESIAN_POINT('Ctrl Pts',(72.9156604469202,82.3312701704595,21.6108481296491));
#451=CARTESIAN_POINT('Ctrl Pts',(74.1478509749202,84.0032457124595,25.8297569306491));
#452=CARTESIAN_POINT('Ctrl Pts',(75.3800415029202,85.6752212544595,30.0486657316491));
#453=CARTESIAN_POINT('Ctrl Pts',(73.4005324259202,81.4230523594595,17.3919393286491));
#454=CARTESIAN_POINT('Ctrl Pts',(74.2828605119202,83.3032898074595,21.6108481296491));
#455=CARTESIAN_POINT('Ctrl Pts',(75.1651885969202,85.1835272554595,25.8297569306491));
#456=CARTESIAN_POINT('Ctrl Pts',(76.0475166829202,87.0637647034596,30.0486657316491));
#457=CARTESIAN_POINT('Ctrl Pts',(74.9356003159202,82.5071169784595,17.3919393286491));
#458=CARTESIAN_POINT('Ctrl Pts',(75.4341585859202,84.5233598614595,21.6108481296491));
#459=CARTESIAN_POINT('Ctrl Pts',(75.9327168559202,86.5396027444595,25.8297569306491));
#460=CARTESIAN_POINT('Ctrl Pts',(76.4312751259202,88.5558456264596,30.0486657316491));
#461=CARTESIAN_POINT('Ctrl Pts',(76.2296817919202,83.8698284884595,17.3919393286491));
#462=CARTESIAN_POINT('Ctrl Pts',(76.3253109309202,85.9445937234595,21.6108481296491));
#463=CARTESIAN_POINT('Ctrl Pts',(76.4209400709202,88.0193589574595,25.8297569306491));
#464=CARTESIAN_POINT('Ctrl Pts',(76.5165692099202,90.0941241924595,30.0486657316491));
#465=CARTESIAN_POINT('Ctrl Pts',(76.8985912829202,84.9291552634595,17.3919393286491));
#466=CARTESIAN_POINT('Ctrl Pts',(76.7231510189202,86.9897806894596,21.6108481296491));
#467=CARTESIAN_POINT('Ctrl Pts',(76.5477107549202,89.0504061154596,25.8297569306491));
#468=CARTESIAN_POINT('Ctrl Pts',(76.3722704909202,91.1110315414595,30.0486657316491));
#469=CARTESIAN_POINT('Ctrl Pts',(77.1781667009202,85.4863544254596,17.3919393286491));
#470=CARTESIAN_POINT('Ctrl Pts',(76.8691835009202,87.5267571164595,21.6108481296491));
#471=CARTESIAN_POINT('Ctrl Pts',(76.5602003009202,89.5671598074595,25.8297569306491));
#472=CARTESIAN_POINT('Ctrl Pts',(76.2512170999202,91.6075624984595,30.0486657316491));
#473=CARTESIAN_POINT('',(76.2512233772485,91.6075242833629,30.0485864555864));
#474=CARTESIAN_POINT('',(77.1781666996782,85.4863544225411,17.3919393279453));
#475=CARTESIAN_POINT('Ctrl Pts',(76.2512229043685,91.607524168182,30.0485864767323));
#476=CARTESIAN_POINT('Ctrl Pts',(76.5602041705524,89.5671342539412,25.8297040940379));
#477=CARTESIAN_POINT('Ctrl Pts',(76.8691854357363,87.5267443397004,21.6108217113435));
#478=CARTESIAN_POINT('Ctrl Pts',(77.1781667009202,85.4863544254596,17.3919393286491));
#479=CARTESIAN_POINT('Ctrl Pts',(77.1781666995018,85.4863544226326,17.3919393286491));
#480=CARTESIAN_POINT('Ctrl Pts',(77.2242073819299,85.578114384324,17.3919393286491));
#481=CARTESIAN_POINT('Ctrl Pts',(77.2687871157717,85.6706753440463,17.3919393286491));
#482=CARTESIAN_POINT('Ctrl Pts',(77.8313092559915,86.8887499549926,17.3919393286491));
#483=CARTESIAN_POINT('Ctrl Pts',(78.1267524379936,88.1053181159585,17.3919393286491));
#484=CARTESIAN_POINT('Ctrl Pts',(78.2345639037791,90.5803115535106,17.3919393286491));
#485=CARTESIAN_POINT('Ctrl Pts',(78.0464756399595,91.8178148122504,17.3919393286491));
#486=CARTESIAN_POINT('Ctrl Pts',(77.2078363818824,94.1480363565096,17.3919393286491));
#487=CARTESIAN_POINT('Ctrl Pts',(76.564612016094,95.2215620996708,17.3919393286491));
#488=CARTESIAN_POINT('Ctrl Pts',(74.9056490994819,97.0591792474709,17.3919393286491));
#489=CARTESIAN_POINT('Ctrl Pts',(73.9036462235195,97.8085248363689,17.3919393286491));
#490=CARTESIAN_POINT('Ctrl Pts',(71.672771032397,98.8797994127457,17.3919393286491));
#491=CARTESIAN_POINT('Ctrl Pts',(70.4617966721789,99.1933676612839,17.3919393286491));
#492=CARTESIAN_POINT('Ctrl Pts',(67.9923388310167,99.3393732895634,17.3919393286491));
#493=CARTESIAN_POINT('Ctrl Pts',(66.7531786263405,99.1707491370017,17.3919393286491));
#494=CARTESIAN_POINT('Ctrl Pts',(64.4134354753751,98.3708186800357,17.3919393286491));
#495=CARTESIAN_POINT('Ctrl Pts',(63.3308078217824,97.7455667315675,17.3919393286491));
#496=CARTESIAN_POINT('Ctrl Pts',(61.4690227148299,96.1200204153896,17.3919393286491));
#497=CARTESIAN_POINT('Ctrl Pts',(60.7040155771467,95.1317150196355,17.3919393287903));
#498=CARTESIAN_POINT('Ctrl Pts',(60.1505486842098,94.0281763662763,17.3919393287903));
#499=CARTESIAN_POINT('Ctrl Pts',(59.8319719796732,93.3929772026002,17.3919393287903));
#500=CARTESIAN_POINT('Ctrl Pts',(59.5850082229707,92.723240645931,17.3919393286491));
#501=CARTESIAN_POINT('Ctrl Pts',(59.2452787730134,91.3406108144646,17.3919393286491));
#502=CARTESIAN_POINT('Ctrl Pts',(59.1532913496604,90.6334580250098,17.3919393286491));
#503=CARTESIAN_POINT('Ctrl Pts',(59.1199756304468,88.6801991205753,17.3919393286491));
#504=CARTESIAN_POINT('Ctrl Pts',(59.341313749188,87.4470195202834,17.3919393286491));
#505=CARTESIAN_POINT('Ctrl Pts',(60.2446706626297,85.1356621186493,17.3919393286491));
#506=CARTESIAN_POINT('Ctrl Pts',(60.91775165652,84.0790369575974,17.3919393286491));
#507=CARTESIAN_POINT('Ctrl Pts',(62.6309271167732,82.2843137991836,17.3919393286491));
#508=CARTESIAN_POINT('Ctrl Pts',(63.6547630412844,81.5625144314797,17.3919393286491));
#509=CARTESIAN_POINT('Ctrl Pts',(65.9206549117727,80.5529955129036,17.3919393286491));
#510=CARTESIAN_POINT('Ctrl Pts',(67.14176788186,80.2740306873319,17.3919393286491));
#511=CARTESIAN_POINT('Ctrl Pts',(69.6207144696909,80.2004174758282,17.3919393286491));
#512=CARTESIAN_POINT('Ctrl Pts',(70.856182585412,80.4058968519225,17.3919393286491));
#513=CARTESIAN_POINT('Ctrl Pts',(73.1769557378143,81.278595819033,17.3919393286491));
#514=CARTESIAN_POINT('Ctrl Pts',(74.2418429164843,81.9375653548298,17.3919393286491));
#515=CARTESIAN_POINT('Ctrl Pts',(75.9819980571424,83.5553293459706,17.3919393286491));
#516=CARTESIAN_POINT('Ctrl Pts',(76.6692000221627,84.4719740887236,17.3919393286491));
#517=CARTESIAN_POINT('Ctrl Pts',(77.1781666995018,85.4863544226326,17.3919393286491));
#518=CARTESIAN_POINT('',(76.4696042389202,90.0020737234595,30.0485973246491));
#519=CARTESIAN_POINT('Ctrl Pts',(76.2512236136794,91.607524340999,30.048586445057));
#520=CARTESIAN_POINT('Ctrl Pts',(76.2584268241175,91.5779764288532,30.0485898369745));
#521=CARTESIAN_POINT('Ctrl Pts',(76.2654556598226,91.5483924265797,30.0485935288703));
#522=CARTESIAN_POINT('Ctrl Pts',(76.2723104258454,91.5187724796785,30.0485974867622));
#523=CARTESIAN_POINT('Ctrl Pts',(76.3870508360011,91.0229707491851,30.0486637370382));
#524=CARTESIAN_POINT('Ctrl Pts',(76.4534865009202,90.5178707584595,30.0485296946491));
#525=CARTESIAN_POINT('Ctrl Pts',(76.4696042389202,90.0020737234595,30.0485973246491));
#526=CARTESIAN_POINT('Ctrl Pts',(76.4696042389202,90.0020737234595,30.0485973246491));
#527=CARTESIAN_POINT('Ctrl Pts',(76.4857220349202,89.4862748264595,30.0486649556491));
#528=CARTESIAN_POINT('Ctrl Pts',(76.4510288349874,88.9779906037781,30.0485300219706));
#529=CARTESIAN_POINT('Ctrl Pts',(76.3674618553213,88.4759718270168,30.0485971511064));
#530=CARTESIAN_POINT('Ctrl Pts',(76.3256783968935,88.2249626272991,30.0486307156491));
#531=CARTESIAN_POINT('Ctrl Pts',(76.2716114656071,87.9758128252962,30.048598578649));
#532=CARTESIAN_POINT('Ctrl Pts',(76.2050127224824,87.7283755454363,30.0485744022963));
#533=CARTESIAN_POINT('Ctrl Pts',(76.1384138792442,87.48093789362,30.0485502259072));
#534=CARTESIAN_POINT('Ctrl Pts',(76.0588574856055,87.2344661006057,30.0485643048277));
#535=CARTESIAN_POINT('Ctrl Pts',(75.9682741252024,86.9950376358188,30.0485975497847));
#536=CARTESIAN_POINT('Ctrl Pts',(75.7871075405642,86.5161810661617,30.0486640396489));
#537=CARTESIAN_POINT('Ctrl Pts',(75.5615633331809,86.0606750853663,30.0485289068282));
#538=CARTESIAN_POINT('Ctrl Pts',(75.2915346668557,85.6274761639753,30.0485968980035));
#539=CARTESIAN_POINT('Ctrl Pts',(75.2240275530507,85.5191765183133,30.0486138957761));
#540=CARTESIAN_POINT('Ctrl Pts',(75.1537454107298,85.4123478591461,30.0486144127358));
#541=CARTESIAN_POINT('Ctrl Pts',(75.0806441479223,85.3069878494581,30.0486075222073));
#542=CARTESIAN_POINT('Ctrl Pts',(75.0075428807068,85.2016278334169,30.0486006316784));
#543=CARTESIAN_POINT('Ctrl Pts',(74.9314112659435,85.0974673804015,30.0485862986608));
#544=CARTESIAN_POINT('Ctrl Pts',(74.8529349945737,84.9954950581053,30.048574184334));
#545=CARTESIAN_POINT('Ctrl Pts',(74.6959822992753,84.7915502152775,30.0485499556569));
#546=CARTESIAN_POINT('Ctrl Pts',(74.5301533069426,84.5968343637374,30.0485641516157));
#547=CARTESIAN_POINT('Ctrl Pts',(74.3556932633424,84.4111549688288,30.048597415096));
#548=CARTESIAN_POINT('Ctrl Pts',(74.0067734383961,84.0397964581311,30.0486639420067));
#549=CARTESIAN_POINT('Ctrl Pts',(73.6242166215026,83.7046273394289,30.0485284906392));
#550=CARTESIAN_POINT('Ctrl Pts',(73.2064163110551,83.4059176943053,30.048596898188));
#551=CARTESIAN_POINT('Ctrl Pts',(73.1019660059775,83.3312401203858,30.0486140001164));
#552=CARTESIAN_POINT('Ctrl Pts',(72.9950421749136,83.2587239377876,30.0486143921803));
#553=CARTESIAN_POINT('Ctrl Pts',(72.8868859213489,83.1892134049497,30.0486073906733));
#554=CARTESIAN_POINT('Ctrl Pts',(72.7787299220421,83.1197030355197,30.0486003891828));
#555=CARTESIAN_POINT('Ctrl Pts',(72.6692777674746,83.0531273266072,30.0485861121179));
#556=CARTESIAN_POINT('Ctrl Pts',(72.5585355412604,82.9894175224476,30.0485740946337));
#557=CARTESIAN_POINT('Ctrl Pts',(72.3370510506842,82.8619978921818,30.0485500596611));
#558=CARTESIAN_POINT('Ctrl Pts',(72.1103557299648,82.74598418467,30.0485634816407));
#559=CARTESIAN_POINT('Ctrl Pts',(71.8785293606676,82.6413011286351,30.0485970997754));
#560=CARTESIAN_POINT('Ctrl Pts',(71.6467027008435,82.5366179414105,30.0486307179523));
#561=CARTESIAN_POINT('Ctrl Pts',(71.4099452251546,82.4433283046735,30.0485987088249));
#562=CARTESIAN_POINT('Ctrl Pts',(71.1680494574916,82.3614559162651,30.0485745741466));
#563=CARTESIAN_POINT('Ctrl Pts',(71.0471017620836,82.3205197858379,30.0485625068263));
#564=CARTESIAN_POINT('Ctrl Pts',(70.9248659064852,82.2824456135204,30.0485524638989));
#565=CARTESIAN_POINT('Ctrl Pts',(70.8012938089238,82.2472847804468,30.0485540374534));
#566=CARTESIAN_POINT('Ctrl Pts',(70.6777216978517,82.212123943529,30.0485556110081));
#567=CARTESIAN_POINT('Ctrl Pts',(70.5525201173147,82.1798234753921,30.0485803520431));
#568=CARTESIAN_POINT('Ctrl Pts',(70.427330049195,82.15081976922,30.0485972426037));
#569=CARTESIAN_POINT('Ctrl Pts',(69.9265694279736,82.0348048638162,30.0486648048985));
#570=CARTESIAN_POINT('Ctrl Pts',(69.4220402543902,81.9694082924605,30.048528620971));
#571=CARTESIAN_POINT('Ctrl Pts',(68.9128733836875,81.9532314930686,30.0485967787735));
#572=CARTESIAN_POINT('Ctrl Pts',(68.6582901396854,81.9451430994521,30.0486308576491));
#573=CARTESIAN_POINT('Ctrl Pts',(68.4028223866161,81.9494788744208,30.0485987926476));
#574=CARTESIAN_POINT('Ctrl Pts',(68.1462634057549,81.9665472736376,30.0485745083501));
#575=CARTESIAN_POINT('Ctrl Pts',(68.0179835953375,81.9750814945454,30.0485623661711));
#576=CARTESIAN_POINT('Ctrl Pts',(67.8893598814924,81.9868374083987,30.0485523420863));
#577=CARTESIAN_POINT('Ctrl Pts',(67.7618659377658,82.0016700687428,30.0485540704671));
#578=CARTESIAN_POINT('Ctrl Pts',(67.6343723147947,82.0165026917702,30.0485557988437));
#579=CARTESIAN_POINT('Ctrl Pts',(67.5076236448986,82.0344342862911,30.0485805366948));
#580=CARTESIAN_POINT('Ctrl Pts',(67.3816845270461,82.0554155258403,30.0485972887164));
#581=CARTESIAN_POINT('Ctrl Pts',(66.8779275989015,82.1393405601283,30.0486642968633));
#582=CARTESIAN_POINT('Ctrl Pts',(66.3871177375568,82.2713115089291,30.0485277278218));
#583=CARTESIAN_POINT('Ctrl Pts',(65.908390486558,82.4519321534761,30.0485966136554));
#584=CARTESIAN_POINT('Ctrl Pts',(65.788708773095,82.4970872771629,30.0486138350917));
#585=CARTESIAN_POINT('Ctrl Pts',(65.669858506602,82.545293170624,30.0486144529876));
#586=CARTESIAN_POINT('Ctrl Pts',(65.551830840416,82.5966047864499,30.0486075748905));
#587=CARTESIAN_POINT('Ctrl Pts',(65.4338031873655,82.6479163965653,30.0486006967942));
#588=CARTESIAN_POINT('Ctrl Pts',(65.3168118098367,82.7022621646051,30.0485863607005));
#589=CARTESIAN_POINT('Ctrl Pts',(65.2018941180016,82.7591178946547,30.0485742784184));
#590=CARTESIAN_POINT('Ctrl Pts',(64.9720583762647,82.8728295319274,30.0485501138117));
#591=CARTESIAN_POINT('Ctrl Pts',(64.7492053650021,82.9971141260451,30.0485633430027));
#592=CARTESIAN_POINT('Ctrl Pts',(64.5332488767039,83.131771202258,30.0485970468972));
#593=CARTESIAN_POINT('Ctrl Pts',(64.1013363509506,83.4010850735661,30.0486644546156));
#594=CARTESIAN_POINT('Ctrl Pts',(63.6972496240122,83.7110036099779,30.0485278526086));
#595=CARTESIAN_POINT('Ctrl Pts',(63.3213177879413,84.0637931039999,30.0485967925133));
#596=CARTESIAN_POINT('Ctrl Pts',(63.1333517464904,84.2401879668289,30.0486312624882));
#597=CARTESIAN_POINT('Ctrl Pts',(62.9551807081495,84.4249347987146,30.0485983373593));
#598=CARTESIAN_POINT('Ctrl Pts',(62.7873119432303,84.6168384301826,30.048574304151));
#599=CARTESIAN_POINT('Ctrl Pts',(62.6194434548838,84.8087417454792,30.0485502709822));
#600=CARTESIAN_POINT('Ctrl Pts',(62.4614966410317,85.0081827040634,30.0485625717546));
#601=CARTESIAN_POINT('Ctrl Pts',(62.3134835842454,85.2151256800651,30.0485967058165));
#602=CARTESIAN_POINT('Ctrl Pts',(62.1654702262646,85.422069077186,30.0486308399626));
#603=CARTESIAN_POINT('Ctrl Pts',(62.0274947672845,85.6363261108043,30.0485989889169));
#604=CARTESIAN_POINT('Ctrl Pts',(61.8996109952956,85.8581620361921,30.0485747497647));
#605=CARTESIAN_POINT('Ctrl Pts',(61.7717274155458,86.0799976281089,30.048550510649));
#606=CARTESIAN_POINT('Ctrl Pts',(61.6535559731459,86.3105106179598,30.048563177649));
#607=CARTESIAN_POINT('Ctrl Pts',(61.5481245194111,86.5439766834724,30.0485970720968));
#608=CARTESIAN_POINT('Ctrl Pts',(61.337261471113,87.0109091263465,30.0486648610377));
#609=CARTESIAN_POINT('Ctrl Pts',(61.1744757740951,87.4924724539871,30.0485272706376));
#610=CARTESIAN_POINT('Ctrl Pts',(61.0589289445271,87.9894453686131,30.0485964308394));
#611=CARTESIAN_POINT('Ctrl Pts',(61.0011554910847,88.2379319921978,30.0486310109634));
#612=CARTESIAN_POINT('Ctrl Pts',(60.9553080283241,88.4904452611016,30.0485989031492));
#613=CARTESIAN_POINT('Ctrl Pts',(60.9219058512883,88.7459753600167,30.0485745537406));
#614=CARTESIAN_POINT('Ctrl Pts',(60.8885037077642,89.0015052025645,30.0485502043565));
#615=CARTESIAN_POINT('Ctrl Pts',(60.8678439325742,89.257526676102,30.0485637173971));
#616=CARTESIAN_POINT('Ctrl Pts',(60.8598328414151,89.5139935844438,30.0485973291383));
#617=CARTESIAN_POINT('Ctrl Pts',(60.851821750251,89.7704604929464,30.0486309408797));
#618=CARTESIAN_POINT('Ctrl Pts',(60.856439803098,90.0271618233901,30.0485979268702));
#619=CARTESIAN_POINT('Ctrl Pts',(60.8738052613585,90.2842851452019,30.0485737688871));
#620=CARTESIAN_POINT('Ctrl Pts',(60.8911707341109,90.5414086815896,30.0485496108838));
#621=CARTESIAN_POINT('Ctrl Pts',(60.9211611583775,90.7963876992465,30.0485659289129));
#622=CARTESIAN_POINT('Ctrl Pts',(60.9633102715203,91.0479806364428,30.0485981978304));
#623=CARTESIAN_POINT('Ctrl Pts',(61.0476084626314,91.5511663008748,30.0486627356383));
#624=CARTESIAN_POINT('Ctrl Pts',(61.1799431245245,92.0419775884541,30.048531127979));
#625=CARTESIAN_POINT('Ctrl Pts',(61.3612514676739,92.5211638881827,30.0485975811091));
#626=CARTESIAN_POINT('Ctrl Pts',(61.4519055711114,92.7607568579647,30.0486308076492));
#627=CARTESIAN_POINT('Ctrl Pts',(61.5553933365993,92.9980979888123,30.0485975326492));
#628=CARTESIAN_POINT('Ctrl Pts',(61.6691560269093,93.2274870860491,30.0485735792934));
#629=CARTESIAN_POINT('Ctrl Pts',(61.7829188882313,93.4568765281116,30.0485496259017));
#630=CARTESIAN_POINT('Ctrl Pts',(61.9072869427091,93.6794320724412,30.0485653889129));
#631=CARTESIAN_POINT('Ctrl Pts',(62.0420877136224,93.8952011843537,30.0485979279897));
#632=CARTESIAN_POINT('Ctrl Pts',(62.1768883734618,94.1109701184674,30.0486304670532));
#633=CARTESIAN_POINT('Ctrl Pts',(62.3219944355534,94.3197984961021,30.0485979900314));
#634=CARTESIAN_POINT('Ctrl Pts',(62.4775337509075,94.5218166399693,30.0485740255182));
#635=CARTESIAN_POINT('Ctrl Pts',(62.6330730239196,94.7238347288417,30.0485500610115));
#636=CARTESIAN_POINT('Ctrl Pts',(62.7994207613741,94.9194418989395,30.0485647559619));
#637=CARTESIAN_POINT('Ctrl Pts',(62.9760054174263,95.1072231777103,30.0485978406526));
#638=CARTESIAN_POINT('Ctrl Pts',(63.3291746595241,95.4827856608062,30.0486640100209));
#639=CARTESIAN_POINT('Ctrl Pts',(63.71309354169,95.8174009153579,30.0485316256685));
#640=CARTESIAN_POINT('Ctrl Pts',(64.1273638326683,96.1131582979334,30.0485975984179));
#641=CARTESIAN_POINT('Ctrl Pts',(64.3344992463136,96.2610371806642,30.0486305848352));
#642=CARTESIAN_POINT('Ctrl Pts',(64.5490626071493,96.3989518498656,30.0485981558276));
#643=CARTESIAN_POINT('Ctrl Pts',(64.7713491525339,96.5268135004938,30.0485740470542));
#644=CARTESIAN_POINT('Ctrl Pts',(64.8824922522872,96.5907442263205,30.0485619926864));
#645=CARTESIAN_POINT('Ctrl Pts',(64.9958744100911,96.6523061410246,30.0485521157429));
#646=CARTESIAN_POINT('Ctrl Pts',(65.1104807954172,96.7109003189654,30.0485541407994));
#647=CARTESIAN_POINT('Ctrl Pts',(65.2250871930505,96.7694945031984,30.0485561658562));
#648=CARTESIAN_POINT('Ctrl Pts',(65.3407461230104,96.8250525373036,30.0485817229115));
#649=CARTESIAN_POINT('Ctrl Pts',(65.457370445368,96.8775875184994,30.0485980212984));
#650=CARTESIAN_POINT('Ctrl Pts',(65.9238680604014,97.0877275899001,30.0486632148947));
#651=CARTESIAN_POINT('Ctrl Pts',(66.4054685157156,97.2501577267723,30.0485305588964));
#652=CARTESIAN_POINT('Ctrl Pts',(66.90302124533,97.3653664963097,30.0485973659784));
#653=CARTESIAN_POINT('Ctrl Pts',(67.0274093978122,97.3941686817657,30.0486140677449));
#654=CARTESIAN_POINT('Ctrl Pts',(67.1527374398079,97.4199694917116,30.0486143570927));
#655=CARTESIAN_POINT('Ctrl Pts',(67.2790391055542,97.4427365777634,30.0486073173193));
#656=CARTESIAN_POINT('Ctrl Pts',(67.4053410219249,97.4655037089927,30.0486002775319));
#657=CARTESIAN_POINT('Ctrl Pts',(67.5329715059372,97.4852757955403,30.0485858746738));
#658=CARTESIAN_POINT('Ctrl Pts',(67.6604603715617,97.5018111823453,30.0485738173117));
#659=CARTESIAN_POINT('Ctrl Pts',(67.9154374664751,97.5348818734011,30.0485497026426));
#660=CARTESIAN_POINT('Ctrl Pts',(68.170238148665,97.5551831424517,30.0485651936491));
#661=CARTESIAN_POINT('Ctrl Pts',(68.4248147060239,97.5630013735476,30.0485978600961));
#662=CARTESIAN_POINT('Ctrl Pts',(68.93396820343,97.5786378474921,30.0486631930394));
#663=CARTESIAN_POINT('Ctrl Pts',(69.441592414181,97.5449439879771,30.0485302598353));
#664=CARTESIAN_POINT('Ctrl Pts',(69.9486181312909,97.4604158873281,30.0485974021324));
#665=CARTESIAN_POINT('Ctrl Pts',(70.0753744722147,97.4392838768784,30.0486141876872));
#666=CARTESIAN_POINT('Ctrl Pts',(70.2022888523498,97.4148777783895,30.0486143186639));
#667=CARTESIAN_POINT('Ctrl Pts',(70.3277947734204,97.3875130409603,30.0486071781679));
#668=CARTESIAN_POINT('Ctrl Pts',(70.4533006808932,97.360148306496,30.0486000376726));
#669=CARTESIAN_POINT('Ctrl Pts',(70.5776672057579,97.3297937126564,30.0485857267));
#670=CARTESIAN_POINT('Ctrl Pts',(70.7009374191896,97.296499370781,30.0485737584174));
#671=CARTESIAN_POINT('Ctrl Pts',(70.9474782300038,97.2299105833237,30.04854982181));
#672=CARTESIAN_POINT('Ctrl Pts',(71.1897113968858,97.1515670944847,30.0485644979098));
#673=CARTESIAN_POINT('Ctrl Pts',(71.4276194937378,97.0615608238147,30.0485975408043));
#674=CARTESIAN_POINT('Ctrl Pts',(71.6655272329586,96.971554688445,30.0486305836491));
#675=CARTESIAN_POINT('Ctrl Pts',(71.8989289757362,96.8699821715625,30.0485983046532));
#676=CARTESIAN_POINT('Ctrl Pts',(72.1279467583855,96.7566589233354,30.0485742360005));
#677=CARTESIAN_POINT('Ctrl Pts',(72.2424557149737,96.699997266928,30.0485622016673));
#678=CARTESIAN_POINT('Ctrl Pts',(72.3558660034646,96.6403898729243,30.0485522787567));
#679=CARTESIAN_POINT('Ctrl Pts',(72.4681743405988,96.5777634776092,30.0485540883465));
#680=CARTESIAN_POINT('Ctrl Pts',(72.5804828873657,96.5151369653969,30.0485558979398));
#681=CARTESIAN_POINT('Ctrl Pts',(72.6917786065908,96.4494098901255,30.0485811919978));
#682=CARTESIAN_POINT('Ctrl Pts',(72.8006846503595,96.3813999527813,30.0485977399568));
#683=CARTESIAN_POINT('Ctrl Pts',(73.2363079823083,96.1093607299221,30.0486639316646));
#684=CARTESIAN_POINT('Ctrl Pts',(73.639102958361,95.7987808997444,30.0485302276156));
#685=CARTESIAN_POINT('Ctrl Pts',(74.0105388378098,95.4499132189447,30.0485972325514));
#686=CARTESIAN_POINT('Ctrl Pts',(74.1962567775343,95.2754793785448,30.0486307350193));
#687=CARTESIAN_POINT('Ctrl Pts',(74.3738599068513,95.0915827617731,30.0485983608454));
#688=CARTESIAN_POINT('Ctrl Pts',(74.5432626476078,94.8978393841236,30.0485741416383));
#689=CARTESIAN_POINT('Ctrl Pts',(74.6279639762257,94.8009677430595,30.0485620320407));
#690=CARTESIAN_POINT('Ctrl Pts',(74.7104589453499,94.7017691835569,30.0485521689618));
#691=CARTESIAN_POINT('Ctrl Pts',(74.7900105954278,94.6011709924656,30.0485541248729));
#692=CARTESIAN_POINT('Ctrl Pts',(74.8695622442253,94.5005728029934,30.0485560807839));
#693=CARTESIAN_POINT('Ctrl Pts',(74.9464111885054,94.398298707439,30.0485813016769));
#694=CARTESIAN_POINT('Ctrl Pts',(75.0205429865682,94.2944299128426,30.0485977453092));
#695=CARTESIAN_POINT('Ctrl Pts',(75.3170704040434,93.878954418802,30.0486635198924));
#696=CARTESIAN_POINT('Ctrl Pts',(75.5706768706275,93.4384619628932,30.0485294136493));
#697=CARTESIAN_POINT('Ctrl Pts',(75.7813879011343,92.9718380400362,30.04859709577));
#698=CARTESIAN_POINT('Ctrl Pts',(75.8867434955747,92.7385259032464,30.0486309368557));
#699=CARTESIAN_POINT('Ctrl Pts',(75.9815070593121,92.4976159723355,30.0485979909219));
#700=CARTESIAN_POINT('Ctrl Pts',(76.0634421500096,92.2548358234839,30.0485739297675));
#701=CARTESIAN_POINT('Ctrl Pts',(76.1355872718717,92.0410641259671,30.0485527435467));
#702=CARTESIAN_POINT('Ctrl Pts',(76.1981403973802,91.8252742213125,30.0485614487183));
#703=CARTESIAN_POINT('Ctrl Pts',(76.2512236136794,91.607524340999,30.048586445057));
#704=CARTESIAN_POINT('Origin',(-17.5792248940798,34.6795370714595,17.3919393286491));
#705=CARTESIAN_POINT('',(75.9465016379202,86.2951886634595,17.3919393286491));
#706=CARTESIAN_POINT('',(76.2610292289786,87.0487379207586,17.391939329169));
#707=CARTESIAN_POINT('Origin',(69.3624512597935,88.6671528105273,17.3919393291484));
#708=CARTESIAN_POINT('Ctrl Pts',(76.26102922902,87.0487379207439,17.391939328666));
#709=CARTESIAN_POINT('Ctrl Pts',(76.3095448977178,87.1847682132372,17.3919393286682));
#710=CARTESIAN_POINT('Ctrl Pts',(76.3541027501567,87.3218731080825,17.39193932867));
#711=CARTESIAN_POINT('Ctrl Pts',(76.3948152080091,87.460056270177,17.3919393286704));
#712=CARTESIAN_POINT('Ctrl Pts',(76.4260258585393,87.5659891125743,17.3919393286707));
#713=CARTESIAN_POINT('Ctrl Pts',(76.4549755769448,87.672556142597,17.3919393286702));
#714=CARTESIAN_POINT('Ctrl Pts',(76.4816952691349,87.7797652027394,17.3919393286685));
#715=CARTESIAN_POINT('Ctrl Pts',(76.5182352736528,87.9263769044795,17.3919393286661));
#716=CARTESIAN_POINT('Ctrl Pts',(76.5506010999197,88.0741676696583,17.3919393286772));
#717=CARTESIAN_POINT('Ctrl Pts',(76.5788197081362,88.2231336446914,17.3919393286821));
#718=CARTESIAN_POINT('Ctrl Pts',(76.5996245922374,88.3329625852899,17.3919393286857));
#719=CARTESIAN_POINT('Ctrl Pts',(76.6181740788229,88.4434305948769,17.391939328686));
#720=CARTESIAN_POINT('Ctrl Pts',(76.6344608851142,88.5545374220044,17.391939328675));
#721=CARTESIAN_POINT('Ctrl Pts',(76.6358229893656,88.5638295495632,17.3919393286741));
#722=CARTESIAN_POINT('Ctrl Pts',(76.6371693478813,88.573126755848,17.3919393286732));
#723=CARTESIAN_POINT('Ctrl Pts',(76.6384999074182,88.5824287709598,17.3919393286723));
#724=CARTESIAN_POINT('Ctrl Pts',(76.6537309062363,88.6889095237929,17.3919393286626));
#725=CARTESIAN_POINT('Ctrl Pts',(76.6668876798291,88.7960216293286,17.3919393286574));
#726=CARTESIAN_POINT('Ctrl Pts',(76.6779170015838,88.9033566572289,17.3919393286595));
#727=CARTESIAN_POINT('Ctrl Pts',(76.6890006316657,89.0112202022904,17.3919393286617));
#728=CARTESIAN_POINT('Ctrl Pts',(76.697935787016,89.1193085210869,17.3919393286713));
#729=CARTESIAN_POINT('Ctrl Pts',(76.7047208179025,89.2272015372837,17.3919393286914));
#730=CARTESIAN_POINT('Ctrl Pts',(76.7072125696894,89.2668244395816,17.3919393286987));
#731=CARTESIAN_POINT('Ctrl Pts',(76.7094148487472,89.3064209743349,17.3919393287075));
#732=CARTESIAN_POINT('Ctrl Pts',(76.7113293335049,89.3459702927968,17.3919393287178));
#733=CARTESIAN_POINT('Ctrl Pts',(76.7186489636054,89.4971787997872,17.3919393287571));
#734=CARTESIAN_POINT('Ctrl Pts',(76.7217896125811,89.6481583188958,17.3919393287852));
#735=CARTESIAN_POINT('Ctrl Pts',(76.7208246317126,89.7989074491448,17.391939328802));
#736=CARTESIAN_POINT('Ctrl Pts',(76.7200500113781,89.9199184924909,17.3919393288156));
#737=CARTESIAN_POINT('Ctrl Pts',(76.7166287982915,90.040781390442,17.3919393288218));
#738=CARTESIAN_POINT('Ctrl Pts',(76.7105747399052,90.1614973644588,17.3919393288208));
#739=CARTESIAN_POINT('Ctrl Pts',(76.7030234074584,90.3120685009222,17.3919393288195));
#740=CARTESIAN_POINT('Ctrl Pts',(76.6913773618061,90.4624124352556,17.3919393288069));
#741=CARTESIAN_POINT('Ctrl Pts',(76.6756120599336,90.612528952232,17.3919393287829));
#742=CARTESIAN_POINT('Ctrl Pts',(76.6648293235527,90.7152016978641,17.3919393287666));
#743=CARTESIAN_POINT('Ctrl Pts',(76.6521185626751,90.8177680141397,17.3919393287449));
#744=CARTESIAN_POINT('Ctrl Pts',(76.6374580676054,90.9202254437955,17.3919393287179));
#745=CARTESIAN_POINT('Ctrl Pts',(76.62045130778,91.0390801543764,17.3919393286865));
#746=CARTESIAN_POINT('Ctrl Pts',(76.600777100455,91.1580541196606,17.3919393286695));
#747=CARTESIAN_POINT('Ctrl Pts',(76.5784430841738,91.2767233837109,17.391939328661));
#748=CARTESIAN_POINT('Ctrl Pts',(76.5562281300482,91.394760024493,17.3919393286525));
#749=CARTESIAN_POINT('Ctrl Pts',(76.5313816823187,91.5124948140529,17.3919393286525));
#750=CARTESIAN_POINT('Ctrl Pts',(76.5039623302575,91.6295179781215,17.3919393286554));
#751=CARTESIAN_POINT('Ctrl Pts',(76.4984168502636,91.6531855547191,17.391939328656));
#752=CARTESIAN_POINT('Ctrl Pts',(76.492766295302,91.6768240585668,17.3919393286566));
#753=CARTESIAN_POINT('Ctrl Pts',(76.4870114033333,91.7004301589384,17.3919393286574));
#754=CARTESIAN_POINT('Ctrl Pts',(76.4849784347379,91.7087692313268,17.3919393286577));
#755=CARTESIAN_POINT('Ctrl Pts',(76.4829327471521,91.7171030275854,17.3919393286579));
#756=CARTESIAN_POINT('Ctrl Pts',(76.4808743509194,91.7254315499594,17.3919393286581));
#757=CARTESIAN_POINT('Ctrl Pts',(76.4443615333223,91.873166866158,17.391939328662));
#758=CARTESIAN_POINT('Ctrl Pts',(76.4038535768301,92.0192440695408,17.3919393286585));
#759=CARTESIAN_POINT('Ctrl Pts',(76.3593771564602,92.1636695752566,17.3919393286612));
#760=CARTESIAN_POINT('Ctrl Pts',(76.3288862598573,92.2626807619703,17.3919393286631));
#761=CARTESIAN_POINT('Ctrl Pts',(76.2965291717267,92.3609156604446,17.391939328668));
#762=CARTESIAN_POINT('Ctrl Pts',(76.2623004873812,92.4583742407206,17.3919393286803));
#763=CARTESIAN_POINT('Ctrl Pts',(76.2144259817419,92.5946862679063,17.3919393286975));
#764=CARTESIAN_POINT('Ctrl Pts',(76.1629013828341,92.7294547466358,17.3919393287199));
#765=CARTESIAN_POINT('Ctrl Pts',(76.1076673717083,92.8626956870463,17.3919393287403));
#766=CARTESIAN_POINT('Ctrl Pts',(76.0586722995359,92.9808864423196,17.3919393287584));
#767=CARTESIAN_POINT('Ctrl Pts',(76.0067577933247,93.09787528365,17.3919393287748));
#768=CARTESIAN_POINT('Ctrl Pts',(75.9518505779095,93.2136605599545,17.3919393287845));
#769=CARTESIAN_POINT('Ctrl Pts',(75.8895607003084,93.3450139828967,17.3919393287956));
#770=CARTESIAN_POINT('Ctrl Pts',(75.8234598001384,93.4747347155725,17.3919393287979));
#771=CARTESIAN_POINT('Ctrl Pts',(75.7535544522508,93.6028695964302,17.391939328784));
#772=CARTESIAN_POINT('Ctrl Pts',(75.7021509002474,93.697091114678,17.3919393287739));
#773=CARTESIAN_POINT('Ctrl Pts',(75.6486892599397,93.7904546250653,17.391939328755));
#774=CARTESIAN_POINT('Ctrl Pts',(75.5931576896183,93.8829680856117,17.3919393287243));
#775=CARTESIAN_POINT('Ctrl Pts',(75.5372456944814,93.9761153192706,17.3919393286935));
#776=CARTESIAN_POINT('Ctrl Pts',(75.4792525905147,94.0683610911321,17.3919393286753));
#777=CARTESIAN_POINT('Ctrl Pts',(75.4194002182279,94.1593703736459,17.3919393286673));
#778=CARTESIAN_POINT('Ctrl Pts',(75.3590502116013,94.2511363403559,17.3919393286592));
#779=CARTESIAN_POINT('Ctrl Pts',(75.2968101049467,94.3416448985706,17.3919393286615));
#780=CARTESIAN_POINT('Ctrl Pts',(75.2329516374307,94.4305817672026,17.3919393286717));
#781=CARTESIAN_POINT('Ctrl Pts',(75.2057174823014,94.4685112786873,17.391939328676));
#782=CARTESIAN_POINT('Ctrl Pts',(75.1781895029282,94.5061553111492,17.3919393286818));
#783=CARTESIAN_POINT('Ctrl Pts',(75.1503910387804,94.5434912598554,17.3919393286887));
#784=CARTESIAN_POINT('Ctrl Pts',(75.1450316084661,94.5506894782261,17.3919393286901));
#785=CARTESIAN_POINT('Ctrl Pts',(75.1396610730194,94.5578776656839,17.3919393286913));
#786=CARTESIAN_POINT('Ctrl Pts',(75.1342794529172,94.5650558374573,17.3919393286924));
#787=CARTESIAN_POINT('Ctrl Pts',(75.0439833702708,94.6854955525196,17.3919393287105));
#788=CARTESIAN_POINT('Ctrl Pts',(74.9505701077007,94.8031190613911,17.3919393286921));
#789=CARTESIAN_POINT('Ctrl Pts',(74.8541065627576,94.9179838788003,17.391939328674));
#790=CARTESIAN_POINT('Ctrl Pts',(74.7872316568372,94.9976157631804,17.3919393286615));
#791=CARTESIAN_POINT('Ctrl Pts',(74.718889740192,95.0759212315861,17.3919393286491));
#792=CARTESIAN_POINT('Ctrl Pts',(74.6490911672455,95.1529109218011,17.3919393286491));
#793=CARTESIAN_POINT('Ctrl Pts',(74.5476513132828,95.2648017900862,17.3919393286491));
#794=CARTESIAN_POINT('Ctrl Pts',(74.4431379576145,95.3739134051903,17.3919393286637));
#795=CARTESIAN_POINT('Ctrl Pts',(74.3355509734603,95.4802485108954,17.391939328672));
#796=CARTESIAN_POINT('Ctrl Pts',(74.2559635937448,95.5589098145966,17.3919393286781));
#797=CARTESIAN_POINT('Ctrl Pts',(74.1746934044561,95.636051042296,17.3919393286807));
#798=CARTESIAN_POINT('Ctrl Pts',(74.0917283688748,95.7116593959097,17.3919393286713));
#799=CARTESIAN_POINT('Ctrl Pts',(74.0840596001346,95.7186481590029,17.3919393286704));
#800=CARTESIAN_POINT('Ctrl Pts',(74.0763747176681,95.7256252978617,17.3919393286696));
#801=CARTESIAN_POINT('Ctrl Pts',(74.0686739454191,95.7325905504583,17.3919393286688));
#802=CARTESIAN_POINT('Ctrl Pts',(73.9863012794765,95.8070956009634,17.3919393286602));
#803=CARTESIAN_POINT('Ctrl Pts',(73.9021071231235,95.8802379211554,17.3919393286557));
#804=CARTESIAN_POINT('Ctrl Pts',(73.816384506478,95.9517153730198,17.3919393286572));
#805=CARTESIAN_POINT('Ctrl Pts',(73.7308394466646,96.0230447739915,17.3919393286586));
#806=CARTESIAN_POINT('Ctrl Pts',(73.6437725214247,96.0927159482576,17.391939328666));
#807=CARTESIAN_POINT('Ctrl Pts',(73.555508986554,96.1604678396045,17.3919393286812));
#808=CARTESIAN_POINT('Ctrl Pts',(73.530107811274,96.1799660125496,17.3919393286856));
#809=CARTESIAN_POINT('Ctrl Pts',(73.5046077319906,96.199305488246,17.3919393286906));
#810=CARTESIAN_POINT('Ctrl Pts',(73.4790169745163,96.2184806903654,17.3919393286963));
#811=CARTESIAN_POINT('Ctrl Pts',(73.3568187221127,96.3100440679182,17.3919393287235));
#812=CARTESIAN_POINT('Ctrl Pts',(73.2325500074706,96.3978701620878,17.3919393287394));
#813=CARTESIAN_POINT('Ctrl Pts',(73.1062388528062,96.4819921903661,17.3919393287467));
#814=CARTESIAN_POINT('Ctrl Pts',(73.0055850452834,96.5490266693498,17.3919393287526));
#815=CARTESIAN_POINT('Ctrl Pts',(72.9036334418548,96.6137084276616,17.391939328753));
#816=CARTESIAN_POINT('Ctrl Pts',(72.8003827754157,96.6760363159521,17.3919393287492));
#817=CARTESIAN_POINT('Ctrl Pts',(72.6717695069735,96.7536744920975,17.3919393287445));
#818=CARTESIAN_POINT('Ctrl Pts',(72.5411400154992,96.8276620933917,17.3919393287333));
#819=CARTESIAN_POINT('Ctrl Pts',(72.408467358503,96.8979531205362,17.3919393287182));
#820=CARTESIAN_POINT('Ctrl Pts',(72.3176498678555,96.9460689482043,17.3919393287079));
#821=CARTESIAN_POINT('Ctrl Pts',(72.2258744239054,96.9924517917086,17.3919393286958));
#822=CARTESIAN_POINT('Ctrl Pts',(72.1331260572237,97.0370742767308,17.3919393286826));
#823=CARTESIAN_POINT('Ctrl Pts',(72.0027344990453,97.0998074068118,17.3919393286642));
#824=CARTESIAN_POINT('Ctrl Pts',(71.870423844946,97.1590618943797,17.3919393286659));
#825=CARTESIAN_POINT('Ctrl Pts',(71.736128111962,97.2147283498142,17.3919393286684));
#826=CARTESIAN_POINT('Ctrl Pts',(71.6265762711262,97.2601383008986,17.3919393286704));
#827=CARTESIAN_POINT('Ctrl Pts',(71.5157030620549,97.3031598337658,17.391939328673));
#828=CARTESIAN_POINT('Ctrl Pts',(71.4034659933626,97.3437086933002,17.3919393286656));
#829=CARTESIAN_POINT('Ctrl Pts',(71.3936417512086,97.3472579824947,17.3919393286649));
#830=CARTESIAN_POINT('Ctrl Pts',(71.3838095687397,97.3507874038339,17.3919393286643));
#831=CARTESIAN_POINT('Ctrl Pts',(71.3739696529198,97.3542968434583,17.3919393286637));
#832=CARTESIAN_POINT('Ctrl Pts',(71.2537780610743,97.3971635856805,17.3919393286564));
#833=CARTESIAN_POINT('Ctrl Pts',(71.1324991366467,97.4370202988934,17.3919393286534));
#834=CARTESIAN_POINT('Ctrl Pts',(71.010559539028,97.4738003446614,17.3919393286591));
#835=CARTESIAN_POINT('Ctrl Pts',(70.8886199414093,97.5105803904294,17.3919393286649));
#836=CARTESIAN_POINT('Ctrl Pts',(70.7660201194342,97.5442838368047,17.3919393286794));
#837=CARTESIAN_POINT('Ctrl Pts',(70.6431997586012,97.5748987151837,17.3919393287075));
#838=CARTESIAN_POINT('Ctrl Pts',(70.4974943214917,97.6112180534923,17.3919393287408));
#839=CARTESIAN_POINT('Ctrl Pts',(70.3511057338535,97.6432947104277,17.3919393287594));
#840=CARTESIAN_POINT('Ctrl Pts',(70.2040556495966,97.6712370230371,17.3919393287673));
#841=CARTESIAN_POINT('Ctrl Pts',(70.0832418284886,97.6941939466867,17.3919393287738));
#842=CARTESIAN_POINT('Ctrl Pts',(69.9619810204363,97.7143592457619,17.3919393287731));
#843=CARTESIAN_POINT('Ctrl Pts',(69.8402788014187,97.7317675219493,17.3919393287673));
#844=CARTESIAN_POINT('Ctrl Pts',(69.6904165171725,97.7532038117335,17.3919393287602));
#845=CARTESIAN_POINT('Ctrl Pts',(69.5398836773048,97.7704615985923,17.3919393287454));
#846=CARTESIAN_POINT('Ctrl Pts',(69.3886808732152,97.7835542566893,17.3919393287269));
#847=CARTESIAN_POINT('Ctrl Pts',(69.2875741111587,97.792309096091,17.3919393287146));
#848=CARTESIAN_POINT('Ctrl Pts',(69.1861676517187,97.7992004781996,17.3919393287007));
#849=CARTESIAN_POINT('Ctrl Pts',(69.0844616429174,97.8042194010695,17.3919393286863));
#850=CARTESIAN_POINT('Ctrl Pts',(68.9768195910189,97.8095312519857,17.3919393286711));
#851=CARTESIAN_POINT('Ctrl Pts',(68.8686210328084,97.8127512807355,17.3919393286621));
#852=CARTESIAN_POINT('Ctrl Pts',(68.7602825947949,97.8138421727736,17.3919393286602));
#853=CARTESIAN_POINT('Ctrl Pts',(68.6517806787453,97.8149347109209,17.3919393286583));
#854=CARTESIAN_POINT('Ctrl Pts',(68.5431388156788,97.813891672257,17.3919393286635));
#855=CARTESIAN_POINT('Ctrl Pts',(68.4347772729382,97.8107278552937,17.3919393286768));
#856=CARTESIAN_POINT('Ctrl Pts',(68.3861408544609,97.8093078245159,17.3919393286827));
#857=CARTESIAN_POINT('Ctrl Pts',(68.3375608981328,97.8074612585136,17.3919393286902));
#858=CARTESIAN_POINT('Ctrl Pts',(68.2890752264213,97.8051929029369,17.3919393286995));
#859=CARTESIAN_POINT('Ctrl Pts',(68.2797842158967,97.8047582319342,17.3919393287012));
#860=CARTESIAN_POINT('Ctrl Pts',(68.2704958766944,97.8043080424582,17.3919393287029));
#861=CARTESIAN_POINT('Ctrl Pts',(68.2612102079205,97.8038423544547,17.3919393287044));
#862=CARTESIAN_POINT('Ctrl Pts',(68.1099638847174,97.7962571605388,17.3919393287294));
#863=CARTESIAN_POINT('Ctrl Pts',(67.9594253969451,97.7845644610495,17.3919393287238));
#864=CARTESIAN_POINT('Ctrl Pts',(67.8095886492036,97.7688176941009,17.3919393287116));
#865=CARTESIAN_POINT('Ctrl Pts',(67.7068647341109,97.7580221477786,17.3919393287032));
#866=CARTESIAN_POINT('Ctrl Pts',(67.604470503336,97.745320056385,17.3919393286917));
#867=CARTESIAN_POINT('Ctrl Pts',(67.5024039808917,97.730714499659,17.3919393286847));
#868=CARTESIAN_POINT('Ctrl Pts',(67.3544709175955,97.7095455140223,17.3919393286746));
#869=CARTESIAN_POINT('Ctrl Pts',(67.2072360199136,97.6843816272316,17.3919393286673));
#870=CARTESIAN_POINT('Ctrl Pts',(67.0606952183859,97.6551906742425,17.3919393286621));
#871=CARTESIAN_POINT('Ctrl Pts',(66.9390760560744,97.6309641160921,17.3919393286578));
#872=CARTESIAN_POINT('Ctrl Pts',(66.8179349445014,97.6039628458292,17.391939328655));
#873=CARTESIAN_POINT('Ctrl Pts',(66.6972760229203,97.5741419654592,17.391939328653));
#874=CARTESIAN_POINT('Ctrl Pts',(66.5698519605296,97.5426490789737,17.391939328651));
#875=CARTESIAN_POINT('Ctrl Pts',(66.4429645856097,97.508011333365,17.39193932865));
#876=CARTESIAN_POINT('Ctrl Pts',(66.3166325663622,97.470144397523,17.3919393286495));
#877=CARTESIAN_POINT('Ctrl Pts',(66.2218835519266,97.4417441956414,17.3919393286492));
#878=CARTESIAN_POINT('Ctrl Pts',(66.1274471278699,97.4115269626199,17.3919393286491));
#879=CARTESIAN_POINT('Ctrl Pts',(66.0333366712306,97.3794459534473,17.3919393286491));
#880=CARTESIAN_POINT('Ctrl Pts',(66.0130098299467,97.3725168022673,17.3919393286491));
#881=CARTESIAN_POINT('Ctrl Pts',(65.9926982154083,97.3655006677458,17.3919393286491));
#882=CARTESIAN_POINT('Ctrl Pts',(65.9724019965107,97.3583970197263,17.3919393286491));
#883=CARTESIAN_POINT('Ctrl Pts',(65.9588289128639,97.3536464595725,17.3919393286491));
#884=CARTESIAN_POINT('Ctrl Pts',(65.9452702786353,97.3488593926425,17.3919393286491));
#885=CARTESIAN_POINT('Ctrl Pts',(65.9317335818054,97.3440384881833,17.3919393286491));
#886=CARTESIAN_POINT('Ctrl Pts',(65.7922443532177,97.2943613584842,17.3919393286494));
#887=CARTESIAN_POINT('Ctrl Pts',(65.6548341539912,97.2410082028376,17.3919393286511));
#888=CARTESIAN_POINT('Ctrl Pts',(65.519468614004,97.1839935137894,17.3919393286531));
#889=CARTESIAN_POINT('Ctrl Pts',(65.4147753540489,97.1398976998745,17.3919393286546));
#890=CARTESIAN_POINT('Ctrl Pts',(65.3113051789294,97.0936106374591,17.3919393286563));
#891=CARTESIAN_POINT('Ctrl Pts',(65.2090470129205,97.0451181924589,17.3919393286577));
#892=CARTESIAN_POINT('Ctrl Pts',(65.0782048021589,96.9830707398522,17.3919393286595));
#893=CARTESIAN_POINT('Ctrl Pts',(64.9494297116429,96.9174540521454,17.3919393286607));
#894=CARTESIAN_POINT('Ctrl Pts',(64.8226402161039,96.8483501134336,17.3919393286602));
#895=CARTESIAN_POINT('Ctrl Pts',(64.7272490418813,96.7963591671087,17.3919393286598));
#896=CARTESIAN_POINT('Ctrl Pts',(64.6329821766373,96.7423932050169,17.3919393286585));
#897=CARTESIAN_POINT('Ctrl Pts',(64.5398137561211,96.6864698837915,17.3919393286557));
#898=CARTESIAN_POINT('Ctrl Pts',(64.4102151141077,96.6086797221946,17.3919393286519));
#899=CARTESIAN_POINT('Ctrl Pts',(64.2827554758302,96.5271124204698,17.3919393286802));
#900=CARTESIAN_POINT('Ctrl Pts',(64.157416473154,96.4417936500999,17.3919393286962));
#901=CARTESIAN_POINT('Ctrl Pts',(64.0652859183195,96.3790800056306,17.3919393287079));
#902=CARTESIAN_POINT('Ctrl Pts',(63.9743017171202,96.3143384970417,17.3919393287131));
#903=CARTESIAN_POINT('Ctrl Pts',(63.8844681976404,96.2475656476634,17.3919393286941));
#904=CARTESIAN_POINT('Ctrl Pts',(63.8755193985892,96.2409140457377,17.3919393286922));
#905=CARTESIAN_POINT('Ctrl Pts',(63.86658044083,96.2342410979102,17.3919393286903));
#906=CARTESIAN_POINT('Ctrl Pts',(63.8576517354223,96.2275470674568,17.3919393286886));
#907=CARTESIAN_POINT('Ctrl Pts',(63.7731433268715,96.164189409815,17.3919393286722));
#908=CARTESIAN_POINT('Ctrl Pts',(63.6895552703916,96.0989394097108,17.3919393286631));
#909=CARTESIAN_POINT('Ctrl Pts',(63.6072197844876,96.0320423229271,17.3919393286632));
#910=CARTESIAN_POINT('Ctrl Pts',(63.5245201065034,95.9648493322701,17.3919393286632));
#911=CARTESIAN_POINT('Ctrl Pts',(63.4430843645669,95.8959948743183,17.3919393286724));
#912=CARTESIAN_POINT('Ctrl Pts',(63.3632166312215,95.8257688057131,17.3919393286926));
#913=CARTESIAN_POINT('Ctrl Pts',(63.3319289582206,95.7982581931213,17.3919393287005));
#914=CARTESIAN_POINT('Ctrl Pts',(63.3008815441847,95.7705375164735,17.39193932871));
#915=CARTESIAN_POINT('Ctrl Pts',(63.2700911887328,95.7426257959997,17.3919393287214));
#916=CARTESIAN_POINT('Ctrl Pts',(63.1579444014557,95.6409637744813,17.3919393287628));
#917=CARTESIAN_POINT('Ctrl Pts',(63.0489395244517,95.5365318996549,17.3919393287859));
#918=CARTESIAN_POINT('Ctrl Pts',(62.9430216288163,95.4293877234517,17.3919393287957));
#919=CARTESIAN_POINT('Ctrl Pts',(62.8566724143336,95.3420387877876,17.3919393288036));
#920=CARTESIAN_POINT('Ctrl Pts',(62.7723753565888,95.2528862445857,17.3919393288027));
#921=CARTESIAN_POINT('Ctrl Pts',(62.6901170219297,95.1619415599509,17.3919393287955));
#922=CARTESIAN_POINT('Ctrl Pts',(62.5889474635984,95.0500886563491,17.3919393287867));
#923=CARTESIAN_POINT('Ctrl Pts',(62.4908598394984,94.935524877604,17.3919393287685));
#924=CARTESIAN_POINT('Ctrl Pts',(62.3958670983161,94.8182364308229,17.3919393287458));
#925=CARTESIAN_POINT('Ctrl Pts',(62.3318358119632,94.7391763886738,17.3919393287305));
#926=CARTESIAN_POINT('Ctrl Pts',(62.2692115075988,94.6588776291426,17.3919393287131));
#927=CARTESIAN_POINT('Ctrl Pts',(62.208008981174,94.5773280718525,17.3919393286953));
#928=CARTESIAN_POINT('Ctrl Pts',(62.1255339324938,94.4674338550571,17.3919393286712));
#929=CARTESIAN_POINT('Ctrl Pts',(62.0454872517489,94.3550537985701,17.3919393286597));
#930=CARTESIAN_POINT('Ctrl Pts',(61.9681933536938,94.2404970738423,17.3919393286584));
#931=CARTESIAN_POINT('Ctrl Pts',(61.897236332868,94.1353321888154,17.3919393286573));
#932=CARTESIAN_POINT('Ctrl Pts',(61.8285990298543,94.0283335025622,17.3919393286648));
#933=CARTESIAN_POINT('Ctrl Pts',(61.7625022316517,93.919764409123,17.3919393286793));
#934=CARTESIAN_POINT('Ctrl Pts',(61.7572072653815,93.9110670182753,17.3919393286804));
#935=CARTESIAN_POINT('Ctrl Pts',(61.7519302792621,93.9023623417869,17.3919393286815));
#936=CARTESIAN_POINT('Ctrl Pts',(61.7466712569227,93.893650389958,17.3919393286824));
#937=CARTESIAN_POINT('Ctrl Pts',(61.668062655156,93.763429541343,17.3919393286959));
#938=CARTESIAN_POINT('Ctrl Pts',(61.5934640798638,93.6315849030481,17.3919393286821));
#939=CARTESIAN_POINT('Ctrl Pts',(61.5228471647116,93.4981327945677,17.3919393286789));
#940=CARTESIAN_POINT('Ctrl Pts',(61.4749736319706,93.4076612146223,17.3919393286768));
#941=CARTESIAN_POINT('Ctrl Pts',(61.4289308199461,93.3164500942606,17.3919393286794));
#942=CARTESIAN_POINT('Ctrl Pts',(61.3847207537721,93.2244962951974,17.3919393286987));
#943=CARTESIAN_POINT('Ctrl Pts',(61.3219905180717,93.0940218583106,17.3919393287261));
#944=CARTESIAN_POINT('Ctrl Pts',(61.2629598035497,92.962077771094,17.3919393287561));
#945=CARTESIAN_POINT('Ctrl Pts',(61.2076549958077,92.8286134050003,17.3919393287813));
#946=CARTESIAN_POINT('Ctrl Pts',(61.1582493476222,92.709385189846,17.3919393288038));
#947=CARTESIAN_POINT('Ctrl Pts',(61.1118175723176,92.5889432161228,17.3919393288224));
#948=CARTESIAN_POINT('Ctrl Pts',(61.0684107294353,92.4672372674542,17.3919393288318));
#949=CARTESIAN_POINT('Ctrl Pts',(61.0195652539507,92.3302822498287,17.3919393288424));
#950=CARTESIAN_POINT('Ctrl Pts',(60.9745807601549,92.1918145930285,17.3919393288414));
#951=CARTESIAN_POINT('Ctrl Pts',(60.933414704612,92.0518076667118,17.3919393288211));
#952=CARTESIAN_POINT('Ctrl Pts',(60.9035540278114,91.950250655202,17.3919393288063));
#953=CARTESIAN_POINT('Ctrl Pts',(60.8757035386736,91.8478834063879,17.3919393287814));
#954=CARTESIAN_POINT('Ctrl Pts',(60.8498639234053,91.7446930254215,17.3919393287435));
#955=CARTESIAN_POINT('Ctrl Pts',(60.8243375709171,91.6427536578807,17.391939328706));
#956=CARTESIAN_POINT('Ctrl Pts',(60.800763156343,91.5399464535458,17.3919393286834));
#957=CARTESIAN_POINT('Ctrl Pts',(60.7792308960214,91.4366644488809,17.3919393286737));
#958=CARTESIAN_POINT('Ctrl Pts',(60.7575292035767,91.3325697432233,17.391939328664));
#959=CARTESIAN_POINT('Ctrl Pts',(60.7379019782489,91.2279930650342,17.3919393286673));
#960=CARTESIAN_POINT('Ctrl Pts',(60.7203897491004,91.1233481588095,17.3919393286818));
#961=CARTESIAN_POINT('Ctrl Pts',(60.7115246504631,91.070374467813,17.3919393286891));
#962=CARTESIAN_POINT('Ctrl Pts',(60.7032007197884,91.0173834412307,17.3919393286993));
#963=CARTESIAN_POINT('Ctrl Pts',(60.6954181818102,90.9644294284757,17.3919393287121));
#964=CARTESIAN_POINT('Ctrl Pts',(60.693905374795,90.9541359737951,17.3919393287146));
#965=CARTESIAN_POINT('Ctrl Pts',(60.6924126781735,90.9438416343405,17.3919393287167));
#966=CARTESIAN_POINT('Ctrl Pts',(60.6909400509262,90.9335464159587,17.3919393287187));
#967=CARTESIAN_POINT('Ctrl Pts',(60.6696535556245,90.7847313521834,17.3919393287463));
#968=CARTESIAN_POINT('Ctrl Pts',(60.6525555592673,90.6357326617298,17.3919393287168));
#969=CARTESIAN_POINT('Ctrl Pts',(60.6395536583937,90.4865567888714,17.3919393286881));
#970=CARTESIAN_POINT('Ctrl Pts',(60.6306171643508,90.3840249120245,17.3919393286684));
#971=CARTESIAN_POINT('Ctrl Pts',(60.6236167923488,90.2814090071968,17.3919393286491));
#972=CARTESIAN_POINT('Ctrl Pts',(60.6185365623724,90.1787086854372,17.3919393286491));
#973=CARTESIAN_POINT('Ctrl Pts',(60.6110689180389,90.0277451504414,17.3919393286491));
#974=CARTESIAN_POINT('Ctrl Pts',(60.6077480039684,89.8766015850804,17.3919393286813));
#975=CARTESIAN_POINT('Ctrl Pts',(60.6085668440153,89.7252764943388,17.3919393286994));
#976=CARTESIAN_POINT('Ctrl Pts',(60.6091716023958,89.6135145975644,17.3919393287127));
#977=CARTESIAN_POINT('Ctrl Pts',(60.6120355238811,89.5016535740066,17.3919393287184));
#978=CARTESIAN_POINT('Ctrl Pts',(60.6171740188469,89.3896939650278,17.3919393286977));
#979=CARTESIAN_POINT('Ctrl Pts',(60.6177126126343,89.3779588655019,17.3919393286956));
#980=CARTESIAN_POINT('Ctrl Pts',(60.6182763330013,89.3662200078695,17.3919393286935));
#981=CARTESIAN_POINT('Ctrl Pts',(60.6188652184239,89.3544778224597,17.3919393286915));
#982=CARTESIAN_POINT('Ctrl Pts',(60.6247078228569,89.2379781743261,17.3919393286719));
#983=CARTESIAN_POINT('Ctrl Pts',(60.6330318831986,89.1211503777411,17.3919393286619));
#984=CARTESIAN_POINT('Ctrl Pts',(60.6438485572589,89.0044153015388,17.3919393286615));
#985=CARTESIAN_POINT('Ctrl Pts',(60.6546410577063,88.8879411103862,17.3919393286611));
#986=CARTESIAN_POINT('Ctrl Pts',(60.6679150293937,88.7715596104458,17.3919393286703));
#987=CARTESIAN_POINT('Ctrl Pts',(60.6836297523417,88.6556855515734,17.3919393286893));
#988=CARTESIAN_POINT('Ctrl Pts',(60.6862295222134,88.6365158921294,17.3919393286924));
#989=CARTESIAN_POINT('Ctrl Pts',(60.6888959779,88.6173601059176,17.3919393286958));
#990=CARTESIAN_POINT('Ctrl Pts',(60.6916287987718,88.5982200507172,17.3919393286995));
#991=CARTESIAN_POINT('Ctrl Pts',(60.7132204442714,88.446997081442,17.3919393287285));
#992=CARTESIAN_POINT('Ctrl Pts',(60.7389178320304,88.2969832925608,17.3919393287425));
#993=CARTESIAN_POINT('Ctrl Pts',(60.768672129629,88.1481743727105,17.3919393287465));
#994=CARTESIAN_POINT('Ctrl Pts',(60.7926647441496,88.028181116631,17.3919393287498));
#995=CARTESIAN_POINT('Ctrl Pts',(60.8192962303571,87.9089711073625,17.3919393287467));
#996=CARTESIAN_POINT('Ctrl Pts',(60.8485656069279,87.7905436374615,17.3919393287397));
#997=CARTESIAN_POINT('Ctrl Pts',(60.8846387839593,87.6445871605007,17.3919393287312));
#998=CARTESIAN_POINT('Ctrl Pts',(60.9247179966818,87.4998177047437,17.391939328717));
#999=CARTESIAN_POINT('Ctrl Pts',(60.9688501035833,87.3562471428281,17.3919393287021));
#1000=CARTESIAN_POINT('Ctrl Pts',(60.9986578373474,87.2592766289233,17.3919393286921));
#1001=CARTESIAN_POINT('Ctrl Pts',(61.0303155040272,87.1628532403495,17.3919393286817));
#1002=CARTESIAN_POINT('Ctrl Pts',(61.0638503872098,87.0669847475608,17.3919393286726));
#1003=CARTESIAN_POINT('Ctrl Pts',(61.1118058036164,86.9298912778469,17.3919393286596));
#1004=CARTESIAN_POINT('Ctrl Pts',(61.1635965904499,86.7939354740815,17.3919393286735));
#1005=CARTESIAN_POINT('Ctrl Pts',(61.2193425995127,86.659148135015,17.3919393286831));
#1006=CARTESIAN_POINT('Ctrl Pts',(61.264399543602,86.5502057066266,17.3919393286908));
#1007=CARTESIAN_POINT('Ctrl Pts',(61.3120411785761,86.4420268726063,17.3919393286957));
#1008=CARTESIAN_POINT('Ctrl Pts',(61.3623525040021,86.3346401754979,17.3919393286813));
#1009=CARTESIAN_POINT('Ctrl Pts',(61.367405149747,86.3238555870656,17.3919393286799));
#1010=CARTESIAN_POINT('Ctrl Pts',(61.372484150613,86.313080252673,17.3919393286785));
#1011=CARTESIAN_POINT('Ctrl Pts',(61.3775893809224,86.3023146274606,17.3919393286772));
#1012=CARTESIAN_POINT('Ctrl Pts',(61.4256366067101,86.2009953149169,17.3919393286648));
#1013=CARTESIAN_POINT('Ctrl Pts',(61.4759871115726,86.1005881738097,17.3919393286588));
#1014=CARTESIAN_POINT('Ctrl Pts',(61.5284373197739,86.0014264273521,17.391939328664));
#1015=CARTESIAN_POINT('Ctrl Pts',(61.5814527949534,85.9011959937967,17.3919393286692));
#1016=CARTESIAN_POINT('Ctrl Pts',(61.6366132677028,85.8022382176728,17.3919393286859));
#1017=CARTESIAN_POINT('Ctrl Pts',(61.6936621455341,85.7048711391369,17.3919393287191));
#1018=CARTESIAN_POINT('Ctrl Pts',(61.7077727248614,85.6807881783887,17.3919393287273));
#1019=CARTESIAN_POINT('Ctrl Pts',(61.7219986222203,85.6568023987346,17.3919393287366));
#1020=CARTESIAN_POINT('Ctrl Pts',(61.7363355485135,85.6329183410821,17.3919393287469));
#1021=CARTESIAN_POINT('Ctrl Pts',(61.8135636743133,85.5042630790485,17.3919393288026));
#1022=CARTESIAN_POINT('Ctrl Pts',(61.8942554809416,85.3781465976602,17.3919393288309));
#1023=CARTESIAN_POINT('Ctrl Pts',(61.9783146837717,85.2545049094127,17.3919393288407));
#1024=CARTESIAN_POINT('Ctrl Pts',(62.0482737641426,85.1516029246916,17.3919393288488));
#1025=CARTESIAN_POINT('Ctrl Pts',(62.1205662911299,85.0504154255844,17.3919393288441));
#1026=CARTESIAN_POINT('Ctrl Pts',(62.195160504933,84.9509193499691,17.3919393288314));
#1027=CARTESIAN_POINT('Ctrl Pts',(62.2859390752467,84.8298360777461,17.3919393288161));
#1028=CARTESIAN_POINT('Ctrl Pts',(62.3801259693885,84.7112555751884,17.3919393287891));
#1029=CARTESIAN_POINT('Ctrl Pts',(62.4777077143523,84.5951653579236,17.3919393287594));
#1030=CARTESIAN_POINT('Ctrl Pts',(62.5422797186112,84.5183458871667,17.3919393287398));
#1031=CARTESIAN_POINT('Ctrl Pts',(62.608339102043,84.4426175111311,17.391939328719));
#1032=CARTESIAN_POINT('Ctrl Pts',(62.6758909496137,84.3679853621821,17.3919393286997));
#1033=CARTESIAN_POINT('Ctrl Pts',(62.7498825315867,84.2862385119424,17.3919393286786));
#1034=CARTESIAN_POINT('Ctrl Pts',(62.8258340816504,84.2056276690114,17.3919393286663));
#1035=CARTESIAN_POINT('Ctrl Pts',(62.9034806657499,84.1264747884873,17.391939328661));
#1036=CARTESIAN_POINT('Ctrl Pts',(62.981229815691,84.0472173524069,17.3919393286558));
#1037=CARTESIAN_POINT('Ctrl Pts',(63.0606782321207,83.9694219978051,17.3919393286576));
#1038=CARTESIAN_POINT('Ctrl Pts',(63.1415215399643,83.8933764738998,17.3919393286648));
#1039=CARTESIAN_POINT('Ctrl Pts',(63.1732477881415,83.8635330740125,17.3919393286676));
#1040=CARTESIAN_POINT('Ctrl Pts',(63.2051884678641,83.8339587595856,17.3919393286713));
#1041=CARTESIAN_POINT('Ctrl Pts',(63.2373237062616,83.8046693017855,17.3919393286756));
#1042=CARTESIAN_POINT('Ctrl Pts',(63.245126214145,83.7975577558073,17.3919393286767));
#1043=CARTESIAN_POINT('Ctrl Pts',(63.2529403231014,83.7904628749933,17.3919393286776));
#1044=CARTESIAN_POINT('Ctrl Pts',(63.2607660124219,83.7833846364614,17.3919393286784));
#1045=CARTESIAN_POINT('Ctrl Pts',(63.3729905146653,83.6818789717891,17.39193932869));
#1046=CARTESIAN_POINT('Ctrl Pts',(63.4875939024898,83.5837923372343,17.3919393286774));
#1047=CARTESIAN_POINT('Ctrl Pts',(63.6045402112079,83.489078773613,17.3919393286653));
#1048=CARTESIAN_POINT('Ctrl Pts',(63.6840814562313,83.4246591706891,17.3919393286571));
#1049=CARTESIAN_POINT('Ctrl Pts',(63.7647074292221,83.3618006415957,17.3919393286491));
#1050=CARTESIAN_POINT('Ctrl Pts',(63.8464166503977,83.3004983476517,17.3919393286491));
#1051=CARTESIAN_POINT('Ctrl Pts',(63.9662292637143,83.2106090067176,17.3919393286491));
#1052=CARTESIAN_POINT('Ctrl Pts',(64.088362035725,83.1240695847357,17.3919393286536));
#1053=CARTESIAN_POINT('Ctrl Pts',(64.2128367815327,83.0408969263748,17.3919393286591));
#1054=CARTESIAN_POINT('Ctrl Pts',(64.3166061768324,82.9715593558694,17.3919393286637));
#1055=CARTESIAN_POINT('Ctrl Pts',(64.4220038862036,82.9045622406715,17.3919393286691));
#1056=CARTESIAN_POINT('Ctrl Pts',(64.5290571829213,82.8399388714614,17.3919393286732));
#1057=CARTESIAN_POINT('Ctrl Pts',(64.6545905430053,82.7641599003728,17.3919393286781));
#1058=CARTESIAN_POINT('Ctrl Pts',(64.7824012698866,82.6916434135177,17.3919393286812));
#1059=CARTESIAN_POINT('Ctrl Pts',(64.9125519701925,82.6224898102398,17.3919393286796));
#1060=CARTESIAN_POINT('Ctrl Pts',(65.0054715838189,82.5731183809478,17.3919393286784));
#1061=CARTESIAN_POINT('Ctrl Pts',(65.0995843485829,82.5254619578594,17.3919393286747));
#1062=CARTESIAN_POINT('Ctrl Pts',(65.1949182710316,82.4795725353576,17.3919393286674));
#1063=CARTESIAN_POINT('Ctrl Pts',(65.3370699377627,82.4111471760899,17.3919393286565));
#1064=CARTESIAN_POINT('Ctrl Pts',(65.4809445417669,82.347135538615,17.3919393286521));
#1065=CARTESIAN_POINT('Ctrl Pts',(65.6261299283375,82.2877313001702,17.3919393286626));
#1066=CARTESIAN_POINT('Ctrl Pts',(65.7257281719369,82.2469795554443,17.3919393286697));
#1067=CARTESIAN_POINT('Ctrl Pts',(65.8259429662923,82.2083950883156,17.3919393286839));
#1068=CARTESIAN_POINT('Ctrl Pts',(65.9266384335035,82.1720264706902,17.3919393287077));
#1069=CARTESIAN_POINT('Ctrl Pts',(65.9362433469024,82.1685574225553,17.39193932871));
#1070=CARTESIAN_POINT('Ctrl Pts',(65.9458539678591,82.1651080438272,17.391939328712));
#1071=CARTESIAN_POINT('Ctrl Pts',(65.9554703059221,82.1616783439649,17.3919393287139));
#1072=CARTESIAN_POINT('Ctrl Pts',(66.0947715511444,82.1119960783842,17.3919393287405));
#1073=CARTESIAN_POINT('Ctrl Pts',(66.2351796474511,82.0664716445352,17.3919393287229));
#1074=CARTESIAN_POINT('Ctrl Pts',(66.376674138959,82.0249869524392,17.3919393287019));
#1075=CARTESIAN_POINT('Ctrl Pts',(66.4770876794644,81.9955467617594,17.391939328687));
#1076=CARTESIAN_POINT('Ctrl Pts',(66.5780488379424,81.9681421196399,17.3919393286703));
#1077=CARTESIAN_POINT('Ctrl Pts',(66.6795552858722,81.9427458907676,17.3919393286664));
#1078=CARTESIAN_POINT('Ctrl Pts',(66.8262425227975,81.9060457331169,17.3919393286608));
#1079=CARTESIAN_POINT('Ctrl Pts',(66.9740587876239,81.8735400136704,17.3919393286925));
#1080=CARTESIAN_POINT('Ctrl Pts',(67.1229972948758,81.8451921166669,17.3919393287098));
#1081=CARTESIAN_POINT('Ctrl Pts',(67.2323784324769,81.8243732882789,17.3919393287225));
#1082=CARTESIAN_POINT('Ctrl Pts',(67.3423651267973,81.8057980577719,17.3919393287274));
#1083=CARTESIAN_POINT('Ctrl Pts',(67.4529563509348,81.7894697325582,17.3919393287041));
#1084=CARTESIAN_POINT('Ctrl Pts',(67.4650147944621,81.7876893545127,17.3919393287016));
#1085=CARTESIAN_POINT('Ctrl Pts',(67.4770832652368,81.7859352860921,17.3919393286992));
#1086=CARTESIAN_POINT('Ctrl Pts',(67.4891611564208,81.7842076654637,17.3919393286969));
#1087=CARTESIAN_POINT('Ctrl Pts',(67.5945148836032,81.7691378764092,17.3919393286767));
#1088=CARTESIAN_POINT('Ctrl Pts',(67.7005866863358,81.7560844176853,17.3919393286655));
#1089=CARTESIAN_POINT('Ctrl Pts',(67.8069695820544,81.7451117190845,17.3919393286624));
#1090=CARTESIAN_POINT('Ctrl Pts',(67.9137946913574,81.7340934090502,17.3919393286593));
#1091=CARTESIAN_POINT('Ctrl Pts',(68.0209331422689,81.7251732224076,17.3919393286645));
#1092=CARTESIAN_POINT('Ctrl Pts',(68.1279664022291,81.7183642081704,17.3919393286774));
#1093=CARTESIAN_POINT('Ctrl Pts',(68.1667921690173,81.7158942731341,17.391939328682));
#1094=CARTESIAN_POINT('Ctrl Pts',(68.2056040586763,81.7137016373373,17.3919393286877));
#1095=CARTESIAN_POINT('Ctrl Pts',(68.2443820222704,81.7117852334667,17.3919393286943));
#1096=CARTESIAN_POINT('Ctrl Pts',(68.3955299106974,81.7043155168659,17.3919393287202));
#1097=CARTESIAN_POINT('Ctrl Pts',(68.5463868900272,81.7010258741997,17.3919393287346));
#1098=CARTESIAN_POINT('Ctrl Pts',(68.6969508254152,81.7018318737579,17.391939328741));
#1099=CARTESIAN_POINT('Ctrl Pts',(68.8209082189957,81.7024954430528,17.3919393287462));
#1100=CARTESIAN_POINT('Ctrl Pts',(68.9446673374268,81.7059360219839,17.391939328746));
#1101=CARTESIAN_POINT('Ctrl Pts',(69.0682297499198,81.7121328329677,17.3919393287423));
#1102=CARTESIAN_POINT('Ctrl Pts',(69.2188855091544,81.7196884094958,17.3919393287378));
#1103=CARTESIAN_POINT('Ctrl Pts',(69.3692501984112,81.7313401030783,17.391939328728));
#1104=CARTESIAN_POINT('Ctrl Pts',(69.5193251598068,81.7471022159359,17.3919393287165));
#1105=CARTESIAN_POINT('Ctrl Pts',(69.6196000503889,81.7576339137451,17.3919393287088));
#1106=CARTESIAN_POINT('Ctrl Pts',(69.7197455643118,81.7700017519275,17.3919393287003));
#1107=CARTESIAN_POINT('Ctrl Pts',(69.8197601949098,81.7842228395324,17.3919393286921));
#1108=CARTESIAN_POINT('Ctrl Pts',(69.9557540520793,81.8035598159825,17.3919393286809));
#1109=CARTESIAN_POINT('Ctrl Pts',(70.0917645408277,81.8263663985958,17.3919393286726));
#1110=CARTESIAN_POINT('Ctrl Pts',(70.2273210247549,81.8526438175437,17.3919393286675));
#1111=CARTESIAN_POINT('Ctrl Pts',(70.3628775086821,81.8789212364916,17.3919393286624));
#1112=CARTESIAN_POINT('Ctrl Pts',(70.4979794859304,81.9086695037077,17.3919393286606));
#1113=CARTESIAN_POINT('Ctrl Pts',(70.6321639354199,81.9418332214607,17.3919393286622));
#1114=CARTESIAN_POINT('Ctrl Pts',(70.7616269294303,81.973830030399,17.3919393286637));
#1115=CARTESIAN_POINT('Ctrl Pts',(70.8902362383828,82.009006333834,17.3919393286685));
#1116=CARTESIAN_POINT('Ctrl Pts',(71.0175863015338,82.0472648480712,17.3919393286769));
#1117=CARTESIAN_POINT('Ctrl Pts',(71.13249244591,82.0817849594224,17.3919393286844));
#1118=CARTESIAN_POINT('Ctrl Pts',(71.2463733693443,82.1188137139238,17.3919393286947));
#1119=CARTESIAN_POINT('Ctrl Pts',(71.3589445524079,82.1582457449945,17.3919393287081));
#1120=CARTESIAN_POINT('Ctrl Pts',(71.4958355386585,82.2061966457156,17.3919393287244));
#1121=CARTESIAN_POINT('Ctrl Pts',(71.6311166647568,82.2578068289731,17.3919393287501));
#1122=CARTESIAN_POINT('Ctrl Pts',(71.7648062367105,82.3131259979213,17.3919393287745));
#1123=CARTESIAN_POINT('Ctrl Pts',(71.8846130623285,82.3627006500849,17.3919393287964));
#1124=CARTESIAN_POINT('Ctrl Pts',(72.003141784418,82.4152546342759,17.3919393288173));
#1125=CARTESIAN_POINT('Ctrl Pts',(72.1203929454135,82.4708569954738,17.3919393288296));
#1126=CARTESIAN_POINT('Ctrl Pts',(72.2517832970774,82.533164385261,17.3919393288433));
#1127=CARTESIAN_POINT('Ctrl Pts',(72.3814856026713,82.5992591084045,17.3919393288461));
#1128=CARTESIAN_POINT('Ctrl Pts',(72.509550919235,82.6691252634188,17.3919393288274));
#1129=CARTESIAN_POINT('Ctrl Pts',(72.6017059932599,82.7194005515292,17.3919393288139));
#1130=CARTESIAN_POINT('Ctrl Pts',(72.6930128928019,82.771629738619,17.3919393287891));
#1131=CARTESIAN_POINT('Ctrl Pts',(72.7834810167493,82.8258205187449,17.3919393287492));
#1132=CARTESIAN_POINT('Ctrl Pts',(72.8723357438521,82.8790448674931,17.39193932871));
#1133=CARTESIAN_POINT('Ctrl Pts',(72.960497192053,82.9342372314392,17.3919393286861));
#1134=CARTESIAN_POINT('Ctrl Pts',(73.0476196082231,82.9911885003349,17.3919393286744));
#1135=CARTESIAN_POINT('Ctrl Pts',(73.1353927493503,83.0485651432462,17.3919393286625));
#1136=CARTESIAN_POINT('Ctrl Pts',(73.2221110143233,83.1077268732412,17.391939328663));
#1137=CARTESIAN_POINT('Ctrl Pts',(73.3074490847235,83.1684149632552,17.3919393286724));
#1138=CARTESIAN_POINT('Ctrl Pts',(73.3536018115167,83.2012364323239,17.3919393286774));
#1139=CARTESIAN_POINT('Ctrl Pts',(73.3993513573254,83.234503588464,17.3919393286851));
#1140=CARTESIAN_POINT('Ctrl Pts',(73.4446500619822,83.2681704343761,17.3919393286949));
#1141=CARTESIAN_POINT('Ctrl Pts',(73.4537122480731,83.274905620847,17.3919393286968));
#1142=CARTESIAN_POINT('Ctrl Pts',(73.4627582906346,83.2816581971722,17.3919393286986));
#1143=CARTESIAN_POINT('Ctrl Pts',(73.4717882229175,83.2884281194631,17.3919393287));
#1144=CARTESIAN_POINT('Ctrl Pts',(73.5918997405187,83.378478145856,17.3919393287197));
#1145=CARTESIAN_POINT('Ctrl Pts',(73.7091642232843,83.4715937539153,17.3919393286987));
#1146=CARTESIAN_POINT('Ctrl Pts',(73.8236457230708,83.5677021240087,17.3919393286783));
#1147=CARTESIAN_POINT('Ctrl Pts',(73.9020870586727,83.6335544139134,17.3919393286642));
#1148=CARTESIAN_POINT('Ctrl Pts',(73.9792213071283,83.7008127499461,17.3919393286504));
#1149=CARTESIAN_POINT('Ctrl Pts',(74.0550611113687,83.7694653310164,17.39193932865));
#1150=CARTESIAN_POINT('Ctrl Pts',(74.1671956627498,83.8709730611137,17.3919393286495));
#1151=CARTESIAN_POINT('Ctrl Pts',(74.2765001790714,83.9755256015557,17.3919393286738));
#1152=CARTESIAN_POINT('Ctrl Pts',(74.3829837939929,84.0831152106533,17.3919393286875));
#1153=CARTESIAN_POINT('Ctrl Pts',(74.4615267920452,84.1624739971109,17.3919393286976));
#1154=CARTESIAN_POINT('Ctrl Pts',(74.5385343635684,84.2434859917706,17.3919393287019));
#1155=CARTESIAN_POINT('Ctrl Pts',(74.6139966761883,84.3261602577148,17.3919393286861));
#1156=CARTESIAN_POINT('Ctrl Pts',(74.6224568909933,84.335429017503,17.3919393286844));
#1157=CARTESIAN_POINT('Ctrl Pts',(74.6308990649212,84.3447202085171,17.3919393286828));
#1158=CARTESIAN_POINT('Ctrl Pts',(74.6393229359181,84.3540336269614,17.3919393286813));
#1159=CARTESIAN_POINT('Ctrl Pts',(74.7325284545611,84.4570815008851,17.3919393286651));
#1160=CARTESIAN_POINT('Ctrl Pts',(74.8234909592537,84.5628543043967,17.3919393286663));
#1161=CARTESIAN_POINT('Ctrl Pts',(74.9118713038114,84.6710570451858,17.39193932867));
#1162=CARTESIAN_POINT('Ctrl Pts',(74.9833454052154,84.758561724038,17.391939328673));
#1163=CARTESIAN_POINT('Ctrl Pts',(75.0531312850986,84.8476547755947,17.3919393286775));
#1164=CARTESIAN_POINT('Ctrl Pts',(75.1210674964966,84.9381628312771,17.3919393286757));
#1165=CARTESIAN_POINT('Ctrl Pts',(75.2121547701738,85.0595139026465,17.3919393286732));
#1166=CARTESIAN_POINT('Ctrl Pts',(75.2996770909372,85.1830763848375,17.39193932867));
#1167=CARTESIAN_POINT('Ctrl Pts',(75.3836415375208,85.3088456695019,17.3919393286668));
#1168=CARTESIAN_POINT('Ctrl Pts',(75.4524101780276,85.4118533480587,17.3919393286641));
#1169=CARTESIAN_POINT('Ctrl Pts',(75.5187916033825,85.5163420956063,17.3919393286615));
#1170=CARTESIAN_POINT('Ctrl Pts',(75.5827687014195,85.62232479746,17.3919393286592));
#1171=CARTESIAN_POINT('Ctrl Pts',(75.6596889464719,85.7497487608476,17.3919393286564));
#1172=CARTESIAN_POINT('Ctrl Pts',(75.733135239565,85.8793330215854,17.3919393286542));
#1173=CARTESIAN_POINT('Ctrl Pts',(75.8030323583861,86.0111215791665,17.3919393286533));
#1174=CARTESIAN_POINT('Ctrl Pts',(75.8526593951597,86.1046916104315,17.3919393286526));
#1175=CARTESIAN_POINT('Ctrl Pts',(75.9004963918422,86.1993733508743,17.3919393286526));
#1176=CARTESIAN_POINT('Ctrl Pts',(75.9465016379651,86.295188663438,17.3919393286535));
#1177=CARTESIAN_POINT('Origin',(-17.5792248940798,34.6795370714595,31.0919393286491));
#1178=CARTESIAN_POINT('',(75.4710311819202,89.9708756424595,31.0919393286491));
#1179=CARTESIAN_POINT('Ctrl Pts',(75.4710311819202,89.9708756424595,31.0919393286491));
#1180=CARTESIAN_POINT('Ctrl Pts',(75.4569826139202,90.4205376464596,31.0919393286491));
#1181=CARTESIAN_POINT('Ctrl Pts',(75.3989997279993,90.8612928567517,31.0919393286491));
#1182=CARTESIAN_POINT('Ctrl Pts',(75.2989734708608,91.293524741624,31.0919393286491));
#1183=CARTESIAN_POINT('Ctrl Pts',(75.2489603798823,91.5096405216238,31.0919393286491));
#1184=CARTESIAN_POINT('Ctrl Pts',(75.1883080816208,91.7235995313467,31.0919393286491));
#1185=CARTESIAN_POINT('Ctrl Pts',(75.1168389172793,91.9353654701841,31.0919393286491));
#1186=CARTESIAN_POINT('Ctrl Pts',(75.0453696455028,92.1471317273555,31.0919393286491));
#1187=CARTESIAN_POINT('Ctrl Pts',(74.9627008490295,92.3572826696432,31.0919393286491));
#1188=CARTESIAN_POINT('Ctrl Pts',(74.8708552911663,92.5606796607346,31.0919393286491));
#1189=CARTESIAN_POINT('Ctrl Pts',(74.6871643135051,92.9674733371644,31.0919393286491));
#1190=CARTESIAN_POINT('Ctrl Pts',(74.465854598159,93.3518478270954,31.0919393286491));
#1191=CARTESIAN_POINT('Ctrl Pts',(74.207348344193,93.7140547416145,31.0919393286491));
#1192=CARTESIAN_POINT('Ctrl Pts',(74.1427218258007,93.804606407036,31.0919393286491));
#1193=CARTESIAN_POINT('Ctrl Pts',(74.0757380181593,93.8937532384962,31.0919393286491));
#1194=CARTESIAN_POINT('Ctrl Pts',(74.0063670507418,93.9814774187138,31.0919393286491));
#1195=CARTESIAN_POINT('Ctrl Pts',(73.9369960907662,94.0692015895206,31.0919393286491));
#1196=CARTESIAN_POINT('Ctrl Pts',(73.8650422915043,94.1557243384612,31.0919393286491));
#1197=CARTESIAN_POINT('Ctrl Pts',(73.791160693208,94.2402209255136,31.0919393286491));
#1198=CARTESIAN_POINT('Ctrl Pts',(73.6433972664763,94.4092143627983,31.0919393286491));
#1199=CARTESIAN_POINT('Ctrl Pts',(73.4884665167052,94.5696293969274,31.0919393286491));
#1200=CARTESIAN_POINT('Ctrl Pts',(73.3265620679811,94.7216983737182,31.0919393286491));
#1201=CARTESIAN_POINT('Ctrl Pts',(73.0027536572929,95.0258358701097,31.0919393286491));
#1202=CARTESIAN_POINT('Ctrl Pts',(72.6512631523421,95.296842668889,31.0919393286491));
#1203=CARTESIAN_POINT('Ctrl Pts',(72.2714944440402,95.5340046113488,31.0919393286491));
#1204=CARTESIAN_POINT('Ctrl Pts',(72.1765520314727,95.5932952440073,31.0919393286491));
#1205=CARTESIAN_POINT('Ctrl Pts',(72.0795423832379,95.650586725248,31.0919393286491));
#1206=CARTESIAN_POINT('Ctrl Pts',(71.9816062481357,95.7051988395262,31.0919393286491));
#1207=CARTESIAN_POINT('Ctrl Pts',(71.8836703532265,95.7598108198656,31.0919393286491));
#1208=CARTESIAN_POINT('Ctrl Pts',(71.7847516307031,95.8118018381954,31.0919393286491));
#1209=CARTESIAN_POINT('Ctrl Pts',(71.6848702375873,95.861224936127,31.0919393286491));
#1210=CARTESIAN_POINT('Ctrl Pts',(71.4851074068076,95.9600711540335,31.0919393286491));
#1211=CARTESIAN_POINT('Ctrl Pts',(71.2815029328853,96.0486715177995,31.0919393286491));
#1212=CARTESIAN_POINT('Ctrl Pts',(71.0740993572714,96.127138544528,31.0919393286491));
#1213=CARTESIAN_POINT('Ctrl Pts',(70.8666955217283,96.2056056695954,31.0919393286491));
#1214=CARTESIAN_POINT('Ctrl Pts',(70.6554847449027,96.2739185485863,31.0919393286491));
#1215=CARTESIAN_POINT('Ctrl Pts',(70.4404377882739,96.3320001449156,31.0919393286491));
#1216=CARTESIAN_POINT('Ctrl Pts',(70.3329144773714,96.3610408978623,31.0919393286491));
#1217=CARTESIAN_POINT('Ctrl Pts',(70.2244300055804,96.3875182177212,31.0919393286491));
#1218=CARTESIAN_POINT('Ctrl Pts',(70.1149667045082,96.4113848188632,31.0919393286491));
#1219=CARTESIAN_POINT('Ctrl Pts',(70.0055033916677,96.4352514225711,31.0919393286491));
#1220=CARTESIAN_POINT('Ctrl Pts',(69.8948267681373,96.4565343180756,31.0919393286491));
#1221=CARTESIAN_POINT('Ctrl Pts',(69.7843230188737,96.4749574445982,31.0919393286491));
#1222=CARTESIAN_POINT('Ctrl Pts',(69.3423077136031,96.5486500020179,31.0919393286491));
#1223=CARTESIAN_POINT('Ctrl Pts',(68.8993498842713,96.5780410656282,31.0919393286491));
#1224=CARTESIAN_POINT('Ctrl Pts',(68.4554765699728,96.5644118600953,31.0919393286491));
#1225=CARTESIAN_POINT('Ctrl Pts',(68.2335400796349,96.5575972624508,31.0919393286491));
#1226=CARTESIAN_POINT('Ctrl Pts',(68.0113718797863,96.5398981761653,31.0919393286491));
#1227=CARTESIAN_POINT('Ctrl Pts',(67.7889666451067,96.5110511588206,31.0919393286491));
#1228=CARTESIAN_POINT('Ctrl Pts',(67.6777637503889,96.4966276141616,31.0919393286491));
#1229=CARTESIAN_POINT('Ctrl Pts',(67.5664325165738,96.4793799526963,31.0919393286491));
#1230=CARTESIAN_POINT('Ctrl Pts',(67.456275256275,96.4595227791801,31.0919393286491));
#1231=CARTESIAN_POINT('Ctrl Pts',(67.3461182732788,96.439665655651,31.0919393286491));
#1232=CARTESIAN_POINT('Ctrl Pts',(67.2368256148111,96.4171655275297,31.0919393286491));
#1233=CARTESIAN_POINT('Ctrl Pts',(67.128386268396,96.3920569543743,31.0919393286491));
#1234=CARTESIAN_POINT('Ctrl Pts',(66.6946284885798,96.2916225704876,31.0919393286491));
#1235=CARTESIAN_POINT('Ctrl Pts',(66.274383597189,96.1498744499568,31.0919393286491));
#1236=CARTESIAN_POINT('Ctrl Pts',(65.8676952963058,95.966678980834,31.0919393286491));
#1237=CARTESIAN_POINT('Ctrl Pts',(65.7660233056771,95.9208801516471,31.0919393286491));
#1238=CARTESIAN_POINT('Ctrl Pts',(65.6652104695489,95.8724545503809,31.0919393286491));
#1239=CARTESIAN_POINT('Ctrl Pts',(65.5652708967348,95.8213590798221,31.0919393286491));
#1240=CARTESIAN_POINT('Ctrl Pts',(65.4653313346187,95.7702636147329,31.0919393286491));
#1241=CARTESIAN_POINT('Ctrl Pts',(65.3664371331101,95.716568249666,31.0919393286491));
#1242=CARTESIAN_POINT('Ctrl Pts',(65.2694920491309,95.6608038525607,31.0919393286491));
#1243=CARTESIAN_POINT('Ctrl Pts',(65.0756015795121,95.5492748848114,31.0919393286491));
#1244=CARTESIAN_POINT('Ctrl Pts',(64.888434341794,95.4289644944021,31.0919393286491));
#1245=CARTESIAN_POINT('Ctrl Pts',(64.7078564053638,95.3000471601651,31.0919393286491));
#1246=CARTESIAN_POINT('Ctrl Pts',(64.3467008039539,95.0422126854837,31.0919393286491));
#1247=CARTESIAN_POINT('Ctrl Pts',(64.011698814293,94.7502169145075,31.0919393286491));
#1248=CARTESIAN_POINT('Ctrl Pts',(63.7038086575567,94.422808149914,31.0919393286491));
#1249=CARTESIAN_POINT('Ctrl Pts',(63.5498636906612,94.2591038861141,31.0919393286491));
#1250=CARTESIAN_POINT('Ctrl Pts',(63.4048172133513,94.0885486204508,31.0919393286491));
#1251=CARTESIAN_POINT('Ctrl Pts',(63.2691477516997,93.9123364270143,31.0919393286491));
#1252=CARTESIAN_POINT('Ctrl Pts',(63.1334782981421,93.7361242440907,31.0919393286491));
#1253=CARTESIAN_POINT('Ctrl Pts',(63.0069017132384,93.553954722004,31.0919393286491));
#1254=CARTESIAN_POINT('Ctrl Pts',(62.8893831666078,93.3658507693546,31.0919393286491));
#1255=CARTESIAN_POINT('Ctrl Pts',(62.7718644398105,93.1777465283315,31.0919393286491));
#1256=CARTESIAN_POINT('Ctrl Pts',(62.6634225143289,92.9836957485834,31.0919393286491));
#1257=CARTESIAN_POINT('Ctrl Pts',(62.5641930273735,92.7836090987932,31.0919393286491));
#1258=CARTESIAN_POINT('Ctrl Pts',(62.4649636895832,92.5835227497799,31.0919393286491));
#1259=CARTESIAN_POINT('Ctrl Pts',(62.3746920000973,92.3764811349275,31.0919393286491));
#1260=CARTESIAN_POINT('Ctrl Pts',(62.2956600605898,92.1676083576448,31.0919393286491));
#1261=CARTESIAN_POINT('Ctrl Pts',(62.1375960759876,91.7498625240246,31.0919393286491));
#1262=CARTESIAN_POINT('Ctrl Pts',(62.0221307571232,91.3215762032971,31.0919393286491));
#1263=CARTESIAN_POINT('Ctrl Pts',(61.9486379912646,90.8829042056005,31.0919393286491));
#1264=CARTESIAN_POINT('Ctrl Pts',(61.911891583764,90.663568060088,31.0919393286491));
#1265=CARTESIAN_POINT('Ctrl Pts',(61.8857402878567,90.4412463225646,31.0919393286491));
#1266=CARTESIAN_POINT('Ctrl Pts',(61.8705940595886,90.2169686511215,31.0919393286491));
#1267=CARTESIAN_POINT('Ctrl Pts',(61.8554478465103,89.9926912046032,31.0919393286491));
#1268=CARTESIAN_POINT('Ctrl Pts',(61.8514236270875,89.7687626830491,31.0919393286491));
#1269=CARTESIAN_POINT('Ctrl Pts',(61.8584062724207,89.5451796974439,31.0919393286491));
#1270=CARTESIAN_POINT('Ctrl Pts',(61.8653889177499,89.3215967119658,31.0919393286491));
#1271=CARTESIAN_POINT('Ctrl Pts',(61.8834008294574,89.0983597408004,31.0919393286491));
#1272=CARTESIAN_POINT('Ctrl Pts',(61.9125370186737,88.8754719901136,31.0919393286491));
#1273=CARTESIAN_POINT('Ctrl Pts',(61.9416732322708,88.6525840529163,31.0919393286491));
#1274=CARTESIAN_POINT('Ctrl Pts',(61.981670947773,88.4323115705277,31.0919393286491));
#1275=CARTESIAN_POINT('Ctrl Pts',(62.0320348968557,88.2156878241308,31.0919393286491));
#1276=CARTESIAN_POINT('Ctrl Pts',(62.1327627528772,87.7824405126056,31.0919393286491));
#1277=CARTESIAN_POINT('Ctrl Pts',(62.2748243688334,87.3622181893912,31.0919393286491));
#1278=CARTESIAN_POINT('Ctrl Pts',(62.4586478370877,86.955155635805,31.0919393286491));
#1279=CARTESIAN_POINT('Ctrl Pts',(62.5505595021325,86.7516245119894,31.0919393286491));
#1280=CARTESIAN_POINT('Ctrl Pts',(62.6535975235464,86.5506268831079,31.0919393286491));
#1281=CARTESIAN_POINT('Ctrl Pts',(62.7651457987057,86.3571294565277,31.0919393286491));
#1282=CARTESIAN_POINT('Ctrl Pts',(62.8766942415483,86.1636317390754,31.0919393286491));
#1283=CARTESIAN_POINT('Ctrl Pts',(62.9970571599527,85.976732778402,31.0919393286491));
#1284=CARTESIAN_POINT('Ctrl Pts',(63.1260902641953,85.7963242108815,31.0919393286491));
#1285=CARTESIAN_POINT('Ctrl Pts',(63.2551231974426,85.6159158824332,31.0919393286491));
#1286=CARTESIAN_POINT('Ctrl Pts',(63.3928436768771,85.4420108226235,31.0919393286491));
#1287=CARTESIAN_POINT('Ctrl Pts',(63.5392688888576,85.2746223373917,31.0919393286491));
#1288=CARTESIAN_POINT('Ctrl Pts',(63.6856942688074,85.1072336601428,31.0919393286491));
#1289=CARTESIAN_POINT('Ctrl Pts',(63.8411214960814,84.9460766498792,31.0919393286491));
#1290=CARTESIAN_POINT('Ctrl Pts',(64.0049847509938,84.7922990219552,31.0919393286491));
#1291=CARTESIAN_POINT('Ctrl Pts',(64.332710827258,84.4847441730409,31.0919393286491));
#1292=CARTESIAN_POINT('Ctrl Pts',(64.6853325440863,84.2143101793562,31.0919393286491));
#1293=CARTESIAN_POINT('Ctrl Pts',(65.0618629640253,83.9795261363374,31.0919393286491));
#1294=CARTESIAN_POINT('Ctrl Pts',(65.2501284570017,83.8621339383602,31.0919393286491));
#1295=CARTESIAN_POINT('Ctrl Pts',(65.444443355796,83.7537622288989,31.0919393286491));
#1296=CARTESIAN_POINT('Ctrl Pts',(65.644919631259,83.6545772627077,31.0919393286491));
#1297=CARTESIAN_POINT('Ctrl Pts',(65.745157612969,83.6049848568118,31.0919393286491));
#1298=CARTESIAN_POINT('Ctrl Pts',(65.8472087685239,83.5575801636144,31.0919393286491));
#1299=CARTESIAN_POINT('Ctrl Pts',(65.950149225256,83.5128278785817,31.0919393286491));
#1300=CARTESIAN_POINT('Ctrl Pts',(66.053089693143,83.4680755886996,31.0919393286491));
#1301=CARTESIAN_POINT('Ctrl Pts',(66.1567330088967,83.4260380153477,31.0919393286491));
#1302=CARTESIAN_POINT('Ctrl Pts',(66.2610680839288,83.3866723801003,31.0919393286491));
#1303=CARTESIAN_POINT('Ctrl Pts',(66.6784086751332,83.2292097293196,31.0919393286491));
#1304=CARTESIAN_POINT('Ctrl Pts',(67.1067038686392,83.114058917445,31.0919393286491));
#1305=CARTESIAN_POINT('Ctrl Pts',(67.5458688173226,83.040892219372,31.0919393286491));
#1306=CARTESIAN_POINT('Ctrl Pts',(67.6556600281238,83.022600549247,31.0919393286491));
#1307=CARTESIAN_POINT('Ctrl Pts',(67.7661402256637,83.0069695321336,31.0919393286491));
#1308=CARTESIAN_POINT('Ctrl Pts',(67.8773183974325,82.9940349843011,31.0919393286491));
#1309=CARTESIAN_POINT('Ctrl Pts',(67.9884967897337,82.9811004108117,31.0919393286491));
#1310=CARTESIAN_POINT('Ctrl Pts',(68.1006851956575,82.9708467530817,31.0919393286491));
#1311=CARTESIAN_POINT('Ctrl Pts',(68.2125782658748,82.9634031745631,31.0919393286491));
#1312=CARTESIAN_POINT('Ctrl Pts',(68.4363638479161,82.9485160546915,31.0919393286491));
#1313=CARTESIAN_POINT('Ctrl Pts',(68.659214620654,82.9447379744511,31.0919393286491));
#1314=CARTESIAN_POINT('Ctrl Pts',(68.8811539517874,82.9517879425302,31.0919393286491));
#1315=CARTESIAN_POINT('Ctrl Pts',(69.3250329476811,82.965887889286,31.0919393286491));
#1316=CARTESIAN_POINT('Ctrl Pts',(69.7652946744769,83.022965471086,31.0919393286491));
#1317=CARTESIAN_POINT('Ctrl Pts',(70.201848309514,83.1241024528481,31.0919393286491));
#1318=CARTESIAN_POINT('Ctrl Pts',(70.3109866421507,83.1493866806703,31.0919393286491));
#1319=CARTESIAN_POINT('Ctrl Pts',(70.4201191821348,83.1775403611094,31.0919393286491));
#1320=CARTESIAN_POINT('Ctrl Pts',(70.527877964532,83.2082016585664,31.0919393286491));
#1321=CARTESIAN_POINT('Ctrl Pts',(70.6356367353834,83.2388629527382,31.0919393286491));
#1322=CARTESIAN_POINT('Ctrl Pts',(70.7422537780845,83.272071971471,31.0919393286491));
#1323=CARTESIAN_POINT('Ctrl Pts',(70.8477511939651,83.3077792594148,31.0919393286491));
#1324=CARTESIAN_POINT('Ctrl Pts',(71.0587463542029,83.3791939464851,31.0919393286491));
#1325=CARTESIAN_POINT('Ctrl Pts',(71.2652741260733,83.4605770024743,31.0919393286491));
#1326=CARTESIAN_POINT('Ctrl Pts',(71.4673761209406,83.5518363870773,31.0919393286491));
#1327=CARTESIAN_POINT('Ctrl Pts',(71.6694778120016,83.6430956344962,31.0919393286491));
#1328=CARTESIAN_POINT('Ctrl Pts',(71.8671448916676,83.7442509224736,31.0919393286491));
#1329=CARTESIAN_POINT('Ctrl Pts',(72.060335739217,83.8553943154181,31.0919393286491));
#1330=CARTESIAN_POINT('Ctrl Pts',(72.1569312230607,83.9109660464484,31.0919393286491));
#1331=CARTESIAN_POINT('Ctrl Pts',(72.2524052696102,83.969040438763,31.0919393286491));
#1332=CARTESIAN_POINT('Ctrl Pts',(72.3467359775012,84.029665797397,31.0919393286491));
#1333=CARTESIAN_POINT('Ctrl Pts',(72.4410668516733,84.0902912628979,31.0919393286491));
#1334=CARTESIAN_POINT('Ctrl Pts',(72.5343096948306,84.153529575267,31.0919393286491));
#1335=CARTESIAN_POINT('Ctrl Pts',(72.6253673134418,84.2186311453965,31.0919393286491));
#1336=CARTESIAN_POINT('Ctrl Pts',(72.9895971924926,84.4790370003711,31.0919393286491));
#1337=CARTESIAN_POINT('Ctrl Pts',(73.3234165987609,84.7715196820793,31.0919393286491));
#1338=CARTESIAN_POINT('Ctrl Pts',(73.6276005345488,85.0952617169234,31.0919393286491));
#1339=CARTESIAN_POINT('Ctrl Pts',(73.7796923881278,85.2571326126805,31.0919393286491));
#1340=CARTESIAN_POINT('Ctrl Pts',(73.9242869359238,85.4269117504462,31.0919393286491));
#1341=CARTESIAN_POINT('Ctrl Pts',(74.0611892589297,85.6048045699522,31.0919393286491));
#1342=CARTESIAN_POINT('Ctrl Pts',(74.1296404266681,85.6937509878078,31.0919393286491));
#1343=CARTESIAN_POINT('Ctrl Pts',(74.1960491293512,85.7846098015807,31.0919393286491));
#1344=CARTESIAN_POINT('Ctrl Pts',(74.2598058171954,85.8765020392686,31.0919393286491));
#1345=CARTESIAN_POINT('Ctrl Pts',(74.3235624934235,85.9683942602142,31.0919393286491));
#1346=CARTESIAN_POINT('Ctrl Pts',(74.3848516227301,86.0615544736526,31.0919393286491));
#1347=CARTESIAN_POINT('Ctrl Pts',(74.4437032610017,86.155967181308,31.0919393286491));
#1348=CARTESIAN_POINT('Ctrl Pts',(74.6791100124425,86.5336183301949,31.0919393286491));
#1349=CARTESIAN_POINT('Ctrl Pts',(74.8759142494255,86.9311058767955,31.0919393286491));
#1350=CARTESIAN_POINT('Ctrl Pts',(75.0338545976756,87.3485641299901,31.0919393286491));
#1351=CARTESIAN_POINT('Ctrl Pts',(75.1128248311559,87.5572934134718,31.0919393286491));
#1352=CARTESIAN_POINT('Ctrl Pts',(75.1821954495312,87.7722018479229,31.0919393286491));
#1353=CARTESIAN_POINT('Ctrl Pts',(75.2402858967652,87.9880314074584,31.0919393286491));
#1354=CARTESIAN_POINT('Ctrl Pts',(75.2983762566758,88.2038606425517,31.0919393286491));
#1355=CARTESIAN_POINT('Ctrl Pts',(75.3455359468911,88.4212012642848,31.0919393286491));
#1356=CARTESIAN_POINT('Ctrl Pts',(75.3819631410278,88.6400255904185,31.0919393286491));
#1357=CARTESIAN_POINT('Ctrl Pts',(75.45481758406,89.0776745716302,31.0919393286491));
#1358=CARTESIAN_POINT('Ctrl Pts',(75.4850797999202,89.5212120164595,31.0919393286491));
#1359=CARTESIAN_POINT('Ctrl Pts',(75.4710311819202,89.9708756424595,31.0919393286491));
#1360=CARTESIAN_POINT('Ctrl Pts',(76.4696042389202,90.0020737234595,30.0485973246491));
#1361=CARTESIAN_POINT('Ctrl Pts',(76.4754314439202,90.0022557804595,30.1829835816491));
#1362=CARTESIAN_POINT('Ctrl Pts',(76.4537925209202,90.0015797234595,30.3185029316491));
#1363=CARTESIAN_POINT('Ctrl Pts',(76.3590221529202,89.9986188444595,30.5702655826491));
#1364=CARTESIAN_POINT('Ctrl Pts',(76.2859322699202,89.9963353224595,30.6863984756491));
#1365=CARTESIAN_POINT('Ctrl Pts',(76.0999615149202,89.9905251004595,30.8807068426491));
#1366=CARTESIAN_POINT('Ctrl Pts',(75.9871621999202,89.9870009494595,30.9587971046491));
#1367=CARTESIAN_POINT('Ctrl Pts',(75.7398663369202,89.9792747684595,31.0644365116491));
#1368=CARTESIAN_POINT('Ctrl Pts',(75.6054782399202,89.9750761264595,31.0919393286491));
#1369=CARTESIAN_POINT('Ctrl Pts',(75.4710311819202,89.9708756424595,31.0919393286491));
#1370=CARTESIAN_POINT('Ctrl Pts',(76.4534865009202,90.5178707584595,30.0485296946491));
#1371=CARTESIAN_POINT('Ctrl Pts',(76.4593109859202,90.5184390404595,30.1829211926491));
#1372=CARTESIAN_POINT('Ctrl Pts',(76.4377239169202,90.5163300664595,30.3184477326491));
#1373=CARTESIAN_POINT('Ctrl Pts',(76.3431584489202,90.5070928564595,30.5702257566491));
#1374=CARTESIAN_POINT('Ctrl Pts',(76.2702215279202,90.4999686724595,30.6863668056491));
#1375=CARTESIAN_POINT('Ctrl Pts',(76.0846343559202,90.4818416384595,30.8806896196491));
#1376=CARTESIAN_POINT('Ctrl Pts',(75.9720655079202,90.4708467394595,30.9587861496491));
#1377=CARTESIAN_POINT('Ctrl Pts',(75.7252727629202,90.4467419764595,31.0644341746491));
#1378=CARTESIAN_POINT('Ctrl Pts',(75.5911571139202,90.4336426854595,31.0919393286491));
#1379=CARTESIAN_POINT('Ctrl Pts',(75.4569826139202,90.4205376464596,31.0919393286491));
#1380=CARTESIAN_POINT('Ctrl Pts',(76.3870508359202,91.0229707494595,30.0486637366491));
#1381=CARTESIAN_POINT('Ctrl Pts',(76.3928076859202,91.0239121554595,30.1830448426491));
#1382=CARTESIAN_POINT('Ctrl Pts',(76.3713900559202,91.0204070674595,30.3185571266491));
#1383=CARTESIAN_POINT('Ctrl Pts',(76.2776101249202,91.0050610134595,30.5703046756491));
#1384=CARTESIAN_POINT('Ctrl Pts',(76.2052889439202,90.9932267744595,30.6864295556491));
#1385=CARTESIAN_POINT('Ctrl Pts',(76.0212794559202,90.9631168414595,30.8807237356491));
#1386=CARTESIAN_POINT('Ctrl Pts',(75.9096718329202,90.9448543484595,30.9588078416491));
#1387=CARTESIAN_POINT('Ctrl Pts',(75.6649906319202,90.9048170004595,31.0644387936491));
#1388=CARTESIAN_POINT('Ctrl Pts',(75.5320243409202,90.8830597004595,31.0919393216491));
#1389=CARTESIAN_POINT('Ctrl Pts',(75.3989997209202,90.8612928554595,31.0919393286491));
#1390=CARTESIAN_POINT('Ctrl Pts',(76.2149402639202,91.7666731584595,30.0485643616491));
#1391=CARTESIAN_POINT('Ctrl Pts',(76.2205817149202,91.7681741074595,30.1829531686491));
#1392=CARTESIAN_POINT('Ctrl Pts',(76.1996524149202,91.7626050214595,30.3184760186491));
#1393=CARTESIAN_POINT('Ctrl Pts',(76.1079793789202,91.7382120714595,30.5702461556491));
#1394=CARTESIAN_POINT('Ctrl Pts',(76.0372758499202,91.7193989064596,30.6863830206491));
#1395=CARTESIAN_POINT('Ctrl Pts',(75.8573742929202,91.6715298524595,30.8806984276491));
#1396=CARTESIAN_POINT('Ctrl Pts',(75.7482551669202,91.6424949574595,30.9587917456491));
#1397=CARTESIAN_POINT('Ctrl Pts',(75.5090265539202,91.5788399964595,31.0644353596491));
#1398=CARTESIAN_POINT('Ctrl Pts',(75.3790219899202,91.5442478474595,31.0919393216491));
#1399=CARTESIAN_POINT('Ctrl Pts',(75.2489603799202,91.5096405214595,31.0919393286491));
#1400=CARTESIAN_POINT('Ctrl Pts',(76.1453771179202,92.0120560384595,30.0485498686491));
#1401=CARTESIAN_POINT('Ctrl Pts',(76.1509683829202,92.0137413324595,30.1829397846491));
#1402=CARTESIAN_POINT('Ctrl Pts',(76.1302335399202,92.0074920224596,30.3184641606491));
#1403=CARTESIAN_POINT('Ctrl Pts',(76.0394078519202,91.9801176494595,30.5702375686491));
#1404=CARTESIAN_POINT('Ctrl Pts',(75.9693568419202,91.9590045924596,30.6863761736491));
#1405=CARTESIAN_POINT('Ctrl Pts',(75.7911144709202,91.9052830834595,30.8806946716491));
#1406=CARTESIAN_POINT('Ctrl Pts',(75.6830012869202,91.8726981944596,30.9587893376491));
#1407=CARTESIAN_POINT('Ctrl Pts',(75.4459776329202,91.8012601704595,31.0644348186491));
#1408=CARTESIAN_POINT('Ctrl Pts',(75.3171711199202,91.7624383684595,31.0919392986491));
#1409=CARTESIAN_POINT('Ctrl Pts',(75.1883080819202,91.7235995304596,31.0919393286491));
#1410=CARTESIAN_POINT('Ctrl Pts',(75.9815070589202,92.4976159734595,30.0485979906491));
#1411=CARTESIAN_POINT('Ctrl Pts',(75.9869697999202,92.4996613024595,30.1829841766491));
#1412=CARTESIAN_POINT('Ctrl Pts',(75.9666837589202,92.4920664134595,30.3185034366491));
#1413=CARTESIAN_POINT('Ctrl Pts',(75.8778387929202,92.4588034894595,30.5702659076491));
#1414=CARTESIAN_POINT('Ctrl Pts',(75.8093188289202,92.4331500424595,30.6863987086491));
#1415=CARTESIAN_POINT('Ctrl Pts',(75.6349758969202,92.3678770704595,30.8807069276491));
#1416=CARTESIAN_POINT('Ctrl Pts',(75.5292293869202,92.3282861704595,30.9587971326491));
#1417=CARTESIAN_POINT('Ctrl Pts',(75.2973957779202,92.2414889444595,31.0644364816491));
#1418=CARTESIAN_POINT('Ctrl Pts',(75.1714103499202,92.1943206834595,31.0919392986491));
#1419=CARTESIAN_POINT('Ctrl Pts',(75.0453696399202,92.1471317264595,31.0919393286491));
#1420=CARTESIAN_POINT('Ctrl Pts',(75.8867434959202,92.7385259024595,30.0486309366491));
#1421=CARTESIAN_POINT('Ctrl Pts',(75.8921315359202,92.7407487504595,30.1830145636491));
#1422=CARTESIAN_POINT('Ctrl Pts',(75.8721044969202,92.7324858374595,30.3185303146491));
#1423=CARTESIAN_POINT('Ctrl Pts',(75.7844036389202,92.6963019104595,30.5702852866491));
#1424=CARTESIAN_POINT('Ctrl Pts',(75.7167682789202,92.6683967634595,30.6864141106491));
#1425=CARTESIAN_POINT('Ctrl Pts',(75.5446786169202,92.5973957214595,30.8807152906491));
#1426=CARTESIAN_POINT('Ctrl Pts',(75.4402997769202,92.5543309624595,30.9588024426491));
#1427=CARTESIAN_POINT('Ctrl Pts',(75.2114655299202,92.4599182614595,31.0644376026491));
#1428=CARTESIAN_POINT('Ctrl Pts',(75.0871104689202,92.4086117204595,31.0919392886491));
#1429=CARTESIAN_POINT('Ctrl Pts',(74.9627008459202,92.3572826674595,31.0919393286491));
#1430=CARTESIAN_POINT('Ctrl Pts',(75.5706768699202,93.4384619644595,30.0485294136491));
#1431=CARTESIAN_POINT('Ctrl Pts',(75.5758411989202,93.4412143044595,30.1829209086491));
#1432=CARTESIAN_POINT('Ctrl Pts',(75.5567020439202,93.4310109594595,30.3184474526491));
#1433=CARTESIAN_POINT('Ctrl Pts',(75.4728593939202,93.3863149424595,30.5702254996491));
#1434=CARTESIAN_POINT('Ctrl Pts',(75.4081926739202,93.3518418744595,30.6863665686491));
#1435=CARTESIAN_POINT('Ctrl Pts',(75.2436487689202,93.2641258694595,30.8806894346491));
#1436=CARTESIAN_POINT('Ctrl Pts',(75.1438437569202,93.2109214064595,30.9587859976491));
#1437=CARTESIAN_POINT('Ctrl Pts',(74.9250340129202,93.0942775744595,31.0644340946491));
#1438=CARTESIAN_POINT('Ctrl Pts',(74.8061252559202,93.0308893664595,31.0919392886491));
#1439=CARTESIAN_POINT('Ctrl Pts',(74.6871643129202,92.9674733384595,31.0919393286491));
#1440=CARTESIAN_POINT('Ctrl Pts',(75.3170704009202,93.8789544174595,30.0486635196491));
#1441=CARTESIAN_POINT('Ctrl Pts',(75.3220302409202,93.8820250464595,30.1830446196491));
#1442=CARTESIAN_POINT('Ctrl Pts',(75.3035789349202,93.8705987404595,30.3185569036491));
#1443=CARTESIAN_POINT('Ctrl Pts',(75.2227868359202,93.8205684294595,30.5703044676491));
#1444=CARTESIAN_POINT('Ctrl Pts',(75.1604814679202,93.7819863614595,30.6864293606491));
#1445=CARTESIAN_POINT('Ctrl Pts',(75.0019554319202,93.6838208834595,30.8807235796491));
#1446=CARTESIAN_POINT('Ctrl Pts',(74.9058042729202,93.6242805164595,30.9588077116491));
#1447=CARTESIAN_POINT('Ctrl Pts',(74.6950087399202,93.4937482584595,31.0644387236491));
#1448=CARTESIAN_POINT('Ctrl Pts',(74.5804567949202,93.4228136014595,31.0919392856491));
#1449=CARTESIAN_POINT('Ctrl Pts',(74.4658545919202,93.3518478234596,31.0919393286491));
#1450=CARTESIAN_POINT('Ctrl Pts',(74.9464112259202,94.3982986564595,30.0485813016491));
#1451=CARTESIAN_POINT('Ctrl Pts',(74.9511029899202,94.4017644514595,30.1829687736491));
#1452=CARTESIAN_POINT('Ctrl Pts',(74.9336885239202,94.3889001954595,30.3184897996491));
#1453=CARTESIAN_POINT('Ctrl Pts',(74.8574154029202,94.3325565314595,30.5702560506491));
#1454=CARTESIAN_POINT('Ctrl Pts',(74.7985901969202,94.2891018334595,30.6863908606491));
#1455=CARTESIAN_POINT('Ctrl Pts',(74.6489135649202,94.1785344164595,30.8807026426491));
#1456=CARTESIAN_POINT('Ctrl Pts',(74.5581277799202,94.1114701874595,30.9587943956491));
#1457=CARTESIAN_POINT('Ctrl Pts',(74.3590929129202,93.9644414574595,31.0644358826491));
#1458=CARTESIAN_POINT('Ctrl Pts',(74.2509311199202,93.8845414374595,31.0919392866491));
#1459=CARTESIAN_POINT('Ctrl Pts',(74.1427218619202,93.8046063564595,31.0919393286491));
#1460=CARTESIAN_POINT('Ctrl Pts',(74.8695622549202,94.5005727894595,30.0485560806491));
#1461=CARTESIAN_POINT('Ctrl Pts',(74.8741991819202,94.5041173654595,30.1829455166491));
#1462=CARTESIAN_POINT('Ctrl Pts',(74.8570005409202,94.4909702754595,30.3184692346491));
#1463=CARTESIAN_POINT('Ctrl Pts',(74.7816661649202,94.4333827394595,30.5702412356491));
#1464=CARTESIAN_POINT('Ctrl Pts',(74.7235634719202,94.3889675494596,30.6863790926491));
#1465=CARTESIAN_POINT('Ctrl Pts',(74.5757235689202,94.2759549404595,30.8806962646491));
#1466=CARTESIAN_POINT('Ctrl Pts',(74.4860512009202,94.2074070874595,30.9587903536491));
#1467=CARTESIAN_POINT('Ctrl Pts',(74.2894567119202,94.0571252324595,31.0644350406491));
#1468=CARTESIAN_POINT('Ctrl Pts',(74.1826208149202,93.9754571424595,31.0919393026491));
#1469=CARTESIAN_POINT('Ctrl Pts',(74.0757380359202,93.8937532154595,31.0919393286491));
#1470=CARTESIAN_POINT('Ctrl Pts',(74.7104589359202,94.7017691954595,30.0485521686491));
#1471=CARTESIAN_POINT('Ctrl Pts',(74.7149773469202,94.7054645144595,30.1829419086491));
#1472=CARTESIAN_POINT('Ctrl Pts',(74.6982201609202,94.6917598364595,30.3184660416491));
#1473=CARTESIAN_POINT('Ctrl Pts',(74.6248184719202,94.6317291114595,30.5702389316491));
#1474=CARTESIAN_POINT('Ctrl Pts',(74.5682061619202,94.5854293934595,30.6863772606491));
#1475=CARTESIAN_POINT('Ctrl Pts',(74.4241582279202,94.4676214744595,30.8806952686491));
#1476=CARTESIAN_POINT('Ctrl Pts',(74.3367857829202,94.3961649434595,30.9587897206491));
#1477=CARTESIAN_POINT('Ctrl Pts',(74.1452334639202,94.2395061284596,31.0644349056491));
#1478=CARTESIAN_POINT('Ctrl Pts',(74.0411376049202,94.1543725544595,31.0919393026491));
#1479=CARTESIAN_POINT('Ctrl Pts',(73.9369960649202,94.0692016214595,31.0919393286491));
#1480=CARTESIAN_POINT('Ctrl Pts',(74.6279639739202,94.8009677424595,30.0485620316491));
#1481=CARTESIAN_POINT('Ctrl Pts',(74.6324197389202,94.8047362564595,30.1829510216491));
#1482=CARTESIAN_POINT('Ctrl Pts',(74.6158901269202,94.7907563154595,30.3184741196491));
#1483=CARTESIAN_POINT('Ctrl Pts',(74.5434878169202,94.7295218784596,30.5702447886491));
#1484=CARTESIAN_POINT('Ctrl Pts',(74.4876468729202,94.6822942394596,30.6863819356491));
#1485=CARTESIAN_POINT('Ctrl Pts',(74.3455622949202,94.5621257734595,30.8806978416491));
#1486=CARTESIAN_POINT('Ctrl Pts',(74.2593809749202,94.4892376514595,30.9587913756491));
#1487=CARTESIAN_POINT('Ctrl Pts',(74.0704402909202,94.3294404634595,31.0644352836491));
#1488=CARTESIAN_POINT('Ctrl Pts',(73.9677637919202,94.2426014824595,31.0919393246491));
#1489=CARTESIAN_POINT('Ctrl Pts',(73.8650422399202,94.1557243974596,31.0919393286491));
#1490=CARTESIAN_POINT('Ctrl Pts',(74.3738599949202,95.0915826674595,30.0485983606491));
#1491=CARTESIAN_POINT('Ctrl Pts',(74.3781224559202,95.0955646354595,30.1829845346491));
#1492=CARTESIAN_POINT('Ctrl Pts',(74.3622933079202,95.0807778094595,30.3185037706491));
#1493=CARTESIAN_POINT('Ctrl Pts',(74.2929680019202,95.0160170914596,30.5702661826491));
#1494=CARTESIAN_POINT('Ctrl Pts',(74.2395022459202,94.9660716004595,30.6863989476491));
#1495=CARTESIAN_POINT('Ctrl Pts',(74.1034634549202,94.8389897154595,30.8807070926491));
#1496=CARTESIAN_POINT('Ctrl Pts',(74.0209500789202,94.7619090534595,30.9587972596491));
#1497=CARTESIAN_POINT('Ctrl Pts',(73.8400517119202,94.5929210714595,31.0644365386491));
#1498=CARTESIAN_POINT('Ctrl Pts',(73.7417460529202,94.5010878604595,31.0919393246491));
#1499=CARTESIAN_POINT('Ctrl Pts',(73.6433972629202,94.4092143584595,31.0919393286491));
#1500=CARTESIAN_POINT('Ctrl Pts',(74.1962569639202,95.2754792034595,30.0486307346491));
#1501=CARTESIAN_POINT('Ctrl Pts',(74.2003841319202,95.2795948444596,30.1830143876491));
#1502=CARTESIAN_POINT('Ctrl Pts',(74.1850440479202,95.2642966634595,30.3185301686491));
#1503=CARTESIAN_POINT('Ctrl Pts',(74.1178677519202,95.1973043614595,30.5702852026491));
#1504=CARTESIAN_POINT('Ctrl Pts',(74.0660609969202,95.1456396184595,30.6864140566491));
#1505=CARTESIAN_POINT('Ctrl Pts',(73.9342451809202,95.0141852584595,30.8807152816491));
#1506=CARTESIAN_POINT('Ctrl Pts',(73.8542939219202,94.9344532864595,30.9588024506491));
#1507=CARTESIAN_POINT('Ctrl Pts',(73.6790133009202,94.7596534644595,31.0644376226491));
#1508=CARTESIAN_POINT('Ctrl Pts',(73.5837608019202,94.6646622664595,31.0919393046491));
#1509=CARTESIAN_POINT('Ctrl Pts',(73.4884665119202,94.5696293914595,31.0919393286491));
#1510=CARTESIAN_POINT('Ctrl Pts',(73.6391031439202,95.7987807254595,30.0485302276491));
#1511=CARTESIAN_POINT('Ctrl Pts',(73.6428229379202,95.8032980384595,30.1829216686491));
#1512=CARTESIAN_POINT('Ctrl Pts',(73.6290381119202,95.7865535214596,30.3184481366491));
#1513=CARTESIAN_POINT('Ctrl Pts',(73.5686506539202,95.7132027474595,30.5702260146491));
#1514=CARTESIAN_POINT('Ctrl Pts',(73.5220745099202,95.6566286644595,30.6863669906491));
#1515=CARTESIAN_POINT('Ctrl Pts',(73.4035618049202,95.5126768384595,30.8806896856491));
#1516=CARTESIAN_POINT('Ctrl Pts',(73.3316772279202,95.4253622354595,30.9587861706491));
#1517=CARTESIAN_POINT('Ctrl Pts',(73.1740794299202,95.2339362874595,31.0644341496491));
#1518=CARTESIAN_POINT('Ctrl Pts',(73.0884353359202,95.1299089044595,31.0919393036491));
#1519=CARTESIAN_POINT('Ctrl Pts',(73.0027536569202,95.0258358704595,31.0919393286491));
#1520=CARTESIAN_POINT('Ctrl Pts',(73.2363080869202,96.1093606504595,30.0486639316491));
#1521=CARTESIAN_POINT('Ctrl Pts',(73.2397172519202,96.1140943084595,30.1830450116491));
#1522=CARTESIAN_POINT('Ctrl Pts',(73.2270357569202,96.0964813074595,30.3185572646491));
#1523=CARTESIAN_POINT('Ctrl Pts',(73.1715071569202,96.0193615254595,30.5703047526491));
#1524=CARTESIAN_POINT('Ctrl Pts',(73.1286843999202,95.9598885584595,30.6864296026491));
#1525=CARTESIAN_POINT('Ctrl Pts',(73.0197286049202,95.8085695334595,30.8807237376491));
#1526=CARTESIAN_POINT('Ctrl Pts',(72.9536433419202,95.7167898244595,30.9588078286491));
#1527=CARTESIAN_POINT('Ctrl Pts',(72.8087622649202,95.5155781374596,31.0644387706491));
#1528=CARTESIAN_POINT('Ctrl Pts',(72.7300299799202,95.4062343854595,31.0919393046491));
#1529=CARTESIAN_POINT('Ctrl Pts',(72.6512631539202,95.2968426644595,31.0919393286491));
#1530=CARTESIAN_POINT('Ctrl Pts',(72.6917786549202,96.4494098634596,30.0485811916491));
#1531=CARTESIAN_POINT('Ctrl Pts',(72.6947864629202,96.4544076384595,30.1829686836491));
#1532=CARTESIAN_POINT('Ctrl Pts',(72.6836224729202,96.4358571874595,30.3184897336491));
#1533=CARTESIAN_POINT('Ctrl Pts',(72.6347255659202,96.3546086774596,30.5702560286491));
#1534=CARTESIAN_POINT('Ctrl Pts',(72.5970140929202,96.2919462514595,30.6863908586491));
#1535=CARTESIAN_POINT('Ctrl Pts',(72.5010598649202,96.1325061024595,30.8807026676491));
#1536=CARTESIAN_POINT('Ctrl Pts',(72.4428591919202,96.0357983044595,30.9587944276491));
#1537=CARTESIAN_POINT('Ctrl Pts',(72.3152625229202,95.8237802804595,31.0644359126491));
#1538=CARTESIAN_POINT('Ctrl Pts',(72.2459224879202,95.7085630384595,31.0919393056491));
#1539=CARTESIAN_POINT('Ctrl Pts',(72.1765520249202,95.5932952404595,31.0919393286491));
#1540=CARTESIAN_POINT('Ctrl Pts',(72.5804829159202,96.5151369494595,30.0485558976491));
#1541=CARTESIAN_POINT('Ctrl Pts',(72.5834090469202,96.5201870204595,30.1829453586491));
#1542=CARTESIAN_POINT('Ctrl Pts',(72.5725559019202,96.5014560714596,30.3184691056491));
#1543=CARTESIAN_POINT('Ctrl Pts',(72.5250163659202,96.4194097674595,30.5702411636491));
#1544=CARTESIAN_POINT('Ctrl Pts',(72.4883508259202,96.3561303974596,30.6863790486491));
#1545=CARTESIAN_POINT('Ctrl Pts',(72.3950568689202,96.1951186464595,30.8806962626491));
#1546=CARTESIAN_POINT('Ctrl Pts',(72.3384693709202,96.0974568854596,30.9587903666491));
#1547=CARTESIAN_POINT('Ctrl Pts',(72.2144089639202,95.8833467354596,31.0644350616491));
#1548=CARTESIAN_POINT('Ctrl Pts',(72.1469904679202,95.7669922534595,31.0919393186491));
#1549=CARTESIAN_POINT('Ctrl Pts',(72.0795423889202,95.6505867154595,31.0919393286491));
#1550=CARTESIAN_POINT('Ctrl Pts',(72.3558661029202,96.6403898174595,30.0485522786491));
#1551=CARTESIAN_POINT('Ctrl Pts',(72.3586245649202,96.6455339574595,30.1829420206491));
#1552=CARTESIAN_POINT('Ctrl Pts',(72.3483943689202,96.6264560674595,30.3184661516491));
#1553=CARTESIAN_POINT('Ctrl Pts',(72.3035829489202,96.5428890244595,30.5702390316491));
#1554=CARTESIAN_POINT('Ctrl Pts',(72.2690213779202,96.4784365234595,30.6863773536491));
#1555=CARTESIAN_POINT('Ctrl Pts',(72.1810807429202,96.3144395254595,30.8806953406491));
#1556=CARTESIAN_POINT('Ctrl Pts',(72.1277402489202,96.2149669574595,30.9587897796491));
#1557=CARTESIAN_POINT('Ctrl Pts',(72.0107984039202,95.9968867594595,31.0644349366491));
#1558=CARTESIAN_POINT('Ctrl Pts',(71.9472483439202,95.8783747774595,31.0919393186491));
#1559=CARTESIAN_POINT('Ctrl Pts',(71.8836703979202,95.7598107924595,31.0919393286491));
#1560=CARTESIAN_POINT('Ctrl Pts',(72.2424559069202,96.6999971684595,30.0485622016491));
#1561=CARTESIAN_POINT('Ctrl Pts',(72.2451290529202,96.7051845974595,30.1829511536491));
#1562=CARTESIAN_POINT('Ctrl Pts',(72.2352123229202,96.6859407964595,30.3184742106491));
#1563=CARTESIAN_POINT('Ctrl Pts',(72.1917755479202,96.6016498694595,30.5702448036491));
#1564=CARTESIAN_POINT('Ctrl Pts',(72.1582745539202,96.5366397124595,30.6863819166491));
#1565=CARTESIAN_POINT('Ctrl Pts',(72.0730329099202,96.3712244994595,30.8806977776491));
#1566=CARTESIAN_POINT('Ctrl Pts',(72.0213296459202,96.2708919914595,30.9587913016491));
#1567=CARTESIAN_POINT('Ctrl Pts',(71.9079773559202,96.0509267604595,31.0644352226491));
#1568=CARTESIAN_POINT('Ctrl Pts',(71.8463780459202,95.9313905104595,31.0919392856491));
#1569=CARTESIAN_POINT('Ctrl Pts',(71.7847517029202,95.8118018024595,31.0919393286491));
#1570=CARTESIAN_POINT('Ctrl Pts',(71.8989289779202,96.8699821774595,30.0485983046491));
#1571=CARTESIAN_POINT('Ctrl Pts',(71.9013436909202,96.8752919184595,30.1829844596491));
#1572=CARTESIAN_POINT('Ctrl Pts',(71.8923761229202,96.8555742364595,30.3185036776491));
#1573=CARTESIAN_POINT('Ctrl Pts',(71.8531019099202,96.7692183544595,30.5702660636491));
#1574=CARTESIAN_POINT('Ctrl Pts',(71.8228124879202,96.7026180264595,30.6863988226491));
#1575=CARTESIAN_POINT('Ctrl Pts',(71.7457438189202,96.5331594094596,30.8807069716491));
#1576=CARTESIAN_POINT('Ctrl Pts',(71.6989983709202,96.4303754364595,30.9587971486491));
#1577=CARTESIAN_POINT('Ctrl Pts',(71.5965159009202,96.2050367404595,31.0644364696491));
#1578=CARTESIAN_POINT('Ctrl Pts',(71.5408238229202,96.0825808394596,31.0919392856491));
#1579=CARTESIAN_POINT('Ctrl Pts',(71.4851073069202,95.9600712034595,31.0919393286491));
#1580=CARTESIAN_POINT('Ctrl Pts',(71.6655272329202,96.9715546884595,30.0486305836491));
#1581=CARTESIAN_POINT('Ctrl Pts',(71.6677665899202,96.9769358984595,30.1830142626491));
#1582=CARTESIAN_POINT('Ctrl Pts',(71.6594436199202,96.9569339344595,30.3185300766491));
#1583=CARTESIAN_POINT('Ctrl Pts',(71.6229959999202,96.8693430564595,30.5702851686491));
#1584=CARTESIAN_POINT('Ctrl Pts',(71.5948873329202,96.8017925504596,30.6864140496491));
#1585=CARTESIAN_POINT('Ctrl Pts',(71.5233682879202,96.6299188334595,30.8807153126491));
#1586=CARTESIAN_POINT('Ctrl Pts',(71.4799892729202,96.5256709924596,30.9588024906491));
#1587=CARTESIAN_POINT('Ctrl Pts',(71.3848875549202,96.2971239614595,31.0644376606491));
#1588=CARTESIAN_POINT('Ctrl Pts',(71.3332065539202,96.1729249924595,31.0919393286491));
#1589=CARTESIAN_POINT('Ctrl Pts',(71.2815028809202,96.0486715374595,31.0919393286491));
#1590=CARTESIAN_POINT('Ctrl Pts',(71.1897113969202,97.1515670944596,30.0485644976491));
#1591=CARTESIAN_POINT('Ctrl Pts',(71.1915979749202,97.1570915304595,30.1829532986491));
#1592=CARTESIAN_POINT('Ctrl Pts',(71.1845994769202,97.1365958804596,30.3184761386491));
#1593=CARTESIAN_POINT('Ctrl Pts',(71.1539448649202,97.0468225314595,30.5702462516491));
#1594=CARTESIAN_POINT('Ctrl Pts',(71.1303021949202,96.9775842074595,30.6863831026491));
#1595=CARTESIAN_POINT('Ctrl Pts',(71.0701445419202,96.8014108524595,30.8806984826491));
#1596=CARTESIAN_POINT('Ctrl Pts',(71.0336559439202,96.6945530894595,30.9587917866491));
#1597=CARTESIAN_POINT('Ctrl Pts',(70.9536597059202,96.4602822274595,31.0644353776491));
#1598=CARTESIAN_POINT('Ctrl Pts',(70.9101871499202,96.3329718764595,31.0919393286491));
#1599=CARTESIAN_POINT('Ctrl Pts',(70.8666955199202,96.2056056644595,31.0919393286491));
#1600=CARTESIAN_POINT('Ctrl Pts',(70.9474782289202,97.2299105814595,30.0485498216491));
#1601=CARTESIAN_POINT('Ctrl Pts',(70.9491839859202,97.2354956224596,30.1829397346491));
#1602=CARTESIAN_POINT('Ctrl Pts',(70.9428578979202,97.2147841644595,30.3184641086491));
#1603=CARTESIAN_POINT('Ctrl Pts',(70.9151476849202,97.1240607464595,30.5702375166491));
#1604=CARTESIAN_POINT('Ctrl Pts',(70.8937757139202,97.0540885774595,30.6863761236491));
#1605=CARTESIAN_POINT('Ctrl Pts',(70.8393955269202,96.8760467734595,30.8806946296491));
#1606=CARTESIAN_POINT('Ctrl Pts',(70.8064111609202,96.7680552264596,30.9587893016491));
#1607=CARTESIAN_POINT('Ctrl Pts',(70.7340973819202,96.5312982284595,31.0644347986491));
#1608=CARTESIAN_POINT('Ctrl Pts',(70.6947996859202,96.4026366174595,31.0919392876491));
#1609=CARTESIAN_POINT('Ctrl Pts',(70.6554847429202,96.2739185434596,31.0919393286491));
#1610=CARTESIAN_POINT('Ctrl Pts',(70.5776672919202,97.3297936904595,30.0485857266491));
#1611=CARTESIAN_POINT('Ctrl Pts',(70.5790959269202,97.3354484404595,30.1829728576491));
#1612=CARTESIAN_POINT('Ctrl Pts',(70.5737924519202,97.3144568924595,30.3184934136491));
#1613=CARTESIAN_POINT('Ctrl Pts',(70.5505643409202,97.2225180694595,30.5702586616491));
#1614=CARTESIAN_POINT('Ctrl Pts',(70.5326498909202,97.1516111164595,30.6863929376491));
#1615=CARTESIAN_POINT('Ctrl Pts',(70.4870679289202,96.9711936914595,30.8807037746491));
#1616=CARTESIAN_POINT('Ctrl Pts',(70.4594204069202,96.8617623424595,30.9587951176491));
#1617=CARTESIAN_POINT('Ctrl Pts',(70.3988072049202,96.6218498814595,31.0644360396491));
#1618=CARTESIAN_POINT('Ctrl Pts',(70.3658681059202,96.4914739854595,31.0919392876491));
#1619=CARTESIAN_POINT('Ctrl Pts',(70.3329145529202,96.3610408774595,31.0919393286491));
#1620=CARTESIAN_POINT('Ctrl Pts',(70.4533007269202,97.3601482964595,30.0486000376491));
#1621=CARTESIAN_POINT('Ctrl Pts',(70.4546362089202,97.3658237474595,30.1829860746491));
#1622=CARTESIAN_POINT('Ctrl Pts',(70.4496765429202,97.3447467334595,30.3185051256491));
#1623=CARTESIAN_POINT('Ctrl Pts',(70.4279552999202,97.2524381774596,30.5702671456491));
#1624=CARTESIAN_POINT('Ctrl Pts',(70.4112032489202,97.1812471154595,30.6863997046491));
#1625=CARTESIAN_POINT('Ctrl Pts',(70.3685791929202,97.0001079604596,30.8807074896491));
#1626=CARTESIAN_POINT('Ctrl Pts',(70.3427258809202,96.8902393034595,30.9587975026491));
#1627=CARTESIAN_POINT('Ctrl Pts',(70.2860463279202,96.6493685564595,31.0644365776491));
#1628=CARTESIAN_POINT('Ctrl Pts',(70.2552449439202,96.5184720984595,31.0919393136491));
#1629=CARTESIAN_POINT('Ctrl Pts',(70.2244300459202,96.3875182084595,31.0919393286491));
#1630=CARTESIAN_POINT('Ctrl Pts',(70.2022888199202,97.4148777854595,30.0486143186491));
#1631=CARTESIAN_POINT('Ctrl Pts',(70.2034366909202,97.4205921234595,30.1829992486491));
#1632=CARTESIAN_POINT('Ctrl Pts',(70.1991720239202,97.3993620454595,30.3185167816491));
#1633=CARTESIAN_POINT('Ctrl Pts',(70.1804955109202,97.3063877344595,30.5702755556491));
#1634=CARTESIAN_POINT('Ctrl Pts',(70.1660918559202,97.2346842724595,30.6864063926491));
#1635=CARTESIAN_POINT('Ctrl Pts',(70.1294433119202,97.0522425234595,30.8807111266491));
#1636=CARTESIAN_POINT('Ctrl Pts',(70.1072144939202,96.9415842424595,30.9587998156491));
#1637=CARTESIAN_POINT('Ctrl Pts',(70.0584811979202,96.6989828064595,31.0644370716491));
#1638=CARTESIAN_POINT('Ctrl Pts',(70.0319980899202,96.5671460384595,31.0919393136491));
#1639=CARTESIAN_POINT('Ctrl Pts',(70.0055033629202,96.4352514284595,31.0919393286491));
#1640=CARTESIAN_POINT('Ctrl Pts',(70.0753744019202,97.4392838894595,30.0486141876491));
#1641=CARTESIAN_POINT('Ctrl Pts',(70.0764276069202,97.4450164554595,30.1829991276491));
#1642=CARTESIAN_POINT('Ctrl Pts',(70.0725148759202,97.4237186994595,30.3185166736491));
#1643=CARTESIAN_POINT('Ctrl Pts',(70.0553795019202,97.3304479804595,30.5702754756491));
#1644=CARTESIAN_POINT('Ctrl Pts',(70.0421643729202,97.2585159184595,30.6864063286491));
#1645=CARTESIAN_POINT('Ctrl Pts',(70.0085398739202,97.0754925144595,30.8807110906491));
#1646=CARTESIAN_POINT('Ctrl Pts',(69.9881452509202,96.9644814344595,30.9587997916491));
#1647=CARTESIAN_POINT('Ctrl Pts',(69.9434331349202,96.7211065374595,31.0644370646491));
#1648=CARTESIAN_POINT('Ctrl Pts',(69.9191352509202,96.5888494464595,31.0919393126491));
#1649=CARTESIAN_POINT('Ctrl Pts',(69.8948267059202,96.4565343284595,31.0919393286491));
#1650=CARTESIAN_POINT('Ctrl Pts',(69.4415924149202,97.5449439844596,30.0485302596491));
#1651=CARTESIAN_POINT('Ctrl Pts',(69.4421733189202,97.5507670444595,30.1829217036491));
#1652=CARTESIAN_POINT('Ctrl Pts',(69.4400229799202,97.5291843754596,30.3184481726491));
#1653=CARTESIAN_POINT('Ctrl Pts',(69.4306016759202,97.4346386484595,30.5702260516491));
#1654=CARTESIAN_POINT('Ctrl Pts',(69.4233348459202,97.3617170604595,30.6863670266491));
#1655=CARTESIAN_POINT('Ctrl Pts',(69.4048441209202,97.1761690204595,30.8806897156491));
#1656=CARTESIAN_POINT('Ctrl Pts',(69.3936283389202,97.0636239534595,30.9587861966491));
#1657=CARTESIAN_POINT('Ctrl Pts',(69.3690390389202,96.8168833864596,31.0644341646491));
#1658=CARTESIAN_POINT('Ctrl Pts',(69.3556763079202,96.6827961114596,31.0919393126491));
#1659=CARTESIAN_POINT('Ctrl Pts',(69.3423077139202,96.5486499944596,31.0919393286491));
#1660=CARTESIAN_POINT('Ctrl Pts',(68.9339682029202,97.5786378474595,30.0486631926491));
#1661=CARTESIAN_POINT('Ctrl Pts',(68.9341704939202,97.5844677514595,30.1830443306491));
#1662=CARTESIAN_POINT('Ctrl Pts',(68.9334205269202,97.5627781424595,30.3185566626491));
#1663=CARTESIAN_POINT('Ctrl Pts',(68.9301352979202,97.4678074144595,30.5703043196491));
#1664=CARTESIAN_POINT('Ctrl Pts',(68.9276014779202,97.3945679374596,30.6864292596491));
#1665=CARTESIAN_POINT('Ctrl Pts',(68.9211542309202,97.2082220204595,30.8807235516491));
#1666=CARTESIAN_POINT('Ctrl Pts',(68.9172436329202,97.0951972864596,30.9588077116491));
#1667=CARTESIAN_POINT('Ctrl Pts',(68.9086701589202,96.8474093134596,31.0644387466491));
#1668=CARTESIAN_POINT('Ctrl Pts',(68.9040110439202,96.7127547224595,31.0919393056491));
#1669=CARTESIAN_POINT('Ctrl Pts',(68.8993498839202,96.5780410584595,31.0919393286491));
#1670=CARTESIAN_POINT('Ctrl Pts',(68.1702381489202,97.5551831424595,30.0485651936491));
#1671=CARTESIAN_POINT('Ctrl Pts',(68.1698686169202,97.5610090314595,30.1829539266491));
#1672=CARTESIAN_POINT('Ctrl Pts',(68.1712402609202,97.5393948354595,30.3184766776491));
#1673=CARTESIAN_POINT('Ctrl Pts',(68.1772478599202,97.4447222114595,30.5702466096491));
#1674=CARTESIAN_POINT('Ctrl Pts',(68.1818811809202,97.3717053044595,30.6863833686491));
#1675=CARTESIAN_POINT('Ctrl Pts',(68.1936703369202,97.1859175604595,30.8806985946491));
#1676=CARTESIAN_POINT('Ctrl Pts',(68.2008210009202,97.0732282064595,30.9587918386491));
#1677=CARTESIAN_POINT('Ctrl Pts',(68.2164978069202,96.8261723904595,31.0644353606491));
#1678=CARTESIAN_POINT('Ctrl Pts',(68.2250170749202,96.6919142834595,31.0919393056491));
#1679=CARTESIAN_POINT('Ctrl Pts',(68.2335400799202,96.5575972624595,31.0919393286491));
#1680=CARTESIAN_POINT('Ctrl Pts',(67.9154374679202,97.5348818714595,30.0485497026491));
#1681=CARTESIAN_POINT('Ctrl Pts',(67.9148768989202,97.5406946794595,30.1829396436491));
#1682=CARTESIAN_POINT('Ctrl Pts',(67.9169552269202,97.5191384504596,30.3184640506491));
#1683=CARTESIAN_POINT('Ctrl Pts',(67.9260592839202,97.4247147034595,30.5702375176491));
#1684=CARTESIAN_POINT('Ctrl Pts',(67.9330810189202,97.3518886004595,30.6863761496491));
#1685=CARTESIAN_POINT('Ctrl Pts',(67.9509476489202,97.1665850764595,30.8806946876491));
#1686=CARTESIAN_POINT('Ctrl Pts',(67.9617847079202,97.0541889294595,30.9587893656491));
#1687=CARTESIAN_POINT('Ctrl Pts',(67.9855435299202,96.8077754494595,31.0644348496491));
#1688=CARTESIAN_POINT('Ctrl Pts',(67.9984548719202,96.6738661924595,31.0919393196491));
#1689=CARTESIAN_POINT('Ctrl Pts',(68.0113718809202,96.5398981744595,31.0919393286491));
#1690=CARTESIAN_POINT('Ctrl Pts',(67.5329715359202,97.4852758004595,30.0485858736491));
#1691=CARTESIAN_POINT('Ctrl Pts',(67.5321263409202,97.4910466534595,30.1829730126491));
#1692=CARTESIAN_POINT('Ctrl Pts',(67.5352637749202,97.4696239744596,30.3184935736491));
#1693=CARTESIAN_POINT('Ctrl Pts',(67.5490051649202,97.3757969624595,30.5702588186491));
#1694=CARTESIAN_POINT('Ctrl Pts',(67.5596030939202,97.3034337774595,30.6863930886491));
#1695=CARTESIAN_POINT('Ctrl Pts',(67.5865687429202,97.1193111004595,30.8807039006491));
#1696=CARTESIAN_POINT('Ctrl Pts',(67.6029246369202,97.0076323584595,30.9587952246491));
#1697=CARTESIAN_POINT('Ctrl Pts',(67.6387825799202,96.7627928234595,31.0644360996491));
#1698=CARTESIAN_POINT('Ctrl Pts',(67.6582689039202,96.6297394074595,31.0919393196491));
#1699=CARTESIAN_POINT('Ctrl Pts',(67.6777637769202,96.4966276134595,31.0919393286491));
#1700=CARTESIAN_POINT('Ctrl Pts',(67.4053410469202,97.4655037134595,30.0486002766491));
#1701=CARTESIAN_POINT('Ctrl Pts',(67.4044010389202,97.4712578644595,30.1829862926491));
#1702=CARTESIAN_POINT('Ctrl Pts',(67.4078919019202,97.4498884114595,30.3185053146491));
#1703=CARTESIAN_POINT('Ctrl Pts',(67.4231804589202,97.3562991884596,30.5702672756491));
#1704=CARTESIAN_POINT('Ctrl Pts',(67.4349714489202,97.2841204594596,30.6863998046491));
#1705=CARTESIAN_POINT('Ctrl Pts',(67.4649725549202,97.1004682984595,30.8807075376491));
#1706=CARTESIAN_POINT('Ctrl Pts',(67.4831695139202,96.9890754054595,30.9587975286491));
#1707=CARTESIAN_POINT('Ctrl Pts',(67.5230636539202,96.7448630034595,31.0644365776491));
#1708=CARTESIAN_POINT('Ctrl Pts',(67.5447433399202,96.6121505924595,31.0919393086491));
#1709=CARTESIAN_POINT('Ctrl Pts',(67.5664325389202,96.4793799524595,31.0919393286491));
#1710=CARTESIAN_POINT('Ctrl Pts',(67.1527375439202,97.4199695104596,30.0486143566491));
#1711=CARTESIAN_POINT('Ctrl Pts',(67.1516095019202,97.4256877894595,30.1829992806491));
#1712=CARTESIAN_POINT('Ctrl Pts',(67.1558003619202,97.4044430214595,30.3185168066491));
#1713=CARTESIAN_POINT('Ctrl Pts',(67.1741537139202,97.3114044014595,30.5702755666491));
#1714=CARTESIAN_POINT('Ctrl Pts',(67.1883081579202,97.2396513494595,30.6864063976491));
#1715=CARTESIAN_POINT('Ctrl Pts',(67.2243226309202,97.0570834294595,30.8807111226491));
#1716=CARTESIAN_POINT('Ctrl Pts',(67.2461668659202,96.9463486234595,30.9587998086491));
#1717=CARTESIAN_POINT('Ctrl Pts',(67.2940570299202,96.7035794174596,31.0644370646491));
#1718=CARTESIAN_POINT('Ctrl Pts',(67.3200819589202,96.5716514804596,31.0919393086491));
#1719=CARTESIAN_POINT('Ctrl Pts',(67.3461183059202,96.4396656594595,31.0919393286491));
#1720=CARTESIAN_POINT('Ctrl Pts',(67.0274095839202,97.3941687214595,30.0486140676491));
#1721=CARTESIAN_POINT('Ctrl Pts',(67.0261880479202,97.3998677974595,30.1829990016491));
#1722=CARTESIAN_POINT('Ctrl Pts',(67.0307264499202,97.3786945984595,30.3185165456491));
#1723=CARTESIAN_POINT('Ctrl Pts',(67.0506017179202,97.2859692874596,30.5702753506491));
#1724=CARTESIAN_POINT('Ctrl Pts',(67.0659298689202,97.2144578374595,30.6864062096491));
#1725=CARTESIAN_POINT('Ctrl Pts',(67.1049306859202,97.0325046154595,30.8807109916491));
#1726=CARTESIAN_POINT('Ctrl Pts',(67.1285862499202,96.9221426354596,30.9587997076491));
#1727=CARTESIAN_POINT('Ctrl Pts',(67.1804474689202,96.6801907774595,31.0644370186491));
#1728=CARTESIAN_POINT('Ctrl Pts',(67.2086303809202,96.5487070034595,31.0919392876491));
#1729=CARTESIAN_POINT('Ctrl Pts',(67.2368256609202,96.4171655374595,31.0919393286491));
#1730=CARTESIAN_POINT('Ctrl Pts',(66.4054685119202,97.2501577394595,30.0485305586491));
#1731=CARTESIAN_POINT('Ctrl Pts',(66.4037790249202,97.2557603034595,30.1829219646491));
#1732=CARTESIAN_POINT('Ctrl Pts',(66.4100435099202,97.2349957474595,30.3184483866491));
#1733=CARTESIAN_POINT('Ctrl Pts',(66.4374845539202,97.1440334134595,30.5702261726491));
#1734=CARTESIAN_POINT('Ctrl Pts',(66.4586490769202,97.0738755324595,30.6863671026491));
#1735=CARTESIAN_POINT('Ctrl Pts',(66.5125015919202,96.8953595904595,30.8806897236491));
#1736=CARTESIAN_POINT('Ctrl Pts',(66.5451659629202,96.7870798304595,30.9587861806491));
#1737=CARTESIAN_POINT('Ctrl Pts',(66.6167782599202,96.5496903504595,31.0644341326491));
#1738=CARTESIAN_POINT('Ctrl Pts',(66.6556947779202,96.4206847534595,31.0919392876491));
#1739=CARTESIAN_POINT('Ctrl Pts',(66.6946283739202,96.2916225394595,31.0919393286491));
#1740=CARTESIAN_POINT('Ctrl Pts',(65.9238680609202,97.0877275864596,30.0486632146491));
#1741=CARTESIAN_POINT('Ctrl Pts',(65.9218263569202,97.0931921434595,30.1830443366491));
#1742=CARTESIAN_POINT('Ctrl Pts',(65.9294247779202,97.0728627764595,30.3185566516491));
#1743=CARTESIAN_POINT('Ctrl Pts',(65.9626941339202,96.9838475104595,30.5703042816491));
#1744=CARTESIAN_POINT('Ctrl Pts',(65.9883504809202,96.9152006424596,30.6864292106491));
#1745=CARTESIAN_POINT('Ctrl Pts',(66.0536285479202,96.7405397304595,30.8807234936491));
#1746=CARTESIAN_POINT('Ctrl Pts',(66.0932216459202,96.6346022724595,30.9588076546491));
#1747=CARTESIAN_POINT('Ctrl Pts',(66.1800228189202,96.4023519154595,31.0644387076491));
#1748=CARTESIAN_POINT('Ctrl Pts',(66.2271928349202,96.2761408544595,31.0919392826491));
#1749=CARTESIAN_POINT('Ctrl Pts',(66.2743835449202,96.1498744184595,31.0919393286491));
#1750=CARTESIAN_POINT('Ctrl Pts',(65.3407461879202,96.8250525674596,30.0485817226491));
#1751=CARTESIAN_POINT('Ctrl Pts',(65.3382635889202,96.8303308664595,30.1829691606491));
#1752=CARTESIAN_POINT('Ctrl Pts',(65.3474786179202,96.8107390734595,30.3184901406491));
#1753=CARTESIAN_POINT('Ctrl Pts',(65.3878390809202,96.7249296804596,30.5702562936491));
#1754=CARTESIAN_POINT('Ctrl Pts',(65.4189668139202,96.6587497154595,30.6863910506491));
#1755=CARTESIAN_POINT('Ctrl Pts',(65.4981691119202,96.4903594454595,30.8807027416491));
#1756=CARTESIAN_POINT('Ctrl Pts',(65.5462089419202,96.3882229904595,30.9587944566491));
#1757=CARTESIAN_POINT('Ctrl Pts',(65.6515293909202,96.1643034144595,31.0644358926491));
#1758=CARTESIAN_POINT('Ctrl Pts',(65.7087638189202,96.0426184954595,31.0919392836491));
#1759=CARTESIAN_POINT('Ctrl Pts',(65.7660233629202,95.9208801774595,31.0919393286491));
#1760=CARTESIAN_POINT('Ctrl Pts',(65.2250872229202,96.7694945184596,30.0485561656491));
#1761=CARTESIAN_POINT('Ctrl Pts',(65.2225163649202,96.7747343394595,30.1829456086491));
#1762=CARTESIAN_POINT('Ctrl Pts',(65.2320518899202,96.7552994614595,30.3184693316491));
#1763=CARTESIAN_POINT('Ctrl Pts',(65.2738198559202,96.6701698364595,30.5702413336491));
#1764=CARTESIAN_POINT('Ctrl Pts',(65.3060339779202,96.6045124274595,30.6863791886491));
#1765=CARTESIAN_POINT('Ctrl Pts',(65.3880014709202,96.4374498734595,30.8806963466491));
#1766=CARTESIAN_POINT('Ctrl Pts',(65.4377188929202,96.3361180024596,30.9587904246491));
#1767=CARTESIAN_POINT('Ctrl Pts',(65.5467175809202,96.1139616424595,31.0644350806491));
#1768=CARTESIAN_POINT('Ctrl Pts',(65.6059510429202,95.9932345894595,31.0919393246491));
#1769=CARTESIAN_POINT('Ctrl Pts',(65.6652104959202,95.8724545634595,31.0919393286491));
#1770=CARTESIAN_POINT('Ctrl Pts',(64.9958743679202,96.6523061194596,30.0485521156491));
#1771=CARTESIAN_POINT('Ctrl Pts',(64.9931319019202,96.6574588324595,30.1829418726491));
#1772=CARTESIAN_POINT('Ctrl Pts',(65.0033027589202,96.6383492534595,30.3184660256491));
#1773=CARTESIAN_POINT('Ctrl Pts',(65.0478542669202,96.5546433444595,30.5702389486491));
#1774=CARTESIAN_POINT('Ctrl Pts',(65.0822153769202,96.4900837284596,30.6863772916491));
#1775=CARTESIAN_POINT('Ctrl Pts',(65.1696459499202,96.3258141664596,30.8806953156491));
#1776=CARTESIAN_POINT('Ctrl Pts',(65.2226770659202,96.2261762684595,30.9587897686491));
#1777=CARTESIAN_POINT('Ctrl Pts',(65.3389406409202,96.0077336034595,31.0644349406491));
#1778=CARTESIAN_POINT('Ctrl Pts',(65.4021221079202,95.8890246434595,31.0919393246491));
#1779=CARTESIAN_POINT('Ctrl Pts',(65.4653312979202,95.7702635954595,31.0919393286491));
#1780=CARTESIAN_POINT('Ctrl Pts',(64.8824921739202,96.5907441824595,30.0485619926491));
#1781=CARTESIAN_POINT('Ctrl Pts',(64.8796657019202,96.5958497274595,30.1829509706491));
#1782=CARTESIAN_POINT('Ctrl Pts',(64.8901509139202,96.5769096684595,30.3184740606491));
#1783=CARTESIAN_POINT('Ctrl Pts',(64.9360779019202,96.4939491934595,30.5702447176491));
#1784=CARTESIAN_POINT('Ctrl Pts',(64.9714995339202,96.4299651624596,30.6863818616491));
#1785=CARTESIAN_POINT('Ctrl Pts',(65.0616281889202,96.2671608814595,30.8806977706491));
#1786=CARTESIAN_POINT('Ctrl Pts',(65.1162956839202,96.1684120364595,30.9587913116491));
#1787=CARTESIAN_POINT('Ctrl Pts',(65.2361466569202,95.9519187724595,31.0644352446491));
#1788=CARTESIAN_POINT('Ctrl Pts',(65.3012775699202,95.8342693044595,31.0919393026491));
#1789=CARTESIAN_POINT('Ctrl Pts',(65.3664370649202,95.7165682104595,31.0919393286491));
#1790=CARTESIAN_POINT('Ctrl Pts',(64.5490626089202,96.3989518484595,30.0485981556491));
#1791=CARTESIAN_POINT('Ctrl Pts',(64.5459899369202,96.4039100124595,30.1829843316491));
#1792=CARTESIAN_POINT('Ctrl Pts',(64.5573999259202,96.3854975304595,30.3185035766491));
#1793=CARTESIAN_POINT('Ctrl Pts',(64.6073714889202,96.3048581284595,30.5702660126491));
#1794=CARTESIAN_POINT('Ctrl Pts',(64.6459111469202,96.2426665724595,30.6863987956491));
#1795=CARTESIAN_POINT('Ctrl Pts',(64.7439719279202,96.0844257374595,30.8807069806491));
#1796=CARTESIAN_POINT('Ctrl Pts',(64.8034500469202,95.9884458544595,30.9587971686491));
#1797=CARTESIAN_POINT('Ctrl Pts',(64.9338470649202,95.7780241454595,31.0644364936491));
#1798=CARTESIAN_POINT('Ctrl Pts',(65.0047087769202,95.6636746004595,31.0919393026491));
#1799=CARTESIAN_POINT('Ctrl Pts',(65.0756015829202,95.5492748804595,31.0919393286491));
#1800=CARTESIAN_POINT('Ctrl Pts',(64.3344992489202,96.2610371774595,30.0486305846491));
#1801=CARTESIAN_POINT('Ctrl Pts',(64.3312694159202,96.2658890174595,30.1830142576491));
#1802=CARTESIAN_POINT('Ctrl Pts',(64.3432751079202,96.2478553214595,30.3185300656491));
#1803=CARTESIAN_POINT('Ctrl Pts',(64.3958491909202,96.1688833904595,30.5702851476491));
#1804=CARTESIAN_POINT('Ctrl Pts',(64.4363945279202,96.1079797864596,30.6864140256491));
#1805=CARTESIAN_POINT('Ctrl Pts',(64.5395569559202,95.9530181894595,30.8807152866491));
#1806=CARTESIAN_POINT('Ctrl Pts',(64.6021288099202,95.8590281494595,30.9588024666491));
#1807=CARTESIAN_POINT('Ctrl Pts',(64.7393077579202,95.6529697064595,31.0644376436491));
#1808=CARTESIAN_POINT('Ctrl Pts',(64.8138546979202,95.5409916624595,31.0919393196491));
#1809=CARTESIAN_POINT('Ctrl Pts',(64.8884343439202,95.4289644914596,31.0919393286491));
#1810=CARTESIAN_POINT('Ctrl Pts',(63.7130936229202,95.8174009834595,30.0485316256491));
#1811=CARTESIAN_POINT('Ctrl Pts',(63.7093909079202,95.8219320204595,30.1829229686491));
#1812=CARTESIAN_POINT('Ctrl Pts',(63.7231171169202,95.8051393624595,30.3184492966491));
#1813=CARTESIAN_POINT('Ctrl Pts',(63.7832452959202,95.7315762474595,30.5702268726491));
#1814=CARTESIAN_POINT('Ctrl Pts',(63.8296208939202,95.6748380574595,30.6863676856491));
#1815=CARTESIAN_POINT('Ctrl Pts',(63.9476226799202,95.5304682984595,30.8806900846491));
#1816=CARTESIAN_POINT('Ctrl Pts',(64.0191971099202,95.4429000534595,30.9587864376491));
#1817=CARTESIAN_POINT('Ctrl Pts',(64.1761147049202,95.2509178894595,31.0644342246491));
#1818=CARTESIAN_POINT('Ctrl Pts',(64.2613890449202,95.1465881794595,31.0919393196491));
#1819=CARTESIAN_POINT('Ctrl Pts',(64.3467008039202,95.0422126854595,31.0919393286491));
#1820=CARTESIAN_POINT('Ctrl Pts',(63.3291748059202,95.4827858164595,30.0486640096491));
#1821=CARTESIAN_POINT('Ctrl Pts',(63.3251986349202,95.4870544214595,30.1830450976491));
#1822=CARTESIAN_POINT('Ctrl Pts',(63.3399938639202,95.4711750224595,30.3185573566491));
#1823=CARTESIAN_POINT('Ctrl Pts',(63.4047754689202,95.4016442264596,30.5703048496491));
#1824=CARTESIAN_POINT('Ctrl Pts',(63.4547334389202,95.3480233174595,30.6864296986491));
#1825=CARTESIAN_POINT('Ctrl Pts',(63.5818430529202,95.2115934424596,30.8807238216491));
#1826=CARTESIAN_POINT('Ctrl Pts',(63.6589389619202,95.1288442984595,30.9588079016491));
#1827=CARTESIAN_POINT('Ctrl Pts',(63.8279588309202,94.9474304564595,31.0644388126491));
#1828=CARTESIAN_POINT('Ctrl Pts',(63.9198086799202,94.8488453044595,31.0919393276491));
#1829=CARTESIAN_POINT('Ctrl Pts',(64.0116988209202,94.7502169054596,31.0919393286491));
#1830=CARTESIAN_POINT('Ctrl Pts',(62.7994208559202,94.9194419994596,30.0485647556491));
#1831=CARTESIAN_POINT('Ctrl Pts',(62.7950383409202,94.9232985124595,30.1829535366491));
#1832=CARTESIAN_POINT('Ctrl Pts',(62.8112978599202,94.9089914074595,30.3184763476491));
#1833=CARTESIAN_POINT('Ctrl Pts',(62.8825162489202,94.8463243164595,30.5702464006491));
#1834=CARTESIAN_POINT('Ctrl Pts',(62.9374438819202,94.7979918164596,30.6863832206491));
#1835=CARTESIAN_POINT('Ctrl Pts',(63.0772043649202,94.6750121824595,30.8806985446491));
#1836=CARTESIAN_POINT('Ctrl Pts',(63.1619759189202,94.6004189854595,30.9587918256491));
#1837=CARTESIAN_POINT('Ctrl Pts',(63.3478258009202,94.4368836914595,31.0644353836491));
#1838=CARTESIAN_POINT('Ctrl Pts',(63.4488226199202,94.3480133194595,31.0919393276491));
#1839=CARTESIAN_POINT('Ctrl Pts',(63.5498637539202,94.2591039534595,31.0919393286491));
#1840=CARTESIAN_POINT('Ctrl Pts',(62.6330730729202,94.7238347924595,30.0485500606491));
#1841=CARTESIAN_POINT('Ctrl Pts',(62.6285644129202,94.7275460954596,30.1829399556491));
#1842=CARTESIAN_POINT('Ctrl Pts',(62.6452841459202,94.7137825974595,30.3184643056491));
#1843=CARTESIAN_POINT('Ctrl Pts',(62.7185224649202,94.6534939754595,30.5702376606491));
#1844=CARTESIAN_POINT('Ctrl Pts',(62.7750089289202,94.6069952944595,30.6863762396491));
#1845=CARTESIAN_POINT('Ctrl Pts',(62.9187368279202,94.4886810574596,30.8806946946491));
#1846=CARTESIAN_POINT('Ctrl Pts',(63.0059152249202,94.4169173954595,30.9587893436491));
#1847=CARTESIAN_POINT('Ctrl Pts',(63.1970421859202,94.2595852094595,31.0644348086491));
#1848=CARTESIAN_POINT('Ctrl Pts',(63.3009069219202,94.1740856924595,31.0919392896491));
#1849=CARTESIAN_POINT('Ctrl Pts',(63.4048172399202,94.0885486534596,31.0919393286491));
#1850=CARTESIAN_POINT('Ctrl Pts',(62.3219944289202,94.3197984874595,30.0485979896491));
#1851=CARTESIAN_POINT('Ctrl Pts',(62.3172589959202,94.3232043964595,30.1829841706491));
#1852=CARTESIAN_POINT('Ctrl Pts',(62.3348437279202,94.3105561614595,30.3185034246491));
#1853=CARTESIAN_POINT('Ctrl Pts',(62.4118582459202,94.2551619664595,30.5702658856491));
#1854=CARTESIAN_POINT('Ctrl Pts',(62.4712542559202,94.2124402994595,30.6863986836491));
#1855=CARTESIAN_POINT('Ctrl Pts',(62.6223821609202,94.1037388714595,30.8807069006491));
#1856=CARTESIAN_POINT('Ctrl Pts',(62.7140477789202,94.0378067814596,30.9587971066491));
#1857=CARTESIAN_POINT('Ctrl Pts',(62.9150111339202,93.8932604224595,31.0644364646491));
#1858=CARTESIAN_POINT('Ctrl Pts',(63.0242207389202,93.8147095444595,31.0919392896491));
#1859=CARTESIAN_POINT('Ctrl Pts',(63.1334782649202,93.7361241994595,31.0919393286491));
#1860=CARTESIAN_POINT('Ctrl Pts',(62.1768883509202,94.1109700784595,30.0486304666491));
#1861=CARTESIAN_POINT('Ctrl Pts',(62.1720486699202,94.1142181274595,30.1830141526491));
#1862=CARTESIAN_POINT('Ctrl Pts',(62.1900378459202,94.1021458654595,30.3185299756491));
#1863=CARTESIAN_POINT('Ctrl Pts',(62.2688144589202,94.0492796574595,30.5702850896491));
#1864=CARTESIAN_POINT('Ctrl Pts',(62.3295673509202,94.0085088944595,30.6864139826491));
#1865=CARTESIAN_POINT('Ctrl Pts',(62.4841453899202,93.9047727464595,30.8807152696491));
#1866=CARTESIAN_POINT('Ctrl Pts',(62.5779027529202,93.8418528514595,30.9588024596491));
#1867=CARTESIAN_POINT('Ctrl Pts',(62.7834510509202,93.7039108174595,31.0644376486491));
#1868=CARTESIAN_POINT('Ctrl Pts',(62.8951518519202,93.6289491694595,31.0919393246491));
#1869=CARTESIAN_POINT('Ctrl Pts',(63.0069016579202,93.5539546334595,31.0919393286491));
#1870=CARTESIAN_POINT('Ctrl Pts',(61.9072869409202,93.6794320734595,30.0485653886491));
#1871=CARTESIAN_POINT('Ctrl Pts',(61.9022379239202,93.6823620204595,30.1829541176491));
#1872=CARTESIAN_POINT('Ctrl Pts',(61.9209703739202,93.6714923304595,30.3184768596491));
#1873=CARTESIAN_POINT('Ctrl Pts',(62.0030203739202,93.6238816024595,30.5702467656491));
#1874=CARTESIAN_POINT('Ctrl Pts',(62.0663019369202,93.5871614444595,30.6863835076491));
#1875=CARTESIAN_POINT('Ctrl Pts',(62.2273185379202,93.4937288384595,30.8806986966491));
#1876=CARTESIAN_POINT('Ctrl Pts',(62.3249829569202,93.4370573674595,30.9587919196491));
#1877=CARTESIAN_POINT('Ctrl Pts',(62.5390986519202,93.3128129874596,31.0644353996491));
#1878=CARTESIAN_POINT('Ctrl Pts',(62.6554560219202,93.2452945684595,31.0919393246491));
#1879=CARTESIAN_POINT('Ctrl Pts',(62.7718644459202,93.1777465244596,31.0919393286491));
#1880=CARTESIAN_POINT('Ctrl Pts',(61.7829188879202,93.4568765274595,30.0485496256491));
#1881=CARTESIAN_POINT('Ctrl Pts',(61.7777748159202,93.4596408204595,30.1829395576491));
#1882=CARTESIAN_POINT('Ctrl Pts',(61.7968507919202,93.4493893424595,30.3184639566491));
#1883=CARTESIAN_POINT('Ctrl Pts',(61.8804103389202,93.4044845114595,30.5702374166491));
#1884=CARTESIAN_POINT('Ctrl Pts',(61.9448572589202,93.3698508544595,30.6863760496491));
#1885=CARTESIAN_POINT('Ctrl Pts',(62.1088402819202,93.2817267494595,30.8806945996491));
#1886=CARTESIAN_POINT('Ctrl Pts',(62.2083044619202,93.2282749514595,30.9587892876491));
#1887=CARTESIAN_POINT('Ctrl Pts',(62.4263663609202,93.1110890694595,31.0644348036491));
#1888=CARTESIAN_POINT('Ctrl Pts',(62.5448684379202,93.0474063814596,31.0919392946491));
#1889=CARTESIAN_POINT('Ctrl Pts',(62.6634225189202,92.9836957454596,31.0919393286491));
#1890=CARTESIAN_POINT('Ctrl Pts',(61.5553933369202,92.9980979894596,30.0485975326491));
#1891=CARTESIAN_POINT('Ctrl Pts',(61.5500854899202,93.0005171524595,30.1829837526491));
#1892=CARTESIAN_POINT('Ctrl Pts',(61.5697957219202,92.9915332944595,30.3185030586491));
#1893=CARTESIAN_POINT('Ctrl Pts',(61.6561191939202,92.9521876114595,30.5702656296491));
#1894=CARTESIAN_POINT('Ctrl Pts',(61.7226945769202,92.9218430414595,30.6863984846491));
#1895=CARTESIAN_POINT('Ctrl Pts',(61.8920897769202,92.8446340214595,30.8807068006491));
#1896=CARTESIAN_POINT('Ctrl Pts',(61.9948353079202,92.7978034314595,30.9587970486491));
#1897=CARTESIAN_POINT('Ctrl Pts',(62.2200897409202,92.6951342884595,31.0644364596491));
#1898=CARTESIAN_POINT('Ctrl Pts',(62.3424998599202,92.6393407604595,31.0919392956491));
#1899=CARTESIAN_POINT('Ctrl Pts',(62.4649636899202,92.5835227504595,31.0919393286491));
#1900=CARTESIAN_POINT('Ctrl Pts',(61.4519055709202,92.7607568574595,30.0486308076491));
#1901=CARTESIAN_POINT('Ctrl Pts',(61.4465249509202,92.7629976644595,30.1830144466491));
#1902=CARTESIAN_POINT('Ctrl Pts',(61.4665248359202,92.7546692344595,30.3185302126491));
#1903=CARTESIAN_POINT('Ctrl Pts',(61.5541065519202,92.7181977444595,30.5702852166491));
#1904=CARTESIAN_POINT('Ctrl Pts',(61.6216499779202,92.6900706774595,30.6864140576491));
#1905=CARTESIAN_POINT('Ctrl Pts',(61.7935056689202,92.6185048234595,30.8807152656491));
#1906=CARTESIAN_POINT('Ctrl Pts',(61.8977425739202,92.5750974204595,30.9588024286491));
#1907=CARTESIAN_POINT('Ctrl Pts',(62.1262656289202,92.4799334654595,31.0644376036491));
#1908=CARTESIAN_POINT('Ctrl Pts',(62.2504515709202,92.4282186444595,31.0919392916491));
#1909=CARTESIAN_POINT('Ctrl Pts',(62.3746919999202,92.3764811344595,31.0919393286491));
#1910=CARTESIAN_POINT('Ctrl Pts',(61.1799431249202,92.0419775894595,30.0485311276491));
#1911=CARTESIAN_POINT('Ctrl Pts',(61.1743461429202,92.0436854784595,30.1829224906491));
#1912=CARTESIAN_POINT('Ctrl Pts',(61.1950919049202,92.0373578224595,30.3184488546491));
#1913=CARTESIAN_POINT('Ctrl Pts',(61.2859709029202,92.0096373624595,30.5702265156491));
#1914=CARTESIAN_POINT('Ctrl Pts',(61.3560642779202,91.9882567184595,30.6863673786491));
#1915=CARTESIAN_POINT('Ctrl Pts',(61.5344158309202,91.9338536114595,30.8806898786491));
#1916=CARTESIAN_POINT('Ctrl Pts',(61.6425957799202,91.9008550104595,30.9587862826491));
#1917=CARTESIAN_POINT('Ctrl Pts',(61.8797663389202,91.8285096984595,31.0644341586491));
#1918=CARTESIAN_POINT('Ctrl Pts',(62.0086529219202,91.7891947204595,31.0919392916491));
#1919=CARTESIAN_POINT('Ctrl Pts',(62.1375960699202,91.7498624874595,31.0919393286491));
#1920=CARTESIAN_POINT('Ctrl Pts',(61.0476084709202,91.5511662994595,30.0486627356491));
#1921=CARTESIAN_POINT('Ctrl Pts',(61.0419305409202,91.5525045774595,30.1830438986491));
#1922=CARTESIAN_POINT('Ctrl Pts',(61.0630549799202,91.5475282674595,30.3185562676491));
#1923=CARTESIAN_POINT('Ctrl Pts',(61.1555509139202,91.5257374634595,30.5703040126491));
#1924=CARTESIAN_POINT('Ctrl Pts',(61.2268818519202,91.5089325234595,30.6864290016491));
#1925=CARTESIAN_POINT('Ctrl Pts',(61.4083717749202,91.4661747404595,30.8807233886491));
#1926=CARTESIAN_POINT('Ctrl Pts',(61.5184511809202,91.4402406444595,30.9588075926491));
#1927=CARTESIAN_POINT('Ctrl Pts',(61.7597820059202,91.3833843074595,31.0644387016491));
#1928=CARTESIAN_POINT('Ctrl Pts',(61.8909276069202,91.3524869974596,31.0919392886491));
#1929=CARTESIAN_POINT('Ctrl Pts',(62.0221307449202,91.3215761304595,31.0919393286491));
#1930=CARTESIAN_POINT('Ctrl Pts',(60.9211611719202,90.7963878054595,30.0485659286491));
#1931=CARTESIAN_POINT('Ctrl Pts',(60.9153754489202,90.7971636054595,30.1829545936491));
#1932=CARTESIAN_POINT('Ctrl Pts',(60.9368412069202,90.7942859684595,30.3184772556491));
#1933=CARTESIAN_POINT('Ctrl Pts',(61.0308633519202,90.7816812704595,30.5702470046491));
#1934=CARTESIAN_POINT('Ctrl Pts',(61.1033785019202,90.7719597384595,30.6863836696491));
#1935=CARTESIAN_POINT('Ctrl Pts',(61.2878894759202,90.7472237204595,30.8806987356491));
#1936=CARTESIAN_POINT('Ctrl Pts',(61.3998043769202,90.7322200844595,30.9587919136491));
#1937=CARTESIAN_POINT('Ctrl Pts',(61.6451622849202,90.6993266554595,31.0644353566491));
#1938=CARTESIAN_POINT('Ctrl Pts',(61.7784976829202,90.6814512884595,31.0919392886491));
#1939=CARTESIAN_POINT('Ctrl Pts',(61.9118915919202,90.6635680774595,31.0919393286491));
#1940=CARTESIAN_POINT('Ctrl Pts',(60.8911707399202,90.5414087674595,30.0485496106491));
#1941=CARTESIAN_POINT('Ctrl Pts',(60.8853603169202,90.5419938204595,30.1829395646491));
#1942=CARTESIAN_POINT('Ctrl Pts',(60.9069075489202,90.5398237304595,30.3184639866491));
#1943=CARTESIAN_POINT('Ctrl Pts',(61.0012919649202,90.5303182404595,30.5702374836491));
#1944=CARTESIAN_POINT('Ctrl Pts',(61.0740877519202,90.5229870094595,30.6863761306491));
#1945=CARTESIAN_POINT('Ctrl Pts',(61.2593141549202,90.5043330084595,30.8806946906491));
#1946=CARTESIAN_POINT('Ctrl Pts',(61.3716635319202,90.4930184194595,30.9587893756491));
#1947=CARTESIAN_POINT('Ctrl Pts',(61.6179744799202,90.4682127254595,31.0644348626491));
#1948=CARTESIAN_POINT('Ctrl Pts',(61.7518280209202,90.4547325004595,31.0919393286491));
#1949=CARTESIAN_POINT('Ctrl Pts',(61.8857402949202,90.4412463594595,31.0919393286491));
#1950=CARTESIAN_POINT('Ctrl Pts',(60.8564398089202,90.0271619094595,30.0485979266491));
#1951=CARTESIAN_POINT('Ctrl Pts',(60.8506101419202,90.0273629504595,30.1829841366491));
#1952=CARTESIAN_POINT('Ctrl Pts',(60.8722585479202,90.0266158924595,30.3185034216491));
#1953=CARTESIAN_POINT('Ctrl Pts',(60.9670702669202,90.0233443274595,30.5702659366491));
#1954=CARTESIAN_POINT('Ctrl Pts',(61.0401920009202,90.0208212554595,30.6863987566491));
#1955=CARTESIAN_POINT('Ctrl Pts',(61.2262437519202,90.0144015864595,30.8807069956491));
#1956=CARTESIAN_POINT('Ctrl Pts',(61.3390921779202,90.0105078064595,30.9587972016491));
#1957=CARTESIAN_POINT('Ctrl Pts',(61.5864956899202,90.0019712934595,31.0644365316491));
#1958=CARTESIAN_POINT('Ctrl Pts',(61.7209422779202,89.9973323044595,31.0919393286491));
#1959=CARTESIAN_POINT('Ctrl Pts',(61.8554478539202,89.9926912794595,31.0919393286491));
#1960=CARTESIAN_POINT('Ctrl Pts',(60.8518217469202,89.7704606004595,30.0486309406491));
#1961=CARTESIAN_POINT('Ctrl Pts',(60.8459931879202,89.7704706534595,30.1830145926491));
#1962=CARTESIAN_POINT('Ctrl Pts',(60.8676578929202,89.7704339704595,30.3185303676491));
#1963=CARTESIAN_POINT('Ctrl Pts',(60.9625301379202,89.7702729694595,30.5702853786491));
#1964=CARTESIAN_POINT('Ctrl Pts',(61.0356960749202,89.7701487214595,30.6864142166491));
#1965=CARTESIAN_POINT('Ctrl Pts',(61.2218575539202,89.7698324974595,30.8807154036491));
#1966=CARTESIAN_POINT('Ctrl Pts',(61.3347714609202,89.7696406594595,30.9588025486491));
#1967=CARTESIAN_POINT('Ctrl Pts',(61.5823174829202,89.7692200504595,31.0644376726491));
#1968=CARTESIAN_POINT('Ctrl Pts',(61.7168410459202,89.7689914634595,31.0919393286491));
#1969=CARTESIAN_POINT('Ctrl Pts',(61.8514236249202,89.7687627764595,31.0919393286491));
#1970=CARTESIAN_POINT('Ctrl Pts',(60.8678439359202,89.2575265694595,30.0485637166491));
#1971=CARTESIAN_POINT('Ctrl Pts',(60.8620180819202,89.2571525414595,30.1829525786491));
#1972=CARTESIAN_POINT('Ctrl Pts',(60.8836312409202,89.2585408204595,30.3184755006491));
#1973=CARTESIAN_POINT('Ctrl Pts',(60.9782998029202,89.2646213074595,30.5702457916491));
#1974=CARTESIAN_POINT('Ctrl Pts',(61.0513136859202,89.2693108474595,30.6863827376491));
#1975=CARTESIAN_POINT('Ctrl Pts',(61.2370938569202,89.2812430574595,30.8806982836491));
#1976=CARTESIAN_POINT('Ctrl Pts',(61.3497786649202,89.2884804934595,30.9587916606491));
#1977=CARTESIAN_POINT('Ctrl Pts',(61.5968245529202,89.3043475364595,31.0644353506491));
#1978=CARTESIAN_POINT('Ctrl Pts',(61.7310772839202,89.3129701864595,31.0919393286491));
#1979=CARTESIAN_POINT('Ctrl Pts',(61.8653889209202,89.3215966184596,31.0919393286491));
#1980=CARTESIAN_POINT('Ctrl Pts',(60.8885037189202,89.0015051174595,30.0485502036491));
#1981=CARTESIAN_POINT('Ctrl Pts',(60.8826914859202,89.0009391774595,30.1829401116491));
#1982=CARTESIAN_POINT('Ctrl Pts',(60.9042458929202,89.0030374444595,30.3184644706491));
#1983=CARTESIAN_POINT('Ctrl Pts',(60.9986614889202,89.0122288254595,30.5702378326491));
#1984=CARTESIAN_POINT('Ctrl Pts',(61.0714812679202,89.0193179094595,30.6863764086491));
#1985=CARTESIAN_POINT('Ctrl Pts',(61.2567686569202,89.0373559024596,30.8806948416491));
#1986=CARTESIAN_POINT('Ctrl Pts',(61.3691549999202,89.0482969004595,30.9587894716491));
#1987=CARTESIAN_POINT('Ctrl Pts',(61.6155469699202,89.0722835944595,31.0644348826491));
#1988=CARTESIAN_POINT('Ctrl Pts',(61.7494445289202,89.0853187704595,31.0919393286491));
#1989=CARTESIAN_POINT('Ctrl Pts',(61.8834008409202,89.0983596664595,31.0919393286491));
#1990=CARTESIAN_POINT('Ctrl Pts',(60.9553080339202,88.4904452184595,30.0485989026491));
#1991=CARTESIAN_POINT('Ctrl Pts',(60.9495522979202,88.4894989774595,30.1829850376491));
#1992=CARTESIAN_POINT('Ctrl Pts',(60.9709268519202,88.4930124434595,30.3185042186491));
#1993=CARTESIAN_POINT('Ctrl Pts',(61.0645388329202,88.5084002834595,30.5702665116491));
#1994=CARTESIAN_POINT('Ctrl Pts',(61.1367352089202,88.5202679084595,30.6863992136491));
#1995=CARTESIAN_POINT('Ctrl Pts',(61.3204323739202,88.5504640784595,30.8807072436491));
#1996=CARTESIAN_POINT('Ctrl Pts',(61.4318526039202,88.5687793814595,30.9587973596491));
#1997=CARTESIAN_POINT('Ctrl Pts',(61.6761249749202,88.6089329974595,31.0644365656491));
#1998=CARTESIAN_POINT('Ctrl Pts',(61.8088699899202,88.6307537014595,31.0919393286491));
#1999=CARTESIAN_POINT('Ctrl Pts',(61.9416732459202,88.6525839794595,31.0919393286491));
#2000=CARTESIAN_POINT('Ctrl Pts',(61.0011554959202,88.2379319714595,30.0486310106491));
#2001=CARTESIAN_POINT('Ctrl Pts',(60.9954382059202,88.2367987194595,30.1830146346491));
#2002=CARTESIAN_POINT('Ctrl Pts',(61.0166892279202,88.2410116844595,30.3185303796491));
#2003=CARTESIAN_POINT('Ctrl Pts',(61.1097499559202,88.2594603844595,30.5702853386491));
#2004=CARTESIAN_POINT('Ctrl Pts',(61.1815188549202,88.2736880314595,30.6864141546491));
#2005=CARTESIAN_POINT('Ctrl Pts',(61.3641257619202,88.3098883894595,30.8807153196491));
#2006=CARTESIAN_POINT('Ctrl Pts',(61.4748836949202,88.3318452264595,30.9588024636491));
#2007=CARTESIAN_POINT('Ctrl Pts',(61.7177030969202,88.3799821164595,31.0644376116491));
#2008=CARTESIAN_POINT('Ctrl Pts',(61.8496580849202,88.4061410594595,31.0919392926491));
#2009=CARTESIAN_POINT('Ctrl Pts',(61.9816709699202,88.4323114804595,31.0919393286491));
#2010=CARTESIAN_POINT('Ctrl Pts',(61.1744757549202,87.4924725364595,30.0485272706491));
#2011=CARTESIAN_POINT('Ctrl Pts',(61.1688741999202,87.4907782144595,30.1829189336491));
#2012=CARTESIAN_POINT('Ctrl Pts',(61.1896330479202,87.4970601224595,30.3184457076491));
#2013=CARTESIAN_POINT('Ctrl Pts',(61.2805714269202,87.5245777534595,30.5702242466491));
#2014=CARTESIAN_POINT('Ctrl Pts',(61.3507110709202,87.5458014074595,30.6863655756491));
#2015=CARTESIAN_POINT('Ctrl Pts',(61.5291808739202,87.5998044454595,30.8806888996491));
#2016=CARTESIAN_POINT('Ctrl Pts',(61.6374327509202,87.6325601424595,30.9587856606491));
#2017=CARTESIAN_POINT('Ctrl Pts',(61.8747612039202,87.7043726884595,31.0644340266491));
#2018=CARTESIAN_POINT('Ctrl Pts',(62.0037336809202,87.7433980384595,31.0919392926491));
#2019=CARTESIAN_POINT('Ctrl Pts',(62.1327627599202,87.7824405144595,31.0919393286491));
#2020=CARTESIAN_POINT('Ctrl Pts',(61.3372614539202,87.0109091644595,30.0486648606491));
#2021=CARTESIAN_POINT('Ctrl Pts',(61.3317987909202,87.0088629394595,30.1830458586491));
#2022=CARTESIAN_POINT('Ctrl Pts',(61.3521220189202,87.0164786384595,30.3185580016491));
#2023=CARTESIAN_POINT('Ctrl Pts',(61.4411099229202,87.0498234064595,30.5703052626491));
#2024=CARTESIAN_POINT('Ctrl Pts',(61.5097355789202,87.0755378544595,30.6864299956491));
#2025=CARTESIAN_POINT('Ctrl Pts',(61.6843423999202,87.1409636874595,30.8807239276491));
#2026=CARTESIAN_POINT('Ctrl Pts',(61.7902470019202,87.1806463864595,30.9588079356491));
#2027=CARTESIAN_POINT('Ctrl Pts',(62.0224252799202,87.2676439704595,31.0644387736491));
#2028=CARTESIAN_POINT('Ctrl Pts',(62.1485971499202,87.3149207104595,31.0919392886491));
#2029=CARTESIAN_POINT('Ctrl Pts',(62.2748243759202,87.3622181914595,31.0919393286491));
#2030=CARTESIAN_POINT('Ctrl Pts',(61.6535559729202,86.3105106184595,30.0485631776491));
#2031=CARTESIAN_POINT('Ctrl Pts',(61.6483171709202,86.3079345444595,30.1829520566491));
#2032=CARTESIAN_POINT('Ctrl Pts',(61.6677518629202,86.3174919574595,30.3184750106491));
#2033=CARTESIAN_POINT('Ctrl Pts',(61.7528787609202,86.3593544514595,30.5702453846491));
#2034=CARTESIAN_POINT('Ctrl Pts',(61.8185336299202,86.3916411714595,30.6863823806491));
#2035=CARTESIAN_POINT('Ctrl Pts',(61.9855892389202,86.4737930454595,30.8806980336491));
#2036=CARTESIAN_POINT('Ctrl Pts',(62.0869167119202,86.5236221704595,30.9587914676491));
#2037=CARTESIAN_POINT('Ctrl Pts',(62.3090632509202,86.6328656254595,31.0644352616491));
#2038=CARTESIAN_POINT('Ctrl Pts',(62.4297848869202,86.6922320434595,31.0919392886491));
#2039=CARTESIAN_POINT('Ctrl Pts',(62.5505595019202,86.7516245124595,31.0919393286491));
#2040=CARTESIAN_POINT('Ctrl Pts',(61.7717274159202,86.0799976274595,30.0485505106491));
#2041=CARTESIAN_POINT('Ctrl Pts',(61.7665755729202,86.0772481024595,30.1829403736491));
#2042=CARTESIAN_POINT('Ctrl Pts',(61.7856813139202,86.0874442004595,30.3184646776491));
#2043=CARTESIAN_POINT('Ctrl Pts',(61.8693707309202,86.1321067664595,30.5702379356491));
#2044=CARTESIAN_POINT('Ctrl Pts',(61.9339177029202,86.1665536464595,30.6863764616491));
#2045=CARTESIAN_POINT('Ctrl Pts',(62.0981551759202,86.2542025874595,30.8806948226491));
#2046=CARTESIAN_POINT('Ctrl Pts',(62.1977736429202,86.3073662044595,30.9587894286491));
#2047=CARTESIAN_POINT('Ctrl Pts',(62.4161737459202,86.4239203234595,31.0644348326491));
#2048=CARTESIAN_POINT('Ctrl Pts',(62.5348595929202,86.4872597044595,31.0919392936491));
#2049=CARTESIAN_POINT('Ctrl Pts',(62.6535975239202,86.5506268824595,31.0919393286491));
#2050=CARTESIAN_POINT('Ctrl Pts',(62.0274947669202,85.6363261114595,30.0485989886491));
#2051=CARTESIAN_POINT('Ctrl Pts',(62.0225394879202,85.6332490264595,30.1829850946491));
#2052=CARTESIAN_POINT('Ctrl Pts',(62.0409416959202,85.6446756734595,30.3185042446491));
#2053=CARTESIAN_POINT('Ctrl Pts',(62.1215358699202,85.6947200494595,30.5702664836491));
#2054=CARTESIAN_POINT('Ctrl Pts',(62.1836924909202,85.7333158314595,30.6863991626491));
#2055=CARTESIAN_POINT('Ctrl Pts',(62.3418443799202,85.8315193804595,30.8807071676491));
#2056=CARTESIAN_POINT('Ctrl Pts',(62.4377702909202,85.8910840804595,30.9587972806491));
#2057=CARTESIAN_POINT('Ctrl Pts',(62.6480736529202,86.0216709004595,31.0644365076491));
#2058=CARTESIAN_POINT('Ctrl Pts',(62.7623588759202,86.0926357514595,31.0919392936491));
#2059=CARTESIAN_POINT('Ctrl Pts',(62.8766942459202,86.1636317424595,31.0919393286491));
#2060=CARTESIAN_POINT('Ctrl Pts',(62.1654702279202,85.4220690784595,30.0486308396491));
#2061=CARTESIAN_POINT('Ctrl Pts',(62.1606212459202,85.4188350214595,30.1830144966491));
#2062=CARTESIAN_POINT('Ctrl Pts',(62.1786444339202,85.4308565224595,30.3185302796491));
#2063=CARTESIAN_POINT('Ctrl Pts',(62.2575702869202,85.4834997804595,30.5702853096491));
#2064=CARTESIAN_POINT('Ctrl Pts',(62.3184383409202,85.5240984524595,30.6864141586491));
#2065=CARTESIAN_POINT('Ctrl Pts',(62.4733094699202,85.6273965694595,30.8807153666491));
#2066=CARTESIAN_POINT('Ctrl Pts',(62.5672446309202,85.6900507174595,30.9588025216491));
#2067=CARTESIAN_POINT('Ctrl Pts',(62.7731827549202,85.8274100764595,31.0644376626491));
#2068=CARTESIAN_POINT('Ctrl Pts',(62.8850954099202,85.9020550554595,31.0919393246491));
#2069=CARTESIAN_POINT('Ctrl Pts',(62.9970571629202,85.9767327804595,31.0919393286491));
#2070=CARTESIAN_POINT('Ctrl Pts',(62.4614966439202,85.0081826964595,30.0485625716491));
#2071=CARTESIAN_POINT('Ctrl Pts',(62.4568614999202,85.0046334504596,30.1829515196491));
#2072=CARTESIAN_POINT('Ctrl Pts',(62.4740563329202,85.0178008334595,30.3184745616491));
#2073=CARTESIAN_POINT('Ctrl Pts',(62.5493725309202,85.0754756754595,30.5702451086491));
#2074=CARTESIAN_POINT('Ctrl Pts',(62.6074608639202,85.1199578404595,30.6863821906491));
#2075=CARTESIAN_POINT('Ctrl Pts',(62.7552638469202,85.2331404644595,30.8806979806491));
#2076=CARTESIAN_POINT('Ctrl Pts',(62.8449136729202,85.3017912824595,30.9587914646491));
#2077=CARTESIAN_POINT('Ctrl Pts',(63.0414585919202,85.4522987194595,31.0644353036491));
#2078=CARTESIAN_POINT('Ctrl Pts',(63.1482674839202,85.5340893294595,31.0919393246491));
#2079=CARTESIAN_POINT('Ctrl Pts',(63.2551232419202,85.6159158264595,31.0919393286491));
#2080=CARTESIAN_POINT('Ctrl Pts',(62.6194434549202,84.8087417454595,30.0485502706491));
#2081=CARTESIAN_POINT('Ctrl Pts',(62.6149252819202,84.8050420754595,30.1829401516491));
#2082=CARTESIAN_POINT('Ctrl Pts',(62.6316810159202,84.8187617594595,30.3184644806491));
#2083=CARTESIAN_POINT('Ctrl Pts',(62.7050766449202,84.8788588224595,30.5702377916491));
#2084=CARTESIAN_POINT('Ctrl Pts',(62.7616843499202,84.9252098414595,30.6863763456491));
#2085=CARTESIAN_POINT('Ctrl Pts',(62.9057206459202,85.0431484474595,30.8806947566491));
#2086=CARTESIAN_POINT('Ctrl Pts',(62.9930860629202,85.1146843054595,30.9587893856491));
#2087=CARTESIAN_POINT('Ctrl Pts',(63.1846230019202,85.2715170964595,31.0644348216491));
#2088=CARTESIAN_POINT('Ctrl Pts',(63.2887105179202,85.3567452424595,31.0919392926491));
#2089=CARTESIAN_POINT('Ctrl Pts',(63.3928437109202,85.4420107904595,31.0919393286491));
#2090=CARTESIAN_POINT('Ctrl Pts',(62.9551806839202,84.4249348264595,30.0485983366491));
#2091=CARTESIAN_POINT('Ctrl Pts',(62.9509179189202,84.4209532664595,30.1829844926491));
#2092=CARTESIAN_POINT('Ctrl Pts',(62.9667481609202,84.4357385874595,30.3185037116491));
#2093=CARTESIAN_POINT('Ctrl Pts',(63.0360782849202,84.5004927084595,30.5702660966491));
#2094=CARTESIAN_POINT('Ctrl Pts',(63.0895477609202,84.5504331104596,30.6863988546491));
#2095=CARTESIAN_POINT('Ctrl Pts',(63.2255960239202,84.6775020494595,30.8807069986491));
#2096=CARTESIAN_POINT('Ctrl Pts',(63.3081151479202,84.7545748594595,30.9587971716491));
#2097=CARTESIAN_POINT('Ctrl Pts',(63.4890261259202,84.9235456304595,31.0644364826491));
#2098=CARTESIAN_POINT('Ctrl Pts',(63.5873386409202,85.0153694904595,31.0919392926491));
#2099=CARTESIAN_POINT('Ctrl Pts',(63.6856942969202,85.1072336414595,31.0919393286491));
#2100=CARTESIAN_POINT('Ctrl Pts',(63.1333516979202,84.2401880124595,30.0486312616491));
#2101=CARTESIAN_POINT('Ctrl Pts',(63.1292246969202,84.2360722024595,30.1830148876491));
#2102=CARTESIAN_POINT('Ctrl Pts',(63.1445643689202,84.2513712694595,30.3185306286491));
#2103=CARTESIAN_POINT('Ctrl Pts',(63.2117387519202,84.3183673084596,30.5702855646491));
#2104=CARTESIAN_POINT('Ctrl Pts',(63.2635440079202,84.3700349034596,30.6864143636491));
#2105=CARTESIAN_POINT('Ctrl Pts',(63.3953559789202,84.5014964824595,30.8807154816491));
#2106=CARTESIAN_POINT('Ctrl Pts',(63.4753048949202,84.5812328184595,30.9588025976491));
#2107=CARTESIAN_POINT('Ctrl Pts',(63.6505803629202,84.7560421904595,31.0644376816491));
#2108=CARTESIAN_POINT('Ctrl Pts',(63.7458300559202,84.8510385704596,31.0919393276491));
#2109=CARTESIAN_POINT('Ctrl Pts',(63.8411215349202,84.9460766254595,31.0919393286491));
#2110=CARTESIAN_POINT('Ctrl Pts',(63.6972494029202,83.7110038174595,30.0485278526491));
#2111=CARTESIAN_POINT('Ctrl Pts',(63.6935345719202,83.7064816164595,30.1829194926491));
#2112=CARTESIAN_POINT('Ctrl Pts',(63.7072999909202,83.7232431894596,30.3184462276491));
#2113=CARTESIAN_POINT('Ctrl Pts',(63.7676029699202,83.7966692414595,30.5702246686491));
#2114=CARTESIAN_POINT('Ctrl Pts',(63.8141140799202,83.8533015134595,30.6863659386491));
#2115=CARTESIAN_POINT('Ctrl Pts',(63.9324614399202,83.9974015414595,30.8806891466491));
#2116=CARTESIAN_POINT('Ctrl Pts',(64.0042457789202,84.0848060924595,30.9587858476491));
#2117=CARTESIAN_POINT('Ctrl Pts',(64.1616238649202,84.2764292884595,31.0644341086491));
#2118=CARTESIAN_POINT('Ctrl Pts',(64.2471485809202,84.3805638854595,31.0919393276491));
#2119=CARTESIAN_POINT('Ctrl Pts',(64.3327108279202,84.4847441774595,31.0919393286491));
#2120=CARTESIAN_POINT('Ctrl Pts',(64.1013362289202,83.4010851594595,30.0486644546491));
#2121=CARTESIAN_POINT('Ctrl Pts',(64.0979332129202,83.3963474434595,30.1830455036491));
#2122=CARTESIAN_POINT('Ctrl Pts',(64.1105920079202,83.4139758154596,30.3185577086491));
#2123=CARTESIAN_POINT('Ctrl Pts',(64.1660211159202,83.4911627624595,30.5703050916491));
#2124=CARTESIAN_POINT('Ctrl Pts',(64.2087671259202,83.5506874924596,30.6864298836491));
#2125=CARTESIAN_POINT('Ctrl Pts',(64.3175276259202,83.7021381814595,30.8807239096491));
#2126=CARTESIAN_POINT('Ctrl Pts',(64.3834944269202,83.7939977354595,30.9588079496491));
#2127=CARTESIAN_POINT('Ctrl Pts',(64.5281157839202,83.9953844504595,31.0644388126491));
#2128=CARTESIAN_POINT('Ctrl Pts',(64.6067069249202,84.1048233104596,31.0919393186491));
#2129=CARTESIAN_POINT('Ctrl Pts',(64.6853325439202,84.2143101794595,31.0919393286491));
#2130=CARTESIAN_POINT('Ctrl Pts',(64.7492053629202,82.9971141224595,30.0485633426491));
#2131=CARTESIAN_POINT('Ctrl Pts',(64.7462797219202,82.9920622804595,30.1829522266491));
#2132=CARTESIAN_POINT('Ctrl Pts',(64.7571327819202,83.0108041324595,30.3184751826491));
#2133=CARTESIAN_POINT('Ctrl Pts',(64.8046710169202,83.0928958864595,30.5702455476491));
#2134=CARTESIAN_POINT('Ctrl Pts',(64.8413353439202,83.1562097844595,30.6863825346491));
#2135=CARTESIAN_POINT('Ctrl Pts',(64.9346259809202,83.3173088064596,30.8806981596491));
#2136=CARTESIAN_POINT('Ctrl Pts',(64.9912113749202,83.4150232744595,30.9587915726491));
#2137=CARTESIAN_POINT('Ctrl Pts',(65.1152670779202,83.6292487524595,31.0644353186491));
#2138=CARTESIAN_POINT('Ctrl Pts',(65.1826829789202,83.7456658074595,31.0919393186491));
#2139=CARTESIAN_POINT('Ctrl Pts',(65.2501284609202,83.8621339444595,31.0919393286491));
#2140=CARTESIAN_POINT('Ctrl Pts',(64.9720583779202,82.8728295334595,30.0485501136491));
#2141=CARTESIAN_POINT('Ctrl Pts',(64.9692987669202,82.8676830134596,30.1829400136491));
#2142=CARTESIAN_POINT('Ctrl Pts',(64.9795330309202,82.8867683304595,30.3184643656491));
#2143=CARTESIAN_POINT('Ctrl Pts',(65.0243623709202,82.9703686504595,30.5702377226491));
#2144=CARTESIAN_POINT('Ctrl Pts',(65.0589377869202,83.0348469864595,30.6863762996491));
#2145=CARTESIAN_POINT('Ctrl Pts',(65.1469136789202,83.1989099084595,30.8806947466491));
#2146=CARTESIAN_POINT('Ctrl Pts',(65.2002755689202,83.2984225374595,30.9587893886491));
#2147=CARTESIAN_POINT('Ctrl Pts',(65.3172643329202,83.5165906374595,31.0644348346491));
#2148=CARTESIAN_POINT('Ctrl Pts',(65.3808398959202,83.6351504214595,31.0919393036491));
#2149=CARTESIAN_POINT('Ctrl Pts',(65.4444433589202,83.7537622334595,31.0919393286491));
#2150=CARTESIAN_POINT('Ctrl Pts',(65.3168117289202,82.7022622034595,30.0485863606491));
#2151=CARTESIAN_POINT('Ctrl Pts',(65.3143114739202,82.6969929544595,30.1829734516491));
#2152=CARTESIAN_POINT('Ctrl Pts',(65.3235931879202,82.7165537774596,30.3184939506491));
#2153=CARTESIAN_POINT('Ctrl Pts',(65.3642451099202,82.8022261274595,30.5702590686491));
#2154=CARTESIAN_POINT('Ctrl Pts',(65.3955974899202,82.8683000814596,30.6863932746491));
#2155=CARTESIAN_POINT('Ctrl Pts',(65.4753712339202,83.0364202564596,30.8807039786491));
#2156=CARTESIAN_POINT('Ctrl Pts',(65.5237576109202,83.1383927464595,30.9587952606491));
#2157=CARTESIAN_POINT('Ctrl Pts',(65.6298377569202,83.3619527154595,31.0644360876491));
#2158=CARTESIAN_POINT('Ctrl Pts',(65.6874850019202,83.4834421494595,31.0919393036491));
#2159=CARTESIAN_POINT('Ctrl Pts',(65.7451575429202,83.6049848914595,31.0919393286491));
#2160=CARTESIAN_POINT('Ctrl Pts',(65.4338031439202,82.6479164154595,30.0486006966491));
#2161=CARTESIAN_POINT('Ctrl Pts',(65.4313909099202,82.6426084614596,30.1829866896491));
#2162=CARTESIAN_POINT('Ctrl Pts',(65.4403495009202,82.6623210474595,30.3185056776491));
#2163=CARTESIAN_POINT('Ctrl Pts',(65.4795842759202,82.7486537884595,30.5702675586491));
#2164=CARTESIAN_POINT('Ctrl Pts',(65.5098432529202,82.8152360824595,30.6864000426491));
#2165=CARTESIAN_POINT('Ctrl Pts',(65.5868344249202,82.9846486024595,30.8807076886491));
#2166=CARTESIAN_POINT('Ctrl Pts',(65.6335328549202,83.0874045324595,30.9587976386491));
#2167=CARTESIAN_POINT('Ctrl Pts',(65.7359122289202,83.3126816604595,31.0644366196491));
#2168=CARTESIAN_POINT('Ctrl Pts',(65.7915482749202,83.4351040644596,31.0919393246491));
#2169=CARTESIAN_POINT('Ctrl Pts',(65.8472087309202,83.5575801804595,31.0919393286491));
#2170=CARTESIAN_POINT('Ctrl Pts',(65.6698585369202,82.5452931574595,30.0486144526491));
#2171=CARTESIAN_POINT('Ctrl Pts',(65.6676231029202,82.5399104134596,30.1829993786491));
#2172=CARTESIAN_POINT('Ctrl Pts',(65.6759283559202,82.5599086024596,30.3185169046491));
#2173=CARTESIAN_POINT('Ctrl Pts',(65.7123000569202,82.6474879874595,30.5702756586491));
#2174=CARTESIAN_POINT('Ctrl Pts',(65.7403505549202,82.7150307774595,30.6864064836491));
#2175=CARTESIAN_POINT('Ctrl Pts',(65.8117220159202,82.8868861344595,30.8807111916491));
#2176=CARTESIAN_POINT('Ctrl Pts',(65.8550116799202,82.9911233394595,30.9587998666491));
#2177=CARTESIAN_POINT('Ctrl Pts',(65.9499176739202,83.2196475364595,31.0644370956491));
#2178=CARTESIAN_POINT('Ctrl Pts',(66.0014923829202,83.3438343144595,31.0919393246491));
#2179=CARTESIAN_POINT('Ctrl Pts',(66.0530897199202,83.4680755774595,31.0919393286491));
#2180=CARTESIAN_POINT('Ctrl Pts',(65.7887088389202,82.4970872514595,30.0486138346491));
#2181=CARTESIAN_POINT('Ctrl Pts',(65.7865620319202,82.4916684654595,30.1829987866491));
#2182=CARTESIAN_POINT('Ctrl Pts',(65.7945376669202,82.5118002824595,30.3185163536491));
#2183=CARTESIAN_POINT('Ctrl Pts',(65.8294660339202,82.5999650274595,30.5702752116491));
#2184=CARTESIAN_POINT('Ctrl Pts',(65.8564034489202,82.6679592914595,30.6864060976491));
#2185=CARTESIAN_POINT('Ctrl Pts',(65.9249428389202,82.8409634174595,30.8807109296491));
#2186=CARTESIAN_POINT('Ctrl Pts',(65.9665147569202,82.9458974124595,30.9587996676491));
#2187=CARTESIAN_POINT('Ctrl Pts',(66.0576548739202,83.1759492404595,31.0644370086491));
#2188=CARTESIAN_POINT('Ctrl Pts',(66.1071831049202,83.3009661884595,31.0919392866491));
#2189=CARTESIAN_POINT('Ctrl Pts',(66.1567330669202,83.4260379934595,31.0919393286491));
#2190=CARTESIAN_POINT('Ctrl Pts',(66.3871176739202,82.2713115364595,30.0485277276491));
#2191=CARTESIAN_POINT('Ctrl Pts',(66.3854144439202,82.2657126764595,30.1829193516491));
#2192=CARTESIAN_POINT('Ctrl Pts',(66.3917241299202,82.2864634184595,30.3184460746491));
#2193=CARTESIAN_POINT('Ctrl Pts',(66.4193662409202,82.3773652854595,30.5702245036491));
#2194=CARTESIAN_POINT('Ctrl Pts',(66.4406865409202,82.4474765394595,30.6863657746491));
#2195=CARTESIAN_POINT('Ctrl Pts',(66.4949361989202,82.6258738504595,30.8806889996491));
#2196=CARTESIAN_POINT('Ctrl Pts',(66.5278417609202,82.7340816594595,30.9587857196491));
#2197=CARTESIAN_POINT('Ctrl Pts',(66.5999831349202,82.9713134004595,31.0644340326491));
#2198=CARTESIAN_POINT('Ctrl Pts',(66.6391873029202,83.1002332784595,31.0919392866491));
#2199=CARTESIAN_POINT('Ctrl Pts',(66.6784086769202,83.2292097364596,31.0919393286491));
#2200=CARTESIAN_POINT('Ctrl Pts',(66.8779274649202,82.1393405824595,30.0486642966491));
#2201=CARTESIAN_POINT('Ctrl Pts',(66.8765939539202,82.1336617244596,30.1830453356491));
#2202=CARTESIAN_POINT('Ctrl Pts',(66.8815526439202,82.1547905734595,30.3185575356491));
#2203=CARTESIAN_POINT('Ctrl Pts',(66.9032662339202,82.2473053094595,30.5703049206491));
#2204=CARTESIAN_POINT('Ctrl Pts',(66.9200116129202,82.3186506324596,30.6864297196491));
#2205=CARTESIAN_POINT('Ctrl Pts',(66.9626178399202,82.5001770254595,30.8807237716491));
#2206=CARTESIAN_POINT('Ctrl Pts',(66.9884600049202,82.6102785024595,30.9588078326491));
#2207=CARTESIAN_POINT('Ctrl Pts',(67.0451147949202,82.8516576654596,31.0644387466491));
#2208=CARTESIAN_POINT('Ctrl Pts',(67.0759025769202,82.9828295134595,31.0919392836491));
#2209=CARTESIAN_POINT('Ctrl Pts',(67.1067038669202,83.1140589104595,31.0919393286491));
#2210=CARTESIAN_POINT('Ctrl Pts',(67.5076236979202,82.0344342774595,30.0485805366491));
#2211=CARTESIAN_POINT('Ctrl Pts',(67.5067594399202,82.0286655104595,30.1829680666491));
#2212=CARTESIAN_POINT('Ctrl Pts',(67.5099670769202,82.0500771984595,30.3184891726491));
#2213=CARTESIAN_POINT('Ctrl Pts',(67.5240162429202,82.1438578034595,30.5702555966491));
#2214=CARTESIAN_POINT('Ctrl Pts',(67.5348516109202,82.2161855914595,30.6863904976491));
#2215=CARTESIAN_POINT('Ctrl Pts',(67.5624214809202,82.4002186444595,30.8807024416491));
#2216=CARTESIAN_POINT('Ctrl Pts',(67.5791438919202,82.5118431984595,30.9587942666491));
#2217=CARTESIAN_POINT('Ctrl Pts',(67.6158054039202,82.7565641084595,31.0644358526491));
#2218=CARTESIAN_POINT('Ctrl Pts',(67.6357284269202,82.8895531374596,31.0919392836491));
#2219=CARTESIAN_POINT('Ctrl Pts',(67.6556601929202,83.0226005254595,31.0919393286491));
#2220=CARTESIAN_POINT('Ctrl Pts',(67.6343723519202,82.0165026874595,30.0485557986491));
#2221=CARTESIAN_POINT('Ctrl Pts',(67.6336026509202,82.0107170904596,30.1829452606491));
#2222=CARTESIAN_POINT('Ctrl Pts',(67.6364574679202,82.0321760784595,30.3184690116491));
#2223=CARTESIAN_POINT('Ctrl Pts',(67.6489623139202,82.1261719244595,30.5702410806491));
#2224=CARTESIAN_POINT('Ctrl Pts',(67.6586068579202,82.1986675554595,30.6863789736491));
#2225=CARTESIAN_POINT('Ctrl Pts',(67.6831470069202,82.3831297114595,30.8806962076491));
#2226=CARTESIAN_POINT('Ctrl Pts',(67.6980318489202,82.4950153324595,30.9587903216491));
#2227=CARTESIAN_POINT('Ctrl Pts',(67.7306648479202,82.7403093684595,31.0644350396491));
#2228=CARTESIAN_POINT('Ctrl Pts',(67.7483986919202,82.8736101984595,31.0919393076491));
#2229=CARTESIAN_POINT('Ctrl Pts',(67.7661403179202,83.0069695234595,31.0919393286491));
#2230=CARTESIAN_POINT('Ctrl Pts',(67.8893599069202,81.9868374054595,30.0485523416491));
#2231=CARTESIAN_POINT('Ctrl Pts',(67.8887807659202,81.9810291574595,30.1829420716491));
#2232=CARTESIAN_POINT('Ctrl Pts',(67.8909285779202,82.0025700344596,30.3184661896491));
#2233=CARTESIAN_POINT('Ctrl Pts',(67.9003366739202,82.0969257054595,30.5702390446491));
#2234=CARTESIAN_POINT('Ctrl Pts',(67.9075928309202,82.1696991144595,30.6863773556491));
#2235=CARTESIAN_POINT('Ctrl Pts',(67.9260558589202,82.3548683504595,30.8806953276491));
#2236=CARTESIAN_POINT('Ctrl Pts',(67.9372546319202,82.4671829624595,30.9587897616491));
#2237=CARTESIAN_POINT('Ctrl Pts',(67.9618064339202,82.7134176124596,31.0644349196491));
#2238=CARTESIAN_POINT('Ctrl Pts',(67.9751486949202,82.8472296524595,31.0919393076491));
#2239=CARTESIAN_POINT('Ctrl Pts',(67.9884968119202,82.9811004124595,31.0919393286491));
#2240=CARTESIAN_POINT('Ctrl Pts',(68.0179836259202,81.9750814914595,30.0485623656491));
#2241=CARTESIAN_POINT('Ctrl Pts',(68.0175006469202,81.9692658474595,30.1829513256491));
#2242=CARTESIAN_POINT('Ctrl Pts',(68.0192924989202,81.9908403074595,30.3184743866491));
#2243=CARTESIAN_POINT('Ctrl Pts',(68.0271410209202,82.0853398014596,30.5702449746491));
#2244=CARTESIAN_POINT('Ctrl Pts',(68.0331942489202,82.1582233904595,30.6863820806491));
#2245=CARTESIAN_POINT('Ctrl Pts',(68.0485963759202,82.3436721444595,30.8806979136491));
#2246=CARTESIAN_POINT('Ctrl Pts',(68.0579385199202,82.4561559734595,30.9587914176491));
#2247=CARTESIAN_POINT('Ctrl Pts',(68.0784198769202,82.7027612914596,31.0644352876491));
#2248=CARTESIAN_POINT('Ctrl Pts',(68.0895501079202,82.8367746214595,31.0919393196491));
#2249=CARTESIAN_POINT('Ctrl Pts',(68.1006852219202,82.9708467554595,31.0919393286491));
#2250=CARTESIAN_POINT('Ctrl Pts',(68.4028223879202,81.9494788764595,30.0485987926491));
#2251=CARTESIAN_POINT('Ctrl Pts',(68.4026267739202,81.9436491594595,30.1829849296491));
#2252=CARTESIAN_POINT('Ctrl Pts',(68.4033537009202,81.9652982864595,30.3185041176491));
#2253=CARTESIAN_POINT('Ctrl Pts',(68.4065370879202,82.0601128774595,30.5702664266491));
#2254=CARTESIAN_POINT('Ctrl Pts',(68.4089921519202,82.1332367624595,30.6863991386491));
#2255=CARTESIAN_POINT('Ctrl Pts',(68.4152387739202,82.3192939154595,30.8807071906491));
#2256=CARTESIAN_POINT('Ctrl Pts',(68.4190275929202,82.4321455894595,30.9587973176491));
#2257=CARTESIAN_POINT('Ctrl Pts',(68.4273339919202,82.6795561974595,31.0644365456491));
#2258=CARTESIAN_POINT('Ctrl Pts',(68.4318479309202,82.8140066314595,31.0919393196491));
#2259=CARTESIAN_POINT('Ctrl Pts',(68.4363638489202,82.9485160564595,31.0919393286491));
#2260=CARTESIAN_POINT('Ctrl Pts',(68.6582901399202,81.9451430994596,30.0486308576491));
#2261=CARTESIAN_POINT('Ctrl Pts',(68.6582845969202,81.9393145684595,30.1830145026491));
#2262=CARTESIAN_POINT('Ctrl Pts',(68.6583045199202,81.9609791114596,30.3185302736491));
#2263=CARTESIAN_POINT('Ctrl Pts',(68.6583921239202,82.0558506774595,30.5702852826491));
#2264=CARTESIAN_POINT('Ctrl Pts',(68.6584597669202,82.1290160974595,30.6864141236491));
#2265=CARTESIAN_POINT('Ctrl Pts',(68.6586319669202,82.3151762704595,30.8807153236491));
#2266=CARTESIAN_POINT('Ctrl Pts',(68.6587364489202,82.4280893894595,30.9588024806491));
#2267=CARTESIAN_POINT('Ctrl Pts',(68.6589655429202,82.6756336914595,31.0644376336491));
#2268=CARTESIAN_POINT('Ctrl Pts',(68.6590900549202,82.8101563234596,31.0919393076491));
#2269=CARTESIAN_POINT('Ctrl Pts',(68.6592146209202,82.9447379744595,31.0919393286491));
#2270=CARTESIAN_POINT('Ctrl Pts',(69.4220402539202,81.9694082924595,30.0485286206491));
#2271=CARTESIAN_POINT('Ctrl Pts',(69.4226066499202,81.9635838014595,30.1829201896491));
#2272=CARTESIAN_POINT('Ctrl Pts',(69.4205047469202,81.9851702304595,30.3184468296491));
#2273=CARTESIAN_POINT('Ctrl Pts',(69.4112984709202,82.0797332554595,30.5702250766491));
#2274=CARTESIAN_POINT('Ctrl Pts',(69.4041981359202,82.1526683724595,30.6863662476491));
#2275=CARTESIAN_POINT('Ctrl Pts',(69.3861317769202,82.3382510464595,30.8806892866491));
#2276=CARTESIAN_POINT('Ctrl Pts',(69.3751736759202,82.4508172014595,30.9587859206491));
#2277=CARTESIAN_POINT('Ctrl Pts',(69.3511495839202,82.6976040834595,31.0644341006491));
#2278=CARTESIAN_POINT('Ctrl Pts',(69.3380941299202,82.8317165624595,31.0919393076491));
#2279=CARTESIAN_POINT('Ctrl Pts',(69.3250329469202,82.9658878964595,31.0919393286491));
#2280=CARTESIAN_POINT('Ctrl Pts',(69.9265694289202,82.0348048674595,30.0486648046491));
#2281=CARTESIAN_POINT('Ctrl Pts',(69.9275084439202,82.0290475204595,30.1830458216491));
#2282=CARTESIAN_POINT('Ctrl Pts',(69.9240120619202,82.0504676294595,30.3185579846491));
#2283=CARTESIAN_POINT('Ctrl Pts',(69.9087042319202,82.1442580804595,30.5703052806491));
#2284=CARTESIAN_POINT('Ctrl Pts',(69.8968994939202,82.2165872974595,30.6864300286491));
#2285=CARTESIAN_POINT('Ctrl Pts',(69.8668646479202,82.4006171494595,30.8807239776491));
#2286=CARTESIAN_POINT('Ctrl Pts',(69.8486477069202,82.5122370904595,30.9588079866491));
#2287=CARTESIAN_POINT('Ctrl Pts',(69.8087102349202,82.7569452674595,31.0644388116491));
#2288=CARTESIAN_POINT('Ctrl Pts',(69.7870072149202,82.8899262044595,31.0919393116491));
#2289=CARTESIAN_POINT('Ctrl Pts',(69.7652946739202,83.0229654784595,31.0919393286491));
#2290=CARTESIAN_POINT('Ctrl Pts',(70.5525200479202,82.1798234584595,30.0485803516491));
#2291=CARTESIAN_POINT('Ctrl Pts',(70.5539300509202,82.1741632524595,30.1829679136491));
#2292=CARTESIAN_POINT('Ctrl Pts',(70.5486964539202,82.1951718184596,30.3184890556491));
#2293=CARTESIAN_POINT('Ctrl Pts',(70.5257740099202,82.2871868944596,30.5702555486491));
#2294=CARTESIAN_POINT('Ctrl Pts',(70.5080952159202,82.3581530494596,30.6863904816491));
#2295=CARTESIAN_POINT('Ctrl Pts',(70.4631127679202,82.5387215414595,30.8807024706491));
#2296=CARTESIAN_POINT('Ctrl Pts',(70.4358288419202,82.6482446884596,30.9587943086491));
#2297=CARTESIAN_POINT('Ctrl Pts',(70.3760127359202,82.8883585634595,31.0644358936491));
#2298=CARTESIAN_POINT('Ctrl Pts',(70.3435067899202,83.0188439874595,31.0919393116491));
#2299=CARTESIAN_POINT('Ctrl Pts',(70.3109865809202,83.1493866664595,31.0919393286491));
#2300=CARTESIAN_POINT('Ctrl Pts',(70.6777216659202,82.2121239344595,30.0485556106491));
#2301=CARTESIAN_POINT('Ctrl Pts',(70.6792264019202,82.2064846374595,30.1829450906491));
#2302=CARTESIAN_POINT('Ctrl Pts',(70.6736453119202,82.2274008764595,30.3184688646491));
#2303=CARTESIAN_POINT('Ctrl Pts',(70.6491986979202,82.3190194004596,30.5702409816491));
#2304=CARTESIAN_POINT('Ctrl Pts',(70.6303438959202,82.3896815034595,30.6863788986491));
#2305=CARTESIAN_POINT('Ctrl Pts',(70.5823686239202,82.5694783354595,30.8806961736491));
#2306=CARTESIAN_POINT('Ctrl Pts',(70.5532691959202,82.6785342084595,30.9587903046491));
#2307=CARTESIAN_POINT('Ctrl Pts',(70.4894726469202,82.9176244084595,31.0644350416491));
#2308=CARTESIAN_POINT('Ctrl Pts',(70.4548035069202,83.0475538734595,31.0919393126491));
#2309=CARTESIAN_POINT('Ctrl Pts',(70.4201191539202,83.1775403534595,31.0919393286491));
#2310=CARTESIAN_POINT('Ctrl Pts',(70.9248659519202,82.2824456264595,30.0485524636491));
#2311=CARTESIAN_POINT('Ctrl Pts',(70.9265555539202,82.2768584784595,30.1829421866491));
#2312=CARTESIAN_POINT('Ctrl Pts',(70.9202893499202,82.2975794344595,30.3184662956491));
#2313=CARTESIAN_POINT('Ctrl Pts',(70.8928414639202,82.3883435614595,30.5702391276491));
#2314=CARTESIAN_POINT('Ctrl Pts',(70.8716718189202,82.4583469234595,30.6863774246491));
#2315=CARTESIAN_POINT('Ctrl Pts',(70.8178064499202,82.6364678684595,30.8806953716491));
#2316=CARTESIAN_POINT('Ctrl Pts',(70.7851343489202,82.7445073274595,30.9587897946491));
#2317=CARTESIAN_POINT('Ctrl Pts',(70.7135051739202,82.9813692754595,31.0644349326491));
#2318=CARTESIAN_POINT('Ctrl Pts',(70.6745795149202,83.1100878784596,31.0919393126491));
#2319=CARTESIAN_POINT('Ctrl Pts',(70.6356367749202,83.2388629644595,31.0919393286491));
#2320=CARTESIAN_POINT('Ctrl Pts',(71.0471018469202,82.3205198134595,30.0485625066491));
#2321=CARTESIAN_POINT('Ctrl Pts',(71.0488822979202,82.3149624204595,30.1829514346491));
#2322=CARTESIAN_POINT('Ctrl Pts',(71.0422774159202,82.3355789714595,30.3184744586491));
#2323=CARTESIAN_POINT('Ctrl Pts',(71.0133469469202,82.4258826054595,30.5702449816491));
#2324=CARTESIAN_POINT('Ctrl Pts',(70.9910340479202,82.4955300834595,30.6863820576491));
#2325=CARTESIAN_POINT('Ctrl Pts',(70.9342599419202,82.6727446944595,30.8806978536491));
#2326=CARTESIAN_POINT('Ctrl Pts',(70.8998236359202,82.7802341054595,30.9587913496491));
#2327=CARTESIAN_POINT('Ctrl Pts',(70.8243267649202,83.0158898464595,31.0644352326491));
#2328=CARTESIAN_POINT('Ctrl Pts',(70.7832993109202,83.1439528214595,31.0919392856491));
#2329=CARTESIAN_POINT('Ctrl Pts',(70.7422538519202,83.2720719964595,31.0919393286491));
#2330=CARTESIAN_POINT('Ctrl Pts',(71.4099452239202,82.4433283064595,30.0485987086491));
#2331=CARTESIAN_POINT('Ctrl Pts',(71.4119946949202,82.4378672474595,30.1829848316491));
#2332=CARTESIAN_POINT('Ctrl Pts',(71.4043842999202,82.4581474694595,30.3185040066491));
#2333=CARTESIAN_POINT('Ctrl Pts',(71.3710535309202,82.5469667294595,30.5702663006491));
#2334=CARTESIAN_POINT('Ctrl Pts',(71.3453477749202,82.6154668144595,30.6863990106491));
#2335=CARTESIAN_POINT('Ctrl Pts',(71.2799417209202,82.7897591114595,30.8807070736491));
#2336=CARTESIAN_POINT('Ctrl Pts',(71.2402701069202,82.8954748884595,30.9587972126491));
#2337=CARTESIAN_POINT('Ctrl Pts',(71.1532959319202,83.1272410984595,31.0644364826491));
#2338=CARTESIAN_POINT('Ctrl Pts',(71.1060315119202,83.2531898914595,31.0919392856491));
#2339=CARTESIAN_POINT('Ctrl Pts',(71.0587463519202,83.3791939514595,31.0919393286491));
#2340=CARTESIAN_POINT('Ctrl Pts',(71.6467027009202,82.5366179414595,30.0486307176491));
#2341=CARTESIAN_POINT('Ctrl Pts',(71.6489266369202,82.5312303594595,30.1830143866491));
#2342=CARTESIAN_POINT('Ctrl Pts',(71.6406597119202,82.5512555674595,30.3185301856491));
#2343=CARTESIAN_POINT('Ctrl Pts',(71.6044581969202,82.6389484724595,30.5702852466491));
#2344=CARTESIAN_POINT('Ctrl Pts',(71.5765394819202,82.7065777144595,30.6864141116491));
#2345=CARTESIAN_POINT('Ctrl Pts',(71.5055039169202,82.8786518224595,30.8807153466491));
#2346=CARTESIAN_POINT('Ctrl Pts',(71.4624182179202,82.9830212334595,30.9588025126491));
#2347=CARTESIAN_POINT('Ctrl Pts',(71.3679596129202,83.2118348064595,31.0644376646491));
#2348=CARTESIAN_POINT('Ctrl Pts',(71.3166281279202,83.3361786314595,31.0919393286491));
#2349=CARTESIAN_POINT('Ctrl Pts',(71.2652741239202,83.4605770074595,31.0919393286491));
#2350=CARTESIAN_POINT('Ctrl Pts',(72.1103556719202,82.7459841584595,30.0485634816491));
#2351=CARTESIAN_POINT('Ctrl Pts',(72.1129303569202,82.7407447674595,30.1829523616491));
#2352=CARTESIAN_POINT('Ctrl Pts',(72.1033780479202,82.7601818334595,30.3184753086491));
#2353=CARTESIAN_POINT('Ctrl Pts',(72.0615379419202,82.8453190204595,30.5702456526491));
#2354=CARTESIAN_POINT('Ctrl Pts',(72.0292684949202,82.9109818024595,30.6863826266491));
#2355=CARTESIAN_POINT('Ctrl Pts',(71.9471605789202,83.0780575154595,30.8806982236491));
#2356=CARTESIAN_POINT('Ctrl Pts',(71.8973581199202,83.1793971704595,30.9587916226491));
#2357=CARTESIAN_POINT('Ctrl Pts',(71.7881731319202,83.4015703974595,31.0644353416491));
#2358=CARTESIAN_POINT('Ctrl Pts',(71.7288384889202,83.5223065274595,31.0919393286491));
#2359=CARTESIAN_POINT('Ctrl Pts',(71.6694778119202,83.6430956344595,31.0919393286491));
#2360=CARTESIAN_POINT('Ctrl Pts',(72.3370509399202,82.8619978284596,30.0485500596491));
#2361=CARTESIAN_POINT('Ctrl Pts',(72.3397962599202,82.8568436884595,30.1829399546491));
#2362=CARTESIAN_POINT('Ctrl Pts',(72.3296158469202,82.8759576804595,30.3184643036491));
#2363=CARTESIAN_POINT('Ctrl Pts',(72.2850219309202,82.9596833874595,30.5702376576491));
#2364=CARTESIAN_POINT('Ctrl Pts',(72.2506279879202,83.0242583794595,30.6863762356491));
#2365=CARTESIAN_POINT('Ctrl Pts',(72.1631137319202,83.1885671874595,30.8806946916491));
#2366=CARTESIAN_POINT('Ctrl Pts',(72.1100318019202,83.2882289374595,30.9587893406491));
#2367=CARTESIAN_POINT('Ctrl Pts',(71.9936567699202,83.5067239494595,31.0644348066491));
#2368=CARTESIAN_POINT('Ctrl Pts',(71.9304147089202,83.6254613794596,31.0919392876491));
#2369=CARTESIAN_POINT('Ctrl Pts',(71.8671448939202,83.7442509174595,31.0919393286491));
#2370=CARTESIAN_POINT('Ctrl Pts',(72.6692778419202,83.0531273694595,30.0485861116491));
#2371=CARTESIAN_POINT('Ctrl Pts',(72.6722684719202,83.0481201024595,30.1829732126491));
#2372=CARTESIAN_POINT('Ctrl Pts',(72.6611666159202,83.0667083414595,30.3184937286491));
#2373=CARTESIAN_POINT('Ctrl Pts',(72.6125427149202,83.1481209994595,30.5702588886491));
#2374=CARTESIAN_POINT('Ctrl Pts',(72.5750419939202,83.2109097124595,30.6863931186491));
#2375=CARTESIAN_POINT('Ctrl Pts',(72.4796242289202,83.3706708494595,30.8807038736491));
#2376=CARTESIAN_POINT('Ctrl Pts',(72.4217490309202,83.4675732074595,30.9587951806491));
#2377=CARTESIAN_POINT('Ctrl Pts',(72.2948660029202,83.6800176504595,31.0644360526491));
#2378=CARTESIAN_POINT('Ctrl Pts',(72.2259138199202,83.7954665644595,31.0919392886491));
#2379=CARTESIAN_POINT('Ctrl Pts',(72.1569313799202,83.9109661404595,31.0919393286491));
#2380=CARTESIAN_POINT('Ctrl Pts',(72.7787299779202,83.1197030714595,30.0486003886491));
#2381=CARTESIAN_POINT('Ctrl Pts',(72.7818011509202,83.1147471034595,30.1829864026491));
#2382=CARTESIAN_POINT('Ctrl Pts',(72.7703956199202,83.1331523894595,30.3185054196491));
#2383=CARTESIAN_POINT('Ctrl Pts',(72.7204441729202,83.2137597654595,30.5702673646491));
#2384=CARTESIAN_POINT('Ctrl Pts',(72.6819201629202,83.2759265044595,30.6863998836491));
#2385=CARTESIAN_POINT('Ctrl Pts',(72.5838993469202,83.4341040664596,30.8807075946491));
#2386=CARTESIAN_POINT('Ctrl Pts',(72.5244455269202,83.5300455194595,30.9587975736491));
#2387=CARTESIAN_POINT('Ctrl Pts',(72.3941018419202,83.7403829264595,31.0644365996491));
#2388=CARTESIAN_POINT('Ctrl Pts',(72.3232691379202,83.8546866364595,31.0919393186491));
#2389=CARTESIAN_POINT('Ctrl Pts',(72.2524053569202,83.9690404974595,31.0919393286491));
#2390=CARTESIAN_POINT('Ctrl Pts',(72.9950421899202,83.2587239474595,30.0486143916491));
#2391=CARTESIAN_POINT('Ctrl Pts',(72.9982736329202,83.2538732834595,30.1829993196491));
#2392=CARTESIAN_POINT('Ctrl Pts',(72.9862681009202,83.2718946984595,30.3185168476491));
#2393=CARTESIAN_POINT('Ctrl Pts',(72.9336914539202,83.3508170514595,30.5702756106491));
#2394=CARTESIAN_POINT('Ctrl Pts',(72.8931433949202,83.4116833804595,30.6864064406491));
#2395=CARTESIAN_POINT('Ctrl Pts',(72.7899732159202,83.5665511994595,30.8807111606491));
#2396=CARTESIAN_POINT('Ctrl Pts',(72.7273963389202,83.6604847744595,30.9587998416491));
#2397=CARTESIAN_POINT('Ctrl Pts',(72.5902060629202,83.8664198344595,31.0644370836491));
#2398=CARTESIAN_POINT('Ctrl Pts',(72.5156528249202,83.9783310104595,31.0919393186491));
#2399=CARTESIAN_POINT('Ctrl Pts',(72.4410668779202,84.0902912854595,31.0919393286491));
#2400=CARTESIAN_POINT('Ctrl Pts',(73.1019659969202,83.3312401144595,30.0486139996491));
#2401=CARTESIAN_POINT('Ctrl Pts',(73.1052772339202,83.3264434964595,30.1829989506491));
#2402=CARTESIAN_POINT('Ctrl Pts',(73.0929752059202,83.3442637904595,30.3185165126491));
#2403=CARTESIAN_POINT('Ctrl Pts',(73.0391001199202,83.4223055344596,30.5702753526491));
#2404=CARTESIAN_POINT('Ctrl Pts',(72.9975506869202,83.4824927614595,30.6864062256491));
#2405=CARTESIAN_POINT('Ctrl Pts',(72.8918326249202,83.6356327214595,30.8807110266491));
#2406=CARTESIAN_POINT('Ctrl Pts',(72.8277103559202,83.7285182984595,30.9587997456491));
#2407=CARTESIAN_POINT('Ctrl Pts',(72.6871320409202,83.9321558014595,31.0644370486491));
#2408=CARTESIAN_POINT('Ctrl Pts',(72.6107376439202,84.0428184254595,31.0919393066491));
#2409=CARTESIAN_POINT('Ctrl Pts',(72.5343097269202,84.1535296034595,31.0919393286491));
#2410=CARTESIAN_POINT('Ctrl Pts',(73.6242165209202,83.7046272654595,30.0485284906491));
#2411=CARTESIAN_POINT('Ctrl Pts',(73.6279254069202,83.7001004274595,30.1829200676491));
#2412=CARTESIAN_POINT('Ctrl Pts',(73.6141774639202,83.7168759554595,30.3184467216491));
#2413=CARTESIAN_POINT('Ctrl Pts',(73.5539534679202,83.7903648654596,30.5702249966491));
#2414=CARTESIAN_POINT('Ctrl Pts',(73.5075038309202,83.8470460124595,30.6863661826491));
#2415=CARTESIAN_POINT('Ctrl Pts',(73.3893134979202,83.9912708394595,30.8806892496491));
#2416=CARTESIAN_POINT('Ctrl Pts',(73.3176246429202,84.0787512584595,30.9587858956491));
#2417=CARTESIAN_POINT('Ctrl Pts',(73.1604561259202,84.2705409554596,31.0644340936491));
#2418=CARTESIAN_POINT('Ctrl Pts',(73.0750453989202,84.3747661114595,31.0919393066491));
#2419=CARTESIAN_POINT('Ctrl Pts',(72.9895971909202,84.4790370064595,31.0919393286491));
#2420=CARTESIAN_POINT('Ctrl Pts',(74.0067732639202,84.0397962724595,30.0486639416491));
#2421=CARTESIAN_POINT('Ctrl Pts',(74.0107542969202,84.0355325894595,30.1830450186491));
#2422=CARTESIAN_POINT('Ctrl Pts',(73.9959410259202,84.0513936564595,30.3185572686491));
#2423=CARTESIAN_POINT('Ctrl Pts',(73.9310804029202,84.1208441954595,30.5703047506491));
#2424=CARTESIAN_POINT('Ctrl Pts',(73.8810614889202,84.1744032154595,30.6864295986491));
#2425=CARTESIAN_POINT('Ctrl Pts',(73.7537968079202,84.3106756264595,30.8807237306491));
#2426=CARTESIAN_POINT('Ctrl Pts',(73.6766068419202,84.3933292654596,30.9588078216491));
#2427=CARTESIAN_POINT('Ctrl Pts',(73.5073807629202,84.5745337344595,31.0644387646491));
#2428=CARTESIAN_POINT('Ctrl Pts',(73.4154188509202,84.6730051104595,31.0919393016491));
#2429=CARTESIAN_POINT('Ctrl Pts',(73.3234165939202,84.7715196874595,31.0919393286491));
#2430=CARTESIAN_POINT('Ctrl Pts',(74.5301531319202,84.5968341774595,30.0485641516491));
#2431=CARTESIAN_POINT('Ctrl Pts',(74.5345358139202,84.5929778384595,30.1829529626491));
#2432=CARTESIAN_POINT('Ctrl Pts',(74.5182759549202,84.6072840424595,30.3184758216491));
#2433=CARTESIAN_POINT('Ctrl Pts',(74.4470559329202,84.6699473184595,30.5702459866491));
#2434=CARTESIAN_POINT('Ctrl Pts',(74.3921270059202,84.7182769074595,30.6863828696491));
#2435=CARTESIAN_POINT('Ctrl Pts',(74.2523631909202,84.8412491724595,30.8806983176491));
#2436=CARTESIAN_POINT('Ctrl Pts',(74.1675896009202,84.9158379134595,30.9587916586491));
#2437=CARTESIAN_POINT('Ctrl Pts',(73.9817352349202,85.0793634544595,31.0644353176491));
#2438=CARTESIAN_POINT('Ctrl Pts',(73.8807359709202,85.1682285354595,31.0919393016491));
#2439=CARTESIAN_POINT('Ctrl Pts',(73.7796923879202,85.2571326124595,31.0919393286491));
#2440=CARTESIAN_POINT('Ctrl Pts',(74.6959822159202,84.7915501174595,30.0485499556491));
#2441=CARTESIAN_POINT('Ctrl Pts',(74.7004905989202,84.7878383624595,30.1829398806491));
#2442=CARTESIAN_POINT('Ctrl Pts',(74.6837719299202,84.8016034884595,30.3184642636491));
#2443=CARTESIAN_POINT('Ctrl Pts',(74.6105382529202,84.8618992684595,30.5702376766491));
#2444=CARTESIAN_POINT('Ctrl Pts',(74.5540553649202,84.9084034754596,30.6863762806491));
#2445=CARTESIAN_POINT('Ctrl Pts',(74.4103365629202,85.0267317774595,30.8806947656491));
#2446=CARTESIAN_POINT('Ctrl Pts',(74.3231636839202,85.0985039734595,30.9587894186491));
#2447=CARTESIAN_POINT('Ctrl Pts',(74.1320488239202,85.2558548644596,31.0644348666491));
#2448=CARTESIAN_POINT('Ctrl Pts',(74.0281906659202,85.3413645464595,31.0919393246491));
#2449=CARTESIAN_POINT('Ctrl Pts',(73.9242869359202,85.4269117504595,31.0919393286491));
#2450=CARTESIAN_POINT('Ctrl Pts',(74.9314112069202,85.0974672984595,30.0485862986491));
#2451=CARTESIAN_POINT('Ctrl Pts',(74.9360912069202,85.0939867764595,30.1829734066491));
#2452=CARTESIAN_POINT('Ctrl Pts',(74.9187178889202,85.1069074834595,30.3184939256491));
#2453=CARTESIAN_POINT('Ctrl Pts',(74.8426263279202,85.1634974484595,30.5702590786491));
#2454=CARTESIAN_POINT('Ctrl Pts',(74.7839414559202,85.2071418864595,30.6863932986491));
#2455=CARTESIAN_POINT('Ctrl Pts',(74.6346222329202,85.3181918424595,30.8807040206491));
#2456=CARTESIAN_POINT('Ctrl Pts',(74.5440533679202,85.3855486584595,30.9587953056491));
#2457=CARTESIAN_POINT('Ctrl Pts',(74.3454942039202,85.5332187464595,31.0644361216491));
#2458=CARTESIAN_POINT('Ctrl Pts',(74.2375909839202,85.6134672584595,31.0919393246491));
#2459=CARTESIAN_POINT('Ctrl Pts',(74.1296404199202,85.6937509794595,31.0919393286491));
#2460=CARTESIAN_POINT('Ctrl Pts',(75.0075428599202,85.2016278034595,30.0486006316491));
#2461=CARTESIAN_POINT('Ctrl Pts',(75.0122779979202,85.1982260764595,30.1829866166491));
#2462=CARTESIAN_POINT('Ctrl Pts',(74.9946927849202,85.2108594174595,30.3185055986491));
#2463=CARTESIAN_POINT('Ctrl Pts',(74.9176770049202,85.2661880414595,30.5702674736491));
#2464=CARTESIAN_POINT('Ctrl Pts',(74.8582802119202,85.3088590594595,30.6863999586491));
#2465=CARTESIAN_POINT('Ctrl Pts',(74.7071505289202,85.4174315324595,30.8807076146491));
#2466=CARTESIAN_POINT('Ctrl Pts',(74.6154839159202,85.4832853724595,30.9587975736491));
#2467=CARTESIAN_POINT('Ctrl Pts',(74.4145184619202,85.6276601424595,31.0644365816491));
#2468=CARTESIAN_POINT('Ctrl Pts',(74.3053077539202,85.7061177584595,31.0919393036491));
#2469=CARTESIAN_POINT('Ctrl Pts',(74.1960491269202,85.7846097984595,31.0919393286491));
#2470=CARTESIAN_POINT('Ctrl Pts',(75.1537454359202,85.4123478954595,30.0486144126491));
#2471=CARTESIAN_POINT('Ctrl Pts',(75.1585880409202,85.4091044004595,30.1829993296491));
#2472=CARTESIAN_POINT('Ctrl Pts',(75.1405966419202,85.4211548374595,30.3185168466491));
#2473=CARTESIAN_POINT('Ctrl Pts',(75.0618056969202,85.4739280714595,30.5702755896491));
#2474=CARTESIAN_POINT('Ctrl Pts',(75.0010407029202,85.5146277254595,30.6864064116491));
#2475=CARTESIAN_POINT('Ctrl Pts',(74.8464307119202,85.6181836054595,30.8807111236491));
#2476=CARTESIAN_POINT('Ctrl Pts',(74.7526535139202,85.6809944194595,30.9587998046491));
#2477=CARTESIAN_POINT('Ctrl Pts',(74.5470612819202,85.8186975624595,31.0644370576491));
#2478=CARTESIAN_POINT('Ctrl Pts',(74.4353364049202,85.8935295054596,31.0919393036491));
#2479=CARTESIAN_POINT('Ctrl Pts',(74.3235625069202,85.9683942804595,31.0919393286491));
#2480=CARTESIAN_POINT('Ctrl Pts',(75.2240275859202,85.5191765694595,30.0486138956491));
#2481=CARTESIAN_POINT('Ctrl Pts',(75.2289226799202,85.5160127204595,30.1829988446491));
#2482=CARTESIAN_POINT('Ctrl Pts',(75.2107364109202,85.5277668774595,30.3185164076491));
#2483=CARTESIAN_POINT('Ctrl Pts',(75.1310919889202,85.5792427894595,30.5702752536491));
#2484=CARTESIAN_POINT('Ctrl Pts',(75.0696687619202,85.6189419724596,30.6864061336491));
#2485=CARTESIAN_POINT('Ctrl Pts',(74.9133839439202,85.7199523104595,30.8807109536491));
#2486=CARTESIAN_POINT('Ctrl Pts',(74.8185908889202,85.7812191704596,30.9587996846491));
#2487=CARTESIAN_POINT('Ctrl Pts',(74.6107715329202,85.9155374504595,31.0644370156491));
#2488=CARTESIAN_POINT('Ctrl Pts',(74.4978363669202,85.9885299684595,31.0919392896491));
#2489=CARTESIAN_POINT('Ctrl Pts',(74.3848516469202,86.0615545124595,31.0919393286491));
#2490=CARTESIAN_POINT('Ctrl Pts',(75.5615633299202,86.0606750864595,30.0485289066491));
#2491=CARTESIAN_POINT('Ctrl Pts',(75.5667209519202,86.0579102064595,30.1829204406491));
#2492=CARTESIAN_POINT('Ctrl Pts',(75.5476043559202,86.0681550584596,30.3184470396491));
#2493=CARTESIAN_POINT('Ctrl Pts',(75.4638617539202,86.1130355494595,30.5702252046491));
#2494=CARTESIAN_POINT('Ctrl Pts',(75.3992724779202,86.1476515014595,30.6863663346491));
#2495=CARTESIAN_POINT('Ctrl Pts',(75.2349259409202,86.2357317424595,30.8806893086491));
#2496=CARTESIAN_POINT('Ctrl Pts',(75.1352407639202,86.2891573964595,30.9587859186491));
#2497=CARTESIAN_POINT('Ctrl Pts',(74.9166938619202,86.4062864174595,31.0644340786491));
#2498=CARTESIAN_POINT('Ctrl Pts',(74.7979279949202,86.4699384074596,31.0919392896491));
#2499=CARTESIAN_POINT('Ctrl Pts',(74.6791100059202,86.5336183334595,31.0919393286491));
#2500=CARTESIAN_POINT('Ctrl Pts',(75.7871075399202,86.5161810644595,30.0486640396491));
#2501=CARTESIAN_POINT('Ctrl Pts',(75.7924162029202,86.5137630234595,30.1830450986491));
#2502=CARTESIAN_POINT('Ctrl Pts',(75.7726643119202,86.5227568294595,30.3185573276491));
#2503=CARTESIAN_POINT('Ctrl Pts',(75.6861789299202,86.5621385694595,30.5703047716491));
#2504=CARTESIAN_POINT('Ctrl Pts',(75.6194833609202,86.5925092364595,30.6864296026491));
#2505=CARTESIAN_POINT('Ctrl Pts',(75.4497875509202,86.6697827604595,30.8807237096491));
#2506=CARTESIAN_POINT('Ctrl Pts',(75.3468617169202,86.7166517334595,30.9588077936491));
#2507=CARTESIAN_POINT('Ctrl Pts',(75.1212139769202,86.8194043004595,31.0644387396491));
#2508=CARTESIAN_POINT('Ctrl Pts',(74.9985910119202,86.8752428384595,31.0919392846491));
#2509=CARTESIAN_POINT('Ctrl Pts',(74.8759142489202,86.9311058754595,31.0919393286491));
#2510=CARTESIAN_POINT('Ctrl Pts',(76.0588574859202,87.2344661014595,30.0485643046491));
#2511=CARTESIAN_POINT('Ctrl Pts',(76.0643823619202,87.2325806084595,30.1829530936491));
#2512=CARTESIAN_POINT('Ctrl Pts',(76.0438851869202,87.2395750064595,30.3184759266491));
#2513=CARTESIAN_POINT('Ctrl Pts',(75.9541051069202,87.2702117044595,30.5702460406491));
#2514=CARTESIAN_POINT('Ctrl Pts',(75.8848615779202,87.2938405684596,30.6863828996491));
#2515=CARTESIAN_POINT('Ctrl Pts',(75.7086749619202,87.3539631024595,30.8806983116491));
#2516=CARTESIAN_POINT('Ctrl Pts',(75.6018091469202,87.3904304044596,30.9587916416491));
#2517=CARTESIAN_POINT('Ctrl Pts',(75.3675206179202,87.4703799634595,31.0644352946491));
#2518=CARTESIAN_POINT('Ctrl Pts',(75.2402006589202,87.5138271554596,31.0919392856491));
#2519=CARTESIAN_POINT('Ctrl Pts',(75.1128248279202,87.5572934154596,31.0919393286491));
#2520=CARTESIAN_POINT('Ctrl Pts',(76.1384138789202,87.4809378924596,30.0485502256491));
#2521=CARTESIAN_POINT('Ctrl Pts',(76.1440001909202,87.4792364234595,30.1829401126491));
#2522=CARTESIAN_POINT('Ctrl Pts',(76.1232837899202,87.4855467254595,30.3184644506491));
#2523=CARTESIAN_POINT('Ctrl Pts',(76.0325388389202,87.5131877304595,30.5702377776491));
#2524=CARTESIAN_POINT('Ctrl Pts',(75.9625500899202,87.5345063104595,30.6863763396491));
#2525=CARTESIAN_POINT('Ctrl Pts',(75.7844661299202,87.5887506294595,30.8806947616491));
#2526=CARTESIAN_POINT('Ctrl Pts',(75.6764490269202,87.6216525774595,30.9587893936491));
#2527=CARTESIAN_POINT('Ctrl Pts',(75.4396360109202,87.6937856574595,31.0644348296491));
#2528=CARTESIAN_POINT('Ctrl Pts',(75.3109439649202,87.7329851524595,31.0919392976491));
#2529=CARTESIAN_POINT('Ctrl Pts',(75.1821954439202,87.7722018484596,31.0919393286491));
#2530=CARTESIAN_POINT('Ctrl Pts',(76.2716114659202,87.9758128264595,30.0485985786491));
#2531=CARTESIAN_POINT('Ctrl Pts',(76.2772906719202,87.9744821944595,30.1829847186491));
#2532=CARTESIAN_POINT('Ctrl Pts',(76.2562007129202,87.9794240664596,30.3185039156491));
#2533=CARTESIAN_POINT('Ctrl Pts',(76.1638349329202,88.0010672594595,30.5702662516491));
#2534=CARTESIAN_POINT('Ctrl Pts',(76.0925996179202,88.0177590894595,30.6863989816491));
#2535=CARTESIAN_POINT('Ctrl Pts',(75.9113477279202,88.0602298884595,30.8807070746491));
#2536=CARTESIAN_POINT('Ctrl Pts',(75.8014106399202,88.0859902324595,30.9587972246491));
#2537=CARTESIAN_POINT('Ctrl Pts',(75.5603898109202,88.1424659554595,31.0644365006491));
#2538=CARTESIAN_POINT('Ctrl Pts',(75.4294117699202,88.1731565664595,31.0919392976491));
#2539=CARTESIAN_POINT('Ctrl Pts',(75.2983762569202,88.2038606434595,31.0919393286491));
#2540=CARTESIAN_POINT('Ctrl Pts',(76.3256783969202,88.2249626274595,30.0486307156491));
#2541=CARTESIAN_POINT('Ctrl Pts',(76.3313934909202,88.2238182284595,30.1830143806491));
#2542=CARTESIAN_POINT('Ctrl Pts',(76.3101505379202,88.2280712584596,30.3185301756491));
#2543=CARTESIAN_POINT('Ctrl Pts',(76.2171251899202,88.2466961324595,30.5702852316491));
#2544=CARTESIAN_POINT('Ctrl Pts',(76.1453835879202,88.2610598094595,30.6864140946491));
#2545=CARTESIAN_POINT('Ctrl Pts',(75.9628461499202,88.2976064634595,30.8807153276491));
#2546=CARTESIAN_POINT('Ctrl Pts',(75.8521303579202,88.3197734134595,30.9588024956491));
#2547=CARTESIAN_POINT('Ctrl Pts',(75.6094033559202,88.3683710094596,31.0644376536491));
#2548=CARTESIAN_POINT('Ctrl Pts',(75.4774985859202,88.3947803434596,31.0919393226491));
#2549=CARTESIAN_POINT('Ctrl Pts',(75.3455359469202,88.4212012644595,31.0919393286491));
#2550=CARTESIAN_POINT('Ctrl Pts',(76.4510288349202,88.9779906034595,30.0485300216491));
#2551=CARTESIAN_POINT('Ctrl Pts',(76.4568514449202,88.9774073664595,30.1829214906491));
#2552=CARTESIAN_POINT('Ctrl Pts',(76.4352705929202,88.9795663564595,30.3184479916491));
#2553=CARTESIAN_POINT('Ctrl Pts',(76.3407327469202,88.9890255504595,30.5702259346491));
#2554=CARTESIAN_POINT('Ctrl Pts',(76.2678172179202,88.9963216044595,30.6863669416491));
#2555=CARTESIAN_POINT('Ctrl Pts',(76.0822845769202,89.0148866874596,30.8806896846491));
#2556=CARTESIAN_POINT('Ctrl Pts',(75.9697488429202,89.0261475724595,30.9587861856491));
#2557=CARTESIAN_POINT('Ctrl Pts',(75.7230287319202,89.0508357534596,31.0644341746491));
#2558=CARTESIAN_POINT('Ctrl Pts',(75.5889525719202,89.0642522194595,31.0919393226491));
#2559=CARTESIAN_POINT('Ctrl Pts',(75.4548175769202,89.0776745724595,31.0919393286491));
#2560=CARTESIAN_POINT('Ctrl Pts',(76.4857220349202,89.4862748264595,30.0486649556491));
#2561=CARTESIAN_POINT('Ctrl Pts',(76.4915519599202,89.4860706574595,30.1830459716491));
#2562=CARTESIAN_POINT('Ctrl Pts',(76.4698611819202,89.4868275214595,30.3185581306491));
#2563=CARTESIAN_POINT('Ctrl Pts',(76.3748859139202,89.4901429974595,30.5703054096491));
#2564=CARTESIAN_POINT('Ctrl Pts',(76.3016430689202,89.4927001544595,30.6864301456491));
#2565=CARTESIAN_POINT('Ctrl Pts',(76.1152887289202,89.4992067894595,30.8807240656491));
#2566=CARTESIAN_POINT('Ctrl Pts',(76.0022589459202,89.5031534144595,30.9588080586491));
#2567=CARTESIAN_POINT('Ctrl Pts',(75.7544599639202,89.5118058734595,31.0644388486491));
#2568=CARTESIAN_POINT('Ctrl Pts',(75.6197994169202,89.5165079134595,31.0919393286491));
#2569=CARTESIAN_POINT('Ctrl Pts',(75.4850797999202,89.5212120164595,31.0919393286491));
#2570=CARTESIAN_POINT('Ctrl Pts',(76.4696042389202,90.0020737234595,30.0485973246491));
#2571=CARTESIAN_POINT('Ctrl Pts',(76.4754314439202,90.0022557804595,30.1829835816491));
#2572=CARTESIAN_POINT('Ctrl Pts',(76.4537925209202,90.0015797234595,30.3185029316491));
#2573=CARTESIAN_POINT('Ctrl Pts',(76.3590221529202,89.9986188444595,30.5702655826491));
#2574=CARTESIAN_POINT('Ctrl Pts',(76.2859322699202,89.9963353224595,30.6863984756491));
#2575=CARTESIAN_POINT('Ctrl Pts',(76.0999615149202,89.9905251004595,30.8807068426491));
#2576=CARTESIAN_POINT('Ctrl Pts',(75.9871621999202,89.9870009494595,30.9587971046491));
#2577=CARTESIAN_POINT('Ctrl Pts',(75.7398663369202,89.9792747684595,31.0644365116491));
#2578=CARTESIAN_POINT('Ctrl Pts',(75.6054782399202,89.9750761264595,31.0919393286491));
#2579=CARTESIAN_POINT('Ctrl Pts',(75.4710311819202,89.9708756424595,31.0919393286491));
#2580=CARTESIAN_POINT('Ctrl Pts',(75.4710311819202,89.9708756424595,31.0919393286491));
#2581=CARTESIAN_POINT('Ctrl Pts',(75.6054782399202,89.9750761264595,31.0919393286491));
#2582=CARTESIAN_POINT('Ctrl Pts',(75.7398663369202,89.9792747684595,31.0644365116491));
#2583=CARTESIAN_POINT('Ctrl Pts',(75.8635142684202,89.9831378589595,31.0116168081491));
#2584=CARTESIAN_POINT('Ctrl Pts',(75.9871621999202,89.9870009494595,30.9587971046491));
#2585=CARTESIAN_POINT('Ctrl Pts',(76.0999615149202,89.9905251004595,30.8807068426491));
#2586=CARTESIAN_POINT('Ctrl Pts',(76.1929468924202,89.9934302114595,30.7835526591491));
#2587=CARTESIAN_POINT('Ctrl Pts',(76.2859322699202,89.9963353224595,30.6863984756491));
#2588=CARTESIAN_POINT('Ctrl Pts',(76.3590221529202,89.9986188444595,30.5702655826491));
#2589=CARTESIAN_POINT('Ctrl Pts',(76.4064073369202,90.0000992839595,30.4443842571491));
#2590=CARTESIAN_POINT('Ctrl Pts',(76.4537925209202,90.0015797234595,30.3185029316491));
#2591=CARTESIAN_POINT('Ctrl Pts',(76.4754314439202,90.0022557804595,30.1829835816491));
#2592=CARTESIAN_POINT('Ctrl Pts',(76.4696042389202,90.0020737234595,30.0485973246491));
#2593=CARTESIAN_POINT('Origin',(68.6647199789202,89.7579875934595,20.0919393286491));
#2594=CARTESIAN_POINT('',(71.0938954949202,86.5800784824596,20.0919393286491));
#2595=CARTESIAN_POINT('',(71.0938954949202,92.9358967044595,20.0919393286491));
#2596=CARTESIAN_POINT('Origin',(68.6647199789202,89.7579875934595,20.0919393286491));
#2597=CARTESIAN_POINT('',(71.715697555683,86.2863035475107,27.199169402636));
#2598=CARTESIAN_POINT('Ctrl Pts',(71.7156975573074,86.2863035492392,27.1991694024677));
#2599=CARTESIAN_POINT('Ctrl Pts',(71.3910611098522,86.433191016094,23.4885578397567));
#2600=CARTESIAN_POINT('Ctrl Pts',(71.0938954949208,86.5800784832948,20.0919393286555));
#2601=CARTESIAN_POINT('',(71.7156975555929,93.2296716397267,27.1991694027039));
#2602=CARTESIAN_POINT('Origin',(68.6647199789202,89.7579875934595,27.1991694026491));
#2603=CARTESIAN_POINT('Ctrl Pts',(71.715697557318,93.2296716376847,27.1991694025887));
#2604=CARTESIAN_POINT('Ctrl Pts',(71.391061109857,93.0827841708275,23.4885578398121));
#2605=CARTESIAN_POINT('Ctrl Pts',(71.0938954949208,92.9358967036243,20.0919393286555));
#2606=CARTESIAN_POINT('Ctrl Pts',(76.2610292289202,87.0487379204596,17.3919393286491));
#2607=CARTESIAN_POINT('Ctrl Pts',(76.4382422089202,87.5456152004595,17.3919393286491));
#2608=CARTESIAN_POINT('Ctrl Pts',(76.5638085989202,88.0602577134595,17.3919393286491));
#2609=CARTESIAN_POINT('Ctrl Pts',(76.7131912159202,89.1045998284595,17.3919393286491));
#2610=CARTESIAN_POINT('Ctrl Pts',(76.7370137589202,89.6343118424595,17.3919393286491));
#2611=CARTESIAN_POINT('Ctrl Pts',(76.6841357209202,90.6886828864595,17.3919393286491));
#2612=CARTESIAN_POINT('Ctrl Pts',(76.6074345569202,91.2133535104595,17.3919393286491));
#2613=CARTESIAN_POINT('Ctrl Pts',(76.3543141449202,92.2375095894595,17.3919393286491));
#2614=CARTESIAN_POINT('Ctrl Pts',(76.1778872029202,92.7370071204595,17.3919393286491));
#2615=CARTESIAN_POINT('Ctrl Pts',(75.7258139529202,93.6903139994595,17.3919393286491));
#2616=CARTESIAN_POINT('Ctrl Pts',(75.4506954179202,94.1430104114595,17.3919393286491));
#2617=CARTESIAN_POINT('Ctrl Pts',(74.8178634879202,94.9871012634596,17.3919393286491));
#2618=CARTESIAN_POINT('Ctrl Pts',(74.4601456129202,95.3785093024595,17.3919393286491));
#2619=CARTESIAN_POINT('Ctrl Pts',(73.6772022779202,96.0866717984595,17.3919393286491));
#2620=CARTESIAN_POINT('Ctrl Pts',(73.2519682099202,96.4034340414595,17.3919393286491));
#2621=CARTESIAN_POINT('Ctrl Pts',(72.3487973409202,96.9486385904595,17.3919393286491));
#2622=CARTESIAN_POINT('Ctrl Pts',(71.8708465629202,97.1770839944595,17.3919393286491));
#2623=CARTESIAN_POINT('Ctrl Pts',(70.8770927429202,97.5315096924595,17.3919393286491));
#2624=CARTESIAN_POINT('Ctrl Pts',(70.3624498589202,97.6570762134595,17.3919393286491));
#2625=CARTESIAN_POINT('Ctrl Pts',(69.3181077439202,97.8064588304595,17.3919393286491));
#2626=CARTESIAN_POINT('Ctrl Pts',(68.7883957299202,97.8302813734595,17.3919393286491));
#2627=CARTESIAN_POINT('Ctrl Pts',(67.7340246859202,97.7774033354595,17.3919393286491));
#2628=CARTESIAN_POINT('Ctrl Pts',(67.2093540629202,97.7007021714595,17.3919393286491));
#2629=CARTESIAN_POINT('Ctrl Pts',(66.1851979829202,97.4475817594595,17.3919393286491));
#2630=CARTESIAN_POINT('Ctrl Pts',(65.6857004529202,97.2711548174595,17.3919393286491));
#2631=CARTESIAN_POINT('Ctrl Pts',(64.7323935729202,96.8190815674595,17.3919393286491));
#2632=CARTESIAN_POINT('Ctrl Pts',(64.2796971619202,96.5439630324595,17.3919393286491));
#2633=CARTESIAN_POINT('Ctrl Pts',(63.4356063089202,95.9111311024595,17.3919393286491));
#2634=CARTESIAN_POINT('Ctrl Pts',(63.0441982699202,95.5534132274595,17.3919393286491));
#2635=CARTESIAN_POINT('Ctrl Pts',(62.3360357739202,94.7704698924595,17.3919393286491));
#2636=CARTESIAN_POINT('Ctrl Pts',(62.0192735319202,94.3452358244595,17.3919393286491));
#2637=CARTESIAN_POINT('Ctrl Pts',(61.4740689819202,93.4420649554595,17.3919393286491));
#2638=CARTESIAN_POINT('Ctrl Pts',(61.2456235789202,92.9641141774595,17.3919393286491));
#2639=CARTESIAN_POINT('Ctrl Pts',(60.8911978799202,91.9703603574595,17.3919393286491));
#2640=CARTESIAN_POINT('Ctrl Pts',(60.7656313589202,91.4557174734595,17.3919393286491));
#2641=CARTESIAN_POINT('Ctrl Pts',(60.6162487429202,90.4113753584595,17.3919393286491));
#2642=CARTESIAN_POINT('Ctrl Pts',(60.5924261989202,89.8816633444595,17.3919393286491));
#2643=CARTESIAN_POINT('Ctrl Pts',(60.6453042379202,88.8272923004595,17.3919393286491));
#2644=CARTESIAN_POINT('Ctrl Pts',(60.7220054009202,88.3026216774595,17.3919393286491));
#2645=CARTESIAN_POINT('Ctrl Pts',(60.9751258129202,87.2784655974595,17.3919393286491));
#2646=CARTESIAN_POINT('Ctrl Pts',(61.1515527559202,86.7789680674595,17.3919393286491));
#2647=CARTESIAN_POINT('Ctrl Pts',(61.6036260059202,85.8256611874595,17.3919393286491));
#2648=CARTESIAN_POINT('Ctrl Pts',(61.8787445399202,85.3729647764595,17.3919393286491));
#2649=CARTESIAN_POINT('Ctrl Pts',(62.5115764699202,84.5288739234595,17.3919393286491));
#2650=CARTESIAN_POINT('Ctrl Pts',(62.8692943449202,84.1374658844595,17.3919393286491));
#2651=CARTESIAN_POINT('Ctrl Pts',(63.6522376799202,83.4293033884595,17.3919393286491));
#2652=CARTESIAN_POINT('Ctrl Pts',(64.0774717489202,83.1125411464595,17.3919393286491));
#2653=CARTESIAN_POINT('Ctrl Pts',(64.9806426169202,82.5673365964595,17.3919393286491));
#2654=CARTESIAN_POINT('Ctrl Pts',(65.4585933959202,82.3388911934595,17.3919393286491));
#2655=CARTESIAN_POINT('Ctrl Pts',(66.4523472159202,81.9844654944595,17.3919393286491));
#2656=CARTESIAN_POINT('Ctrl Pts',(66.9669900989202,81.8588989734595,17.3919393286491));
#2657=CARTESIAN_POINT('Ctrl Pts',(68.0113322139202,81.7095163574595,17.3919393286491));
#2658=CARTESIAN_POINT('Ctrl Pts',(68.5410442279202,81.6856938134595,17.3919393286491));
#2659=CARTESIAN_POINT('Ctrl Pts',(69.5954152719202,81.7385718524595,17.3919393286491));
#2660=CARTESIAN_POINT('Ctrl Pts',(70.1200858959202,81.8152730154595,17.3919393286491));
#2661=CARTESIAN_POINT('Ctrl Pts',(71.1442419749202,82.0683934274595,17.3919393286491));
#2662=CARTESIAN_POINT('Ctrl Pts',(71.6437395059202,82.2448203704595,17.3919393286491));
#2663=CARTESIAN_POINT('Ctrl Pts',(72.5970463849202,82.6968936204595,17.3919393286491));
#2664=CARTESIAN_POINT('Ctrl Pts',(73.0497427969202,82.9720121544595,17.3919393286491));
#2665=CARTESIAN_POINT('Ctrl Pts',(73.8938336489202,83.6048440844595,17.3919393286491));
#2666=CARTESIAN_POINT('Ctrl Pts',(74.2852416879202,83.9625619594595,17.3919393286491));
#2667=CARTESIAN_POINT('Ctrl Pts',(74.9934041839202,84.7455052944595,17.3919393286491));
#2668=CARTESIAN_POINT('Ctrl Pts',(75.3101664269202,85.1707393634595,17.3919393286491));
#2669=CARTESIAN_POINT('Ctrl Pts',(75.8553709759202,86.0739102314595,17.3919393286491));
#2670=CARTESIAN_POINT('Ctrl Pts',(76.0838162489202,86.5518606394595,17.3919393286491));
#2671=CARTESIAN_POINT('Ctrl Pts',(76.2610292289202,87.0487379204596,17.3919393286491));
#2672=CARTESIAN_POINT('Ctrl Pts',(76.0385370569202,87.1280905144596,20.0919393286491));
#2673=CARTESIAN_POINT('Ctrl Pts',(76.2102718839202,87.6096079154595,20.0919393286491));
#2674=CARTESIAN_POINT('Ctrl Pts',(76.3321439509202,88.1089090364596,20.0919393286491));
#2675=CARTESIAN_POINT('Ctrl Pts',(76.4771773049202,89.1228452114595,20.0919393286491));
#2676=CARTESIAN_POINT('Ctrl Pts',(76.5003385899202,89.6374802694595,20.0919393286491));
#2677=CARTESIAN_POINT('Ctrl Pts',(76.4489651149202,90.6618507984595,20.0919393286491));
#2678=CARTESIAN_POINT('Ctrl Pts',(76.3744303549202,91.1715862764595,20.0919393286491));
#2679=CARTESIAN_POINT('Ctrl Pts',(76.1286795239202,92.1659241314595,20.0919393286491));
#2680=CARTESIAN_POINT('Ctrl Pts',(75.9574634529202,92.6505265164595,20.0919393286491));
#2681=CARTESIAN_POINT('Ctrl Pts',(75.5193647399202,93.5743646714595,20.0919393286491));
#2682=CARTESIAN_POINT('Ctrl Pts',(75.2524820949202,94.0136004484596,20.0919393286491));
#2683=CARTESIAN_POINT('Ctrl Pts',(74.6380750169202,94.8331156604595,20.0919393286491));
#2684=CARTESIAN_POINT('Ctrl Pts',(74.2905505799202,95.2133951024595,20.0919393286491));
#2685=CARTESIAN_POINT('Ctrl Pts',(73.5298846999202,95.9014079174595,20.0919393286491));
#2686=CARTESIAN_POINT('Ctrl Pts',(73.1167432519202,96.2091412954595,20.0919393286491));
#2687=CARTESIAN_POINT('Ctrl Pts',(72.2398681329202,96.7384722574595,20.0919393286491));
#2688=CARTESIAN_POINT('Ctrl Pts',(71.7761344559202,96.9600698444596,20.0919393286491));
#2689=CARTESIAN_POINT('Ctrl Pts',(70.8130996609202,97.3035394974595,20.0919393286491));
#2690=CARTESIAN_POINT('Ctrl Pts',(70.3137985369202,97.4254115654595,20.0919393286491));
#2691=CARTESIAN_POINT('Ctrl Pts',(69.2998623619202,97.5704449194595,20.0919393286491));
#2692=CARTESIAN_POINT('Ctrl Pts',(68.7852273029202,97.5936062044595,20.0919393286491));
#2693=CARTESIAN_POINT('Ctrl Pts',(67.7608567749202,97.5422327294595,20.0919393286491));
#2694=CARTESIAN_POINT('Ctrl Pts',(67.2511212959202,97.4676979684595,20.0919393286491));
#2695=CARTESIAN_POINT('Ctrl Pts',(66.2567834409202,97.2219471384595,20.0919393286491));
#2696=CARTESIAN_POINT('Ctrl Pts',(65.7721810559202,97.0507310674596,20.0919393286491));
#2697=CARTESIAN_POINT('Ctrl Pts',(64.8483429019202,96.6126323544595,20.0919393286491));
#2698=CARTESIAN_POINT('Ctrl Pts',(64.4091071249202,96.3457497094595,20.0919393286491));
#2699=CARTESIAN_POINT('Ctrl Pts',(63.5895919119202,95.7313426314595,20.0919393286491));
#2700=CARTESIAN_POINT('Ctrl Pts',(63.2093124709202,95.3838181944595,20.0919393286491));
#2701=CARTESIAN_POINT('Ctrl Pts',(62.5212996559202,94.6231523144595,20.0919393286491));
#2702=CARTESIAN_POINT('Ctrl Pts',(62.2135662769202,94.2100108664595,20.0919393286491));
#2703=CARTESIAN_POINT('Ctrl Pts',(61.6842353159202,93.3331357474596,20.0919393286491));
#2704=CARTESIAN_POINT('Ctrl Pts',(61.4626377279202,92.8694020704595,20.0919393286491));
#2705=CARTESIAN_POINT('Ctrl Pts',(61.1191680749202,91.9063672754595,20.0919393286491));
#2706=CARTESIAN_POINT('Ctrl Pts',(60.9972960069202,91.4070661514595,20.0919393286491));
#2707=CARTESIAN_POINT('Ctrl Pts',(60.8522626539202,90.3931299764595,20.0919393286491));
#2708=CARTESIAN_POINT('Ctrl Pts',(60.8291013679202,89.8784949174595,20.0919393286491));
#2709=CARTESIAN_POINT('Ctrl Pts',(60.8804748429202,88.8541243894595,20.0919393286491));
#2710=CARTESIAN_POINT('Ctrl Pts',(60.9550096039202,88.3443889104595,20.0919393286491));
#2711=CARTESIAN_POINT('Ctrl Pts',(61.2007604349202,87.3500510554595,20.0919393286491));
#2712=CARTESIAN_POINT('Ctrl Pts',(61.3719765059202,86.8654486704595,20.0919393286491));
#2713=CARTESIAN_POINT('Ctrl Pts',(61.8100752179202,85.9416105164595,20.0919393286491));
#2714=CARTESIAN_POINT('Ctrl Pts',(62.0769578639202,85.5023747394595,20.0919393286491));
#2715=CARTESIAN_POINT('Ctrl Pts',(62.6913649409202,84.6828595264596,20.0919393286491));
#2716=CARTESIAN_POINT('Ctrl Pts',(63.0388893789202,84.3025800854595,20.0919393286491));
#2717=CARTESIAN_POINT('Ctrl Pts',(63.7995552589202,83.6145672704595,20.0919393286491));
#2718=CARTESIAN_POINT('Ctrl Pts',(64.2126967069202,83.3068338914595,20.0919393286491));
#2719=CARTESIAN_POINT('Ctrl Pts',(65.0895718259202,82.7775029304595,20.0919393286491));
#2720=CARTESIAN_POINT('Ctrl Pts',(65.5533055029202,82.5559053424595,20.0919393286491));
#2721=CARTESIAN_POINT('Ctrl Pts',(66.5163402969202,82.2124356894595,20.0919393286491));
#2722=CARTESIAN_POINT('Ctrl Pts',(67.0156414219202,82.0905636214596,20.0919393286491));
#2723=CARTESIAN_POINT('Ctrl Pts',(68.0295775969202,81.9455302684595,20.0919393286491));
#2724=CARTESIAN_POINT('Ctrl Pts',(68.5442126549202,81.9223689824595,20.0919393286491));
#2725=CARTESIAN_POINT('Ctrl Pts',(69.5685831839202,81.9737424574596,20.0919393286491));
#2726=CARTESIAN_POINT('Ctrl Pts',(70.0783186629202,82.0482772184595,20.0919393286491));
#2727=CARTESIAN_POINT('Ctrl Pts',(71.0726565169202,82.2940280494595,20.0919393286491));
#2728=CARTESIAN_POINT('Ctrl Pts',(71.5572589019202,82.4652441194595,20.0919393286491));
#2729=CARTESIAN_POINT('Ctrl Pts',(72.4810970569202,82.9033428324595,20.0919393286491));
#2730=CARTESIAN_POINT('Ctrl Pts',(72.9203328339202,83.1702254784595,20.0919393286491));
#2731=CARTESIAN_POINT('Ctrl Pts',(73.7398480459202,83.7846325554595,20.0919393286491));
#2732=CARTESIAN_POINT('Ctrl Pts',(74.1201274879202,84.1321569934595,20.0919393286491));
#2733=CARTESIAN_POINT('Ctrl Pts',(74.8081403029202,84.8928228734596,20.0919393286491));
#2734=CARTESIAN_POINT('Ctrl Pts',(75.1158736809202,85.3059643214595,20.0919393286491));
#2735=CARTESIAN_POINT('Ctrl Pts',(75.6452046429202,86.1828394394595,20.0919393286491));
#2736=CARTESIAN_POINT('Ctrl Pts',(75.8668022299202,86.6465731134595,20.0919393286491));
#2737=CARTESIAN_POINT('Ctrl Pts',(76.0385370569202,87.1280905144596,20.0919393286491));
#2738=CARTESIAN_POINT('Ctrl Pts',(75.4528692569202,87.3369709374595,27.1991694026491));
#2739=CARTESIAN_POINT('Ctrl Pts',(75.6101838999202,87.7780564144595,27.1991694026491));
#2740=CARTESIAN_POINT('Ctrl Pts',(75.7223313769202,88.2369742744595,27.1991694026491));
#2741=CARTESIAN_POINT('Ctrl Pts',(75.8559161319202,89.1708726674595,27.1991694026491));
#2742=CARTESIAN_POINT('Ctrl Pts',(75.8773367829202,89.6458205444595,27.1991694026491));
#2743=CARTESIAN_POINT('Ctrl Pts',(75.8299237819202,90.5912204924595,27.1991694026491));
#2744=CARTESIAN_POINT('Ctrl Pts',(75.7610916589202,91.0616420784595,27.1991694026491));
#2745=CARTESIAN_POINT('Ctrl Pts',(75.5347398319202,91.9774891984596,27.1991694026491));
#2746=CARTESIAN_POINT('Ctrl Pts',(75.3772403779202,92.4228829794595,27.1991694026491));
#2747=CARTESIAN_POINT('Ctrl Pts',(74.9759269429202,93.2691503904595,27.1991694026491));
#2748=CARTESIAN_POINT('Ctrl Pts',(74.7307236899202,93.6729536394595,27.1991694026491));
#2749=CARTESIAN_POINT('Ctrl Pts',(74.1648164889202,94.4277782124595,27.1991694026491));
#2750=CARTESIAN_POINT('Ctrl Pts',(73.8441243119202,94.7787637644595,27.1991694026491));
#2751=CARTESIAN_POINT('Ctrl Pts',(73.1420995439202,95.4137364244595,27.1991694026491));
#2752=CARTESIAN_POINT('Ctrl Pts',(72.7607895889202,95.6977030574595,27.1991694026491));
#2753=CARTESIAN_POINT('Ctrl Pts',(71.9531329689202,96.1852498544596,27.1991694026491));
#2754=CARTESIAN_POINT('Ctrl Pts',(71.5268230729202,96.3888218854595,27.1991694026491));
#2755=CARTESIAN_POINT('Ctrl Pts',(70.6446501969202,96.7034518584595,27.1991694026491));
#2756=CARTESIAN_POINT('Ctrl Pts',(70.1857332989202,96.8155989914595,27.1991694026491));
#2757=CARTESIAN_POINT('Ctrl Pts',(69.2518349049202,96.9491837464595,27.1991694026491));
#2758=CARTESIAN_POINT('Ctrl Pts',(68.7768870279202,96.9706043974595,27.1991694026491));
#2759=CARTESIAN_POINT('Ctrl Pts',(67.8314870809202,96.9231913964595,27.1991694026491));
#2760=CARTESIAN_POINT('Ctrl Pts',(67.3610654939202,96.8543592734596,27.1991694026491));
#2761=CARTESIAN_POINT('Ctrl Pts',(66.4452183749202,96.6280074464595,27.1991694026491));
#2762=CARTESIAN_POINT('Ctrl Pts',(65.9998245929202,96.4705079924595,27.1991694026491));
#2763=CARTESIAN_POINT('Ctrl Pts',(65.1535571819202,96.0691945574595,27.1991694026491));
#2764=CARTESIAN_POINT('Ctrl Pts',(64.7497539339202,95.8239913044595,27.1991694026491));
#2765=CARTESIAN_POINT('Ctrl Pts',(63.9949293609202,95.2580841034595,27.1991694026491));
#2766=CARTESIAN_POINT('Ctrl Pts',(63.6439438079202,94.9373919264595,27.1991694026491));
#2767=CARTESIAN_POINT('Ctrl Pts',(63.0089711489202,94.2353671584595,27.1991694026491));
#2768=CARTESIAN_POINT('Ctrl Pts',(62.7250045159202,93.8540572034595,27.1991694026491));
#2769=CARTESIAN_POINT('Ctrl Pts',(62.2374577189202,93.0464005834595,27.1991694026491));
#2770=CARTESIAN_POINT('Ctrl Pts',(62.0338856879202,92.6200906874595,27.1991694026491));
#2771=CARTESIAN_POINT('Ctrl Pts',(61.7192557139202,91.7379178114595,27.1991694026491));
#2772=CARTESIAN_POINT('Ctrl Pts',(61.6071085819202,91.2790009134595,27.1991694026491));
#2773=CARTESIAN_POINT('Ctrl Pts',(61.4735238269202,90.3451025194595,27.1991694026491));
#2774=CARTESIAN_POINT('Ctrl Pts',(61.4521031759202,89.8701546424595,27.1991694026491));
#2775=CARTESIAN_POINT('Ctrl Pts',(61.4995161759202,88.9247546954595,27.1991694026491));
#2776=CARTESIAN_POINT('Ctrl Pts',(61.5683482989202,88.4543331084595,27.1991694026491));
#2777=CARTESIAN_POINT('Ctrl Pts',(61.7947001259202,87.5384859894595,27.1991694026491));
#2778=CARTESIAN_POINT('Ctrl Pts',(61.9521995809202,87.0930922074595,27.1991694026491));
#2779=CARTESIAN_POINT('Ctrl Pts',(62.3535130159202,86.2468247964595,27.1991694026491));
#2780=CARTESIAN_POINT('Ctrl Pts',(62.5987162689202,85.8430215484595,27.1991694026491));
#2781=CARTESIAN_POINT('Ctrl Pts',(63.1646234699202,85.0881969744595,27.1991694026491));
#2782=CARTESIAN_POINT('Ctrl Pts',(63.4853156459202,84.7372114224596,27.1991694026491));
#2783=CARTESIAN_POINT('Ctrl Pts',(64.1873404149202,84.1022387634595,27.1991694026491));
#2784=CARTESIAN_POINT('Ctrl Pts',(64.5686503689202,83.8182721304595,27.1991694026491));
#2785=CARTESIAN_POINT('Ctrl Pts',(65.3763069899202,83.3307253334595,27.1991694026491));
#2786=CARTESIAN_POINT('Ctrl Pts',(65.8026168849202,83.1271533024595,27.1991694026491));
#2787=CARTESIAN_POINT('Ctrl Pts',(66.6847897619202,82.8125233284595,27.1991694026491));
#2788=CARTESIAN_POINT('Ctrl Pts',(67.1437066599202,82.7003761964595,27.1991694026491));
#2789=CARTESIAN_POINT('Ctrl Pts',(68.0776050529202,82.5667914414595,27.1991694026491));
#2790=CARTESIAN_POINT('Ctrl Pts',(68.5525529299202,82.5453707904595,27.1991694026491));
#2791=CARTESIAN_POINT('Ctrl Pts',(69.4979528779202,82.5927837904595,27.1991694026491));
#2792=CARTESIAN_POINT('Ctrl Pts',(69.9683744639202,82.6616159134595,27.1991694026491));
#2793=CARTESIAN_POINT('Ctrl Pts',(70.8842215839202,82.8879677404595,27.1991694026491));
#2794=CARTESIAN_POINT('Ctrl Pts',(71.3296153659202,83.0454671954595,27.1991694026491));
#2795=CARTESIAN_POINT('Ctrl Pts',(72.1758827759202,83.4467806304595,27.1991694026491));
#2796=CARTESIAN_POINT('Ctrl Pts',(72.5796860249202,83.6919838834595,27.1991694026491));
#2797=CARTESIAN_POINT('Ctrl Pts',(73.3345105979202,84.2578910844595,27.1991694026491));
#2798=CARTESIAN_POINT('Ctrl Pts',(73.6854961499202,84.5785832604595,27.1991694026491));
#2799=CARTESIAN_POINT('Ctrl Pts',(74.3204688099202,85.2806080294596,27.1991694026491));
#2800=CARTESIAN_POINT('Ctrl Pts',(74.6044354429202,85.6619179834595,27.1991694026491));
#2801=CARTESIAN_POINT('Ctrl Pts',(75.0919822399202,86.4695746044595,27.1991694026491));
#2802=CARTESIAN_POINT('Ctrl Pts',(75.2955546139202,86.8958854614595,27.1991694026491));
#2803=CARTESIAN_POINT('Ctrl Pts',(75.4528692569202,87.3369709374595,27.1991694026491));
#2804=CARTESIAN_POINT('',(75.4528692569202,87.3369709374595,27.1991694026491));
#2805=CARTESIAN_POINT('',(75.4528692569202,87.3369709374595,27.1991694026491));
#2806=CARTESIAN_POINT('',(61.8764602959202,92.1786946674595,27.1991694026491));
#2807=CARTESIAN_POINT('Ctrl Pts',(75.4528692569037,87.3369709374633,27.1991694026491));
#2808=CARTESIAN_POINT('Ctrl Pts',(75.4529060611077,87.3370741306533,27.1991694026491));
#2809=CARTESIAN_POINT('Ctrl Pts',(75.4529428627799,87.337177324652,27.1991694026491));
#2810=CARTESIAN_POINT('Ctrl Pts',(75.6102731709202,87.7783743394595,27.1991694026491));
#2811=CARTESIAN_POINT('Ctrl Pts',(75.7223994769202,88.2372982644595,27.1991694026491));
#2812=CARTESIAN_POINT('Ctrl Pts',(75.8559417729202,89.1712041424595,27.1991694026491));
#2813=CARTESIAN_POINT('Ctrl Pts',(75.8773412509202,89.6461533784595,27.1991694026491));
#2814=CARTESIAN_POINT('Ctrl Pts',(75.8536136369202,90.1188522854595,27.1991694026491));
#2815=CARTESIAN_POINT('Ctrl Pts',(75.8298860219202,90.5915511924595,27.1991694026491));
#2816=CARTESIAN_POINT('Ctrl Pts',(75.7610329579202,91.0619693364595,27.1991694026491));
#2817=CARTESIAN_POINT('Ctrl Pts',(75.6478363049202,91.5198870324596,27.1991694026491));
#2818=CARTESIAN_POINT('Ctrl Pts',(75.5346396529202,91.9778047294595,27.1991694026491));
#2819=CARTESIAN_POINT('Ctrl Pts',(75.3771203819202,92.4231890004596,27.1991694026491));
#2820=CARTESIAN_POINT('Ctrl Pts',(75.1764428209202,92.8463136614595,27.1991694026491));
#2821=CARTESIAN_POINT('Ctrl Pts',(74.9757652599202,93.2694383214595,27.1991694026491));
#2822=CARTESIAN_POINT('Ctrl Pts',(74.7305427479202,93.6732308894595,27.1991694026491));
#2823=CARTESIAN_POINT('Ctrl Pts',(74.1646002319202,94.4280307314595,27.1991694026491));
#2824=CARTESIAN_POINT('Ctrl Pts',(73.8438921229202,94.7790022734595,27.1991694026491));
#2825=CARTESIAN_POINT('Ctrl Pts',(73.4928655629202,95.0964729184595,27.1991694026491));
#2826=CARTESIAN_POINT('Ctrl Pts',(73.1418390029202,95.4139435644595,27.1991694026491));
#2827=CARTESIAN_POINT('Ctrl Pts',(72.7605166749202,95.6978929554595,27.1991694026491));
#2828=CARTESIAN_POINT('Ctrl Pts',(72.3566778459202,95.9416475424595,27.1991694026491));
#2829=CARTESIAN_POINT('Ctrl Pts',(71.9528390169202,96.1854021304595,27.1991694026491));
#2830=CARTESIAN_POINT('Ctrl Pts',(71.5265218329202,96.3889534244595,27.1991694026491));
#2831=CARTESIAN_POINT('Ctrl Pts',(71.0854270529202,96.5462472764595,27.1991694026491));
#2832=CARTESIAN_POINT('Ctrl Pts',(70.6443322719202,96.7035411294596,27.1991694026491));
#2833=CARTESIAN_POINT('Ctrl Pts',(70.1854093079202,96.8156670914595,27.1991694026491));
#2834=CARTESIAN_POINT('Ctrl Pts',(69.7184563689202,96.8824382394595,27.1991694026491));
#2835=CARTESIAN_POINT('Ctrl Pts',(69.2515034309202,96.9492093874595,27.1991694026491));
#2836=CARTESIAN_POINT('Ctrl Pts',(68.7765541949202,96.9706088654595,27.1991694026491));
#2837=CARTESIAN_POINT('Ctrl Pts',(68.3038552869202,96.9468812514596,27.1991694026491));
#2838=CARTESIAN_POINT('Ctrl Pts',(67.8311563799202,96.9231536364595,27.1991694026491));
#2839=CARTESIAN_POINT('Ctrl Pts',(67.3607382369202,96.8543005724595,27.1991694026491));
#2840=CARTESIAN_POINT('Ctrl Pts',(66.9028205399202,96.7411039194595,27.1991694026491));
#2841=CARTESIAN_POINT('Ctrl Pts',(66.4449028439202,96.6279072674595,27.1991694026491));
#2842=CARTESIAN_POINT('Ctrl Pts',(65.9995185719202,96.4703879964596,27.1991694026491));
#2843=CARTESIAN_POINT('Ctrl Pts',(65.1532692519202,96.0690328744595,27.1991694026491));
#2844=CARTESIAN_POINT('Ctrl Pts',(64.7494766829202,95.8238103624595,27.1991694026491));
#2845=CARTESIAN_POINT('Ctrl Pts',(63.9946768409202,95.2578678464595,27.1991694026491));
#2846=CARTESIAN_POINT('Ctrl Pts',(63.6437052999202,94.9371597374596,27.1991694026491));
#2847=CARTESIAN_POINT('Ctrl Pts',(63.3262346539202,94.5861331774595,27.1991694026491));
#2848=CARTESIAN_POINT('Ctrl Pts',(63.0087640089202,94.2351066174595,27.1991694026491));
#2849=CARTESIAN_POINT('Ctrl Pts',(62.7248146179202,93.8537842894595,27.1991694026491));
#2850=CARTESIAN_POINT('Ctrl Pts',(62.2373054419202,93.0461066314595,27.1991694026491));
#2851=CARTESIAN_POINT('Ctrl Pts',(62.0337541489202,92.6197894474595,27.1991694026491));
#2852=CARTESIAN_POINT('Ctrl Pts',(61.8764602959202,92.1786946674595,27.1991694026491));
#2853=CARTESIAN_POINT('Ctrl Pts',(61.8764602959202,92.1786946674595,27.1991694026491));
#2854=CARTESIAN_POINT('Ctrl Pts',(61.7191664439202,91.7375998864595,27.1991694026491));
#2855=CARTESIAN_POINT('Ctrl Pts',(61.6070404809202,91.2786769224595,27.1991694026491));
#2856=CARTESIAN_POINT('Ctrl Pts',(61.5402693329202,90.8117239834595,27.1991694026491));
#2857=CARTESIAN_POINT('Ctrl Pts',(61.4734981849202,90.3447710454595,27.1991694026491));
#2858=CARTESIAN_POINT('Ctrl Pts',(61.4520987069202,89.8698218094596,27.1991694026491));
#2859=CARTESIAN_POINT('Ctrl Pts',(61.4758263219202,89.3971229014595,27.1991694026491));
#2860=CARTESIAN_POINT('Ctrl Pts',(61.4995539369202,88.9244239944595,27.1991694026491));
#2861=CARTESIAN_POINT('Ctrl Pts',(61.5684070009202,88.4540058504595,27.1991694026491));
#2862=CARTESIAN_POINT('Ctrl Pts',(61.6816036529202,87.9960881544595,27.1991694026491));
#2863=CARTESIAN_POINT('Ctrl Pts',(61.7948003059202,87.5381704574595,27.1991694026491));
#2864=CARTESIAN_POINT('Ctrl Pts',(61.9523195769202,87.0927861864595,27.1991694026491));
#2865=CARTESIAN_POINT('Ctrl Pts',(62.1529971379202,86.6696615264595,27.1991694026491));
#2866=CARTESIAN_POINT('Ctrl Pts',(62.3536746989202,86.2465368654595,27.1991694026491));
#2867=CARTESIAN_POINT('Ctrl Pts',(62.5988972099202,85.8427442974595,27.1991694026491));
#2868=CARTESIAN_POINT('Ctrl Pts',(63.1648397259202,85.0879444554595,27.1991694026491));
#2869=CARTESIAN_POINT('Ctrl Pts',(63.4855478359202,84.7369729144596,27.1991694026491));
#2870=CARTESIAN_POINT('Ctrl Pts',(63.8365743959202,84.4195022684595,27.1991694026491));
#2871=CARTESIAN_POINT('Ctrl Pts',(64.1876009559202,84.1020316234595,27.1991694026491));
#2872=CARTESIAN_POINT('Ctrl Pts',(64.5689232839202,83.8180822324595,27.1991694026491));
#2873=CARTESIAN_POINT('Ctrl Pts',(65.3766009419202,83.3305730564595,27.1991694026491));
#2874=CARTESIAN_POINT('Ctrl Pts',(65.8029181249202,83.1270217624595,27.1991694026491));
#2875=CARTESIAN_POINT('Ctrl Pts',(66.2440129059202,82.9697279104595,27.1991694026491));
#2876=CARTESIAN_POINT('Ctrl Pts',(66.6851076859202,82.8124340574595,27.1991694026491));
#2877=CARTESIAN_POINT('Ctrl Pts',(67.1440306499202,82.7003080954595,27.1991694026491));
#2878=CARTESIAN_POINT('Ctrl Pts',(68.0779365279202,82.5667657994595,27.1991694026491));
#2879=CARTESIAN_POINT('Ctrl Pts',(68.5528857639202,82.5453663214595,27.1991694026491));
#2880=CARTESIAN_POINT('Ctrl Pts',(69.4982835779202,82.5928215514595,27.1991694026491));
#2881=CARTESIAN_POINT('Ctrl Pts',(69.9687017219202,82.6616746154595,27.1991694026491));
#2882=CARTESIAN_POINT('Ctrl Pts',(70.4266194189202,82.7748712674595,27.1991694026491));
#2883=CARTESIAN_POINT('Ctrl Pts',(70.8845371149202,82.8880679204595,27.1991694026491));
#2884=CARTESIAN_POINT('Ctrl Pts',(71.3299213869202,83.0455871914595,27.1991694026491));
#2885=CARTESIAN_POINT('Ctrl Pts',(72.1761707069202,83.4469423134595,27.1991694026491));
#2886=CARTESIAN_POINT('Ctrl Pts',(72.5799632749202,83.6921648244595,27.1991694026491));
#2887=CARTESIAN_POINT('Ctrl Pts',(73.3347631169202,84.2581073404595,27.1991694026491));
#2888=CARTESIAN_POINT('Ctrl Pts',(73.6857346589202,84.5788154504595,27.1991694026491));
#2889=CARTESIAN_POINT('Ctrl Pts',(74.0032053039202,84.9298420104596,27.1991694026491));
#2890=CARTESIAN_POINT('Ctrl Pts',(74.3206759499202,85.2808685704595,27.1991694026491));
#2891=CARTESIAN_POINT('Ctrl Pts',(74.6046253409202,85.6621908974596,27.1991694026491));
#2892=CARTESIAN_POINT('Ctrl Pts',(74.8483799279202,86.0660297274595,27.1991694026491));
#2893=CARTESIAN_POINT('Ctrl Pts',(75.0920774890324,86.4697740775339,27.1991694026491));
#2894=CARTESIAN_POINT('Ctrl Pts',(75.2955909080705,86.895987224675,27.1991694026491));
#2895=CARTESIAN_POINT('Ctrl Pts',(75.4528692569037,87.3369709374633,27.1991694026491));
#2896=CARTESIAN_POINT('Origin',(71.0938954949202,89.7579875934595,20.0919393286491));
#2897=CARTESIAN_POINT('',(71.7156975549202,93.2296716404595,27.1991694026491));
#2898=CARTESIAN_POINT('',(71.0938954949202,86.5800784824596,20.0919393286491));
#2899=CARTESIAN_POINT('Origin',(-17.5792248940798,34.6795370714595,29.0919393286491));
#2900=CARTESIAN_POINT('',(73.2812934659199,92.9929971065442,29.0919393286474));
#2901=CARTESIAN_POINT('',(73.2812934659201,86.5284650420141,29.0919393286482));
#2902=CARTESIAN_POINT('Ctrl Pts',(73.2812934658527,92.9929971064965,29.0919393286491));
#2903=CARTESIAN_POINT('Ctrl Pts',(73.6811610435611,92.4299580050551,29.0919393286491));
#2904=CARTESIAN_POINT('Ctrl Pts',(73.9037023544544,91.899461349551,29.0919393286491));
#2905=CARTESIAN_POINT('Ctrl Pts',(74.2105137848204,90.9103314456078,29.0919393286491));
#2906=CARTESIAN_POINT('Ctrl Pts',(74.2968483018209,90.330613824984,29.0919393286491));
#2907=CARTESIAN_POINT('Ctrl Pts',(74.2978573711671,89.1784805691368,29.0919393286491));
#2908=CARTESIAN_POINT('Ctrl Pts',(74.2142586444864,88.6023851372285,29.0919393286491));
#2909=CARTESIAN_POINT('Ctrl Pts',(73.8732342225687,87.514881333074,29.0919393286491));
#2910=CARTESIAN_POINT('Ctrl Pts',(73.6206513730313,87.0088296297394,29.0919393286491));
#2911=CARTESIAN_POINT('Ctrl Pts',(73.2812934658832,86.5284650420401,29.0919393286491));
#2912=CARTESIAN_POINT('',(73.2812934659202,86.5284650664595,29.0919393286491));
#2913=CARTESIAN_POINT('Origin',(70.6647199789202,89.7579875934595,30.0919393286491));
#2914=CARTESIAN_POINT('',(70.0938954949202,91.1570792084595,30.0919393286491));
#2915=CARTESIAN_POINT('',(70.0938954949202,88.3588959784595,30.0919393286491));
#2916=CARTESIAN_POINT('',(70.0938954949202,91.1570792084595,30.0919393286491));
#2917=CARTESIAN_POINT('Origin',(68.6647199789202,89.7579875934595,30.0919393286491));
#2918=CARTESIAN_POINT('Origin',(68.6647199789202,89.7579875934595,30.0919393286491));
#2919=CARTESIAN_POINT('',(70.0938954949202,87.1202883414595,29.0919393286491));
#2920=CARTESIAN_POINT('',(70.0938954949202,92.3956868464595,29.0919393286491));
#2921=CARTESIAN_POINT('Origin',(68.6647199789202,89.7579875934595,29.0919393286491));
#2922=CARTESIAN_POINT('Ctrl Pts',(70.0938954949202,92.3956868460598,29.0919393281988));
#2923=CARTESIAN_POINT('Ctrl Pts',(70.0938954949202,91.6525222633316,29.7453542162411));
#2924=CARTESIAN_POINT('Ctrl Pts',(70.0938954949202,91.157079208142,30.091939328197));
#2925=CARTESIAN_POINT('Ctrl Pts',(70.0938954949202,88.3588959787771,30.091939328197));
#2926=CARTESIAN_POINT('Ctrl Pts',(70.0938954949202,87.8634529237639,29.7453542163645));
#2927=CARTESIAN_POINT('Ctrl Pts',(70.0938954949202,87.1202883414233,29.0919393286947));
#2928=CARTESIAN_POINT('Origin',(70.0938954949202,94.4011756664595,20.0919393286491));
#2929=CARTESIAN_POINT('',(70.0938954949202,92.3956868464595,20.0919393286491));
#2930=CARTESIAN_POINT('',(70.0938954949202,92.3956868464595,20.0919393286491));
#2931=CARTESIAN_POINT('',(70.0938954949202,87.1202883414595,20.0919393286491));
#2932=CARTESIAN_POINT('',(70.0938954949202,92.3956868464595,20.0919393286491));
#2933=CARTESIAN_POINT('',(70.0938954949202,87.1202883414595,29.0919393286491));
#2934=CARTESIAN_POINT('Origin',(68.6647199789202,89.7579875934595,17.4857091246491));
#2935=CARTESIAN_POINT('Origin',(68.6647199789202,89.7579875934595,20.0919393286491));
#2936=CARTESIAN_POINT('Origin',(-17.5792248940798,34.6795370714595,20.0919393286491));
#2937=CARTESIAN_POINT('Ctrl Pts',(61.8764602959202,92.1786946674595,27.1991694026491));
#2938=CARTESIAN_POINT('Ctrl Pts',(61.5583492299202,91.2866246414595,27.1991694036491));
#2939=CARTESIAN_POINT('Ctrl Pts',(61.4286374249202,90.3381495444595,27.1991694026491));
#2940=CARTESIAN_POINT('Ctrl Pts',(61.5229781479202,88.4568351544595,27.1991694026491));
#2941=CARTESIAN_POINT('Ctrl Pts',(61.7464876689202,87.5269950344595,27.1991694036491));
#2942=CARTESIAN_POINT('Ctrl Pts',(62.5589388529202,85.8135252664595,27.1991694016491));
#2943=CARTESIAN_POINT('Ctrl Pts',(63.1378473969202,85.0514887604595,27.1991694026491));
#2944=CARTESIAN_POINT('Ctrl Pts',(64.5348379029202,83.7879349784595,27.1991694026491));
#2945=CARTESIAN_POINT('Ctrl Pts',(65.3516664799202,83.2879781024595,27.1991694026491));
#2946=CARTESIAN_POINT('Ctrl Pts',(67.1358443509202,82.6516613724595,27.1991694026491));
#2947=CARTESIAN_POINT('Ctrl Pts',(68.0846917139202,82.5219203504595,27.1991694026491));
#2948=CARTESIAN_POINT('Ctrl Pts',(69.9656031319202,82.6162236524595,27.1991694026491));
#2949=CARTESIAN_POINT('Ctrl Pts',(70.8956583699202,82.8397339174595,27.1991694036491));
#2950=CARTESIAN_POINT('Ctrl Pts',(72.6091860599202,83.6522039284595,27.1991694016491));
#2951=CARTESIAN_POINT('Ctrl Pts',(73.3715236629202,84.2314083284595,27.1991694016491));
#2952=CARTESIAN_POINT('Ctrl Pts',(74.6347785619202,85.6281558534595,27.1991694036491));
#2953=CARTESIAN_POINT('Ctrl Pts',(75.1342502269202,86.4436990084595,27.1991694036491));
#2954=CARTESIAN_POINT('Ctrl Pts',(75.7713501299202,88.2298555134595,27.1991694026491));
#2955=CARTESIAN_POINT('Ctrl Pts',(75.9007877599202,89.1782588134595,27.1991694026491));
#2956=CARTESIAN_POINT('Ctrl Pts',(75.8064710939202,91.0588163544595,27.1991694026491));
#2957=CARTESIAN_POINT('Ctrl Pts',(75.5825173129202,91.9900795814595,27.1991694026491));
#2958=CARTESIAN_POINT('Ctrl Pts',(74.7704578059202,93.7023590774595,27.1991694036491));
#2959=CARTESIAN_POINT('Ctrl Pts',(74.1914569069202,94.4646533754595,27.1991694016491));
#2960=CARTESIAN_POINT('Ctrl Pts',(72.7943532949202,95.7282209434595,27.1991694036491));
#2961=CARTESIAN_POINT('Ctrl Pts',(71.9784096769202,96.2277040294595,27.1991694036491));
#2962=CARTESIAN_POINT('Ctrl Pts',(70.1937990659202,96.8643073814596,27.1991694016491));
#2963=CARTESIAN_POINT('Ctrl Pts',(69.2444299899202,96.9940862414595,27.1991694016491));
#2964=CARTESIAN_POINT('Ctrl Pts',(67.3634087839202,96.8996826944595,27.1991694036491));
#2965=CARTESIAN_POINT('Ctrl Pts',(66.4333407579202,96.6760747994595,27.1991694026491));
#2966=CARTESIAN_POINT('Ctrl Pts',(64.7201978859202,95.8637021384595,27.1991694026491));
#2967=CARTESIAN_POINT('Ctrl Pts',(63.9578345149202,95.2844976474595,27.1991694016491));
#2968=CARTESIAN_POINT('Ctrl Pts',(62.6945924229202,93.8877218574595,27.1991694036491));
#2969=CARTESIAN_POINT('Ctrl Pts',(62.1945713619202,93.0707646924595,27.1991694016491));
#2970=CARTESIAN_POINT('Ctrl Pts',(61.8764602959202,92.1786946674595,27.1991694026491));
#2971=CARTESIAN_POINT('Ctrl Pts',(63.3511015469202,91.6528394234595,29.0919393286491));
#2972=CARTESIAN_POINT('Ctrl Pts',(63.1064653159202,90.9668128114595,29.0919393286491));
#2973=CARTESIAN_POINT('Ctrl Pts',(63.0021990769202,90.2185288234595,29.0919393286491));
#2974=CARTESIAN_POINT('Ctrl Pts',(63.0766788189202,88.7332761224596,29.0919393286491));
#2975=CARTESIAN_POINT('Ctrl Pts',(63.2549447079202,87.9998678354595,29.0919393286491));
#2976=CARTESIAN_POINT('Ctrl Pts',(63.8797422269202,86.6821619664595,29.0919393286491));
#2977=CARTESIAN_POINT('Ctrl Pts',(64.3350982579202,86.0795912494595,29.0919393286491));
#2978=CARTESIAN_POINT('Ctrl Pts',(65.4379888409202,85.0820457694595,29.0919393286491));
#2979=CARTESIAN_POINT('Ctrl Pts',(66.0836296159202,84.6891121634596,29.0919393286491));
#2980=CARTESIAN_POINT('Ctrl Pts',(67.4557106509202,84.1997673924595,29.0919393286491));
#2981=CARTESIAN_POINT('Ctrl Pts',(68.2042842869202,84.0954787814595,29.0919393286491));
#2982=CARTESIAN_POINT('Ctrl Pts',(69.6892188589202,84.1699289754595,29.0919393286491));
#2983=CARTESIAN_POINT('Ctrl Pts',(70.4227979669202,84.3481958394595,29.0919393286491));
#2984=CARTESIAN_POINT('Ctrl Pts',(71.7405486059202,84.9730079414595,29.0919393286491));
#2985=CARTESIAN_POINT('Ctrl Pts',(72.3433569849202,85.4285974154595,29.0919393286491));
#2986=CARTESIAN_POINT('Ctrl Pts',(73.3406665259202,86.5312962164595,29.0919393286491));
#2987=CARTESIAN_POINT('Ctrl Pts',(73.7332270849202,87.1759480734595,29.0919393286491));
#2988=CARTESIAN_POINT('Ctrl Pts',(74.2231736819202,88.5495494154596,29.0919393286491));
#2989=CARTESIAN_POINT('Ctrl Pts',(74.3272292189202,89.2977883414596,29.0919393286491));
#2990=CARTESIAN_POINT('Ctrl Pts',(74.2527684669202,90.7824435284596,29.0919393286491));
#2991=CARTESIAN_POINT('Ctrl Pts',(74.0741605859202,91.5169532054595,29.0919393286491));
#2992=CARTESIAN_POINT('Ctrl Pts',(73.4496645909202,92.8337429914595,29.0919393286491));
#2993=CARTESIAN_POINT('Ctrl Pts',(72.9942346329202,93.4365157264595,29.0919393286491));
#2994=CARTESIAN_POINT('Ctrl Pts',(71.8912546999202,94.4340721184595,29.0919393286491));
#2995=CARTESIAN_POINT('Ctrl Pts',(71.2463004939202,94.8266373224595,29.0919393286491));
#2996=CARTESIAN_POINT('Ctrl Pts',(69.8738848699202,95.3162031814595,29.0919393286491));
#2997=CARTESIAN_POINT('Ctrl Pts',(69.1249044409202,95.4205212124595,29.0919393286491));
#2998=CARTESIAN_POINT('Ctrl Pts',(67.6398831469202,95.3459918504595,29.0919393286491));
#2999=CARTESIAN_POINT('Ctrl Pts',(66.9063022619202,95.1676509954595,29.0919393286491));
#3000=CARTESIAN_POINT('Ctrl Pts',(65.5888489979202,94.5429144234595,29.0919393286491));
#3001=CARTESIAN_POINT('Ctrl Pts',(64.9860184249202,94.0873231534596,29.0919393286491));
#3002=CARTESIAN_POINT('Ctrl Pts',(63.9887189639202,92.9846019924595,29.0919393286491));
#3003=CARTESIAN_POINT('Ctrl Pts',(63.5957377779202,92.3388660354595,29.0919393286491));
#3004=CARTESIAN_POINT('Ctrl Pts',(63.3511015469202,91.6528394234595,29.0919393286491));
#3005=CARTESIAN_POINT('',(63.0939464109202,91.7445406264595,28.7618688736491));
#3006=CARTESIAN_POINT('Ctrl Pts',(63.0939464106314,91.7445406266148,28.7618688739172));
#3007=CARTESIAN_POINT('Ctrl Pts',(61.8764602959202,92.1786946674595,27.1991694026491));
#3008=CARTESIAN_POINT('',(73.0037762269202,85.7455966414595,28.7564272846491));
#3009=CARTESIAN_POINT('Ctrl Pts',(73.0037762266983,85.7455966416645,28.7564272841854));
#3010=CARTESIAN_POINT('Ctrl Pts',(72.730828283426,85.4502978228861,28.756533216049));
#3011=CARTESIAN_POINT('Ctrl Pts',(72.4285007487802,85.1824769903989,28.7577562790422));
#3012=CARTESIAN_POINT('Ctrl Pts',(71.7790164717197,84.7154293725223,28.7606418640581));
#3013=CARTESIAN_POINT('Ctrl Pts',(71.4320409251496,84.5153045538578,28.7622087005447));
#3014=CARTESIAN_POINT('Ctrl Pts',(70.3556334451908,84.0382630939378,28.7609780224662));
#3015=CARTESIAN_POINT('Ctrl Pts',(69.5841291098691,83.8689192970051,28.7559945388393));
#3016=CARTESIAN_POINT('Ctrl Pts',(68.0698513407961,83.8316415040621,28.7569119673463));
#3017=CARTESIAN_POINT('Ctrl Pts',(67.3296079325679,83.9488468541677,28.7621222408248));
#3018=CARTESIAN_POINT('Ctrl Pts',(66.275386361697,84.3342827512201,28.7617252041597));
#3019=CARTESIAN_POINT('Ctrl Pts',(65.9289110945665,84.5021210029753,28.7600118106213));
#3020=CARTESIAN_POINT('Ctrl Pts',(64.9410156666181,85.1045213658076,28.7559726281504));
#3021=CARTESIAN_POINT('Ctrl Pts',(64.3606032075834,85.6352255989782,28.756183855201));
#3022=CARTESIAN_POINT('Ctrl Pts',(63.6732116891967,86.5648917809991,28.7602989065947));
#3023=CARTESIAN_POINT('Ctrl Pts',(63.4754625869503,86.8946040781695,28.7619249361514));
#3024=CARTESIAN_POINT('Ctrl Pts',(62.9991506514837,87.9079827054441,28.7617568453705));
#3025=CARTESIAN_POINT('Ctrl Pts',(62.8160942515799,88.6325208625454,28.7567273224224));
#3026=CARTESIAN_POINT('Ctrl Pts',(62.7411376479121,89.7719785840665,28.7562779853144));
#3027=CARTESIAN_POINT('Ctrl Pts',(62.7552417153451,90.1779925653125,28.7572481618587));
#3028=CARTESIAN_POINT('Ctrl Pts',(62.8647595875002,90.975905908139,28.7600536632837));
#3029=CARTESIAN_POINT('Ctrl Pts',(62.959370585807,91.3671554722075,28.7618680197629));
#3030=CARTESIAN_POINT('Ctrl Pts',(63.0939464103525,91.744540626662,28.7618688735805));
#3031=CARTESIAN_POINT('Ctrl Pts',(73.2812934659002,86.5284650420294,29.0919393286249));
#3032=CARTESIAN_POINT('Ctrl Pts',(73.239413003954,86.3965836688757,29.0413068005951));
#3033=CARTESIAN_POINT('Ctrl Pts',(73.1955288255261,86.2661910232271,28.9882518248237));
#3034=CARTESIAN_POINT('Ctrl Pts',(73.1030055918579,86.0051910769956,28.8763933351027));
#3035=CARTESIAN_POINT('Ctrl Pts',(73.0542134012053,85.8745123875212,28.8174046839148));
#3036=CARTESIAN_POINT('Ctrl Pts',(73.0037762265322,85.745596641734,28.7564272843899));
#3037=CARTESIAN_POINT('',(73.0042231329202,93.7705535024595,28.7569675846491));
#3038=CARTESIAN_POINT('Ctrl Pts',(73.0042231331487,93.7705535024056,28.7569675843468));
#3039=CARTESIAN_POINT('Ctrl Pts',(73.0546599997061,93.6423400242117,28.8179446113669));
#3040=CARTESIAN_POINT('Ctrl Pts',(73.103438042899,93.5124162994554,28.8769161585859));
#3041=CARTESIAN_POINT('Ctrl Pts',(73.1958046601932,93.253209324174,28.9885853026651));
#3042=CARTESIAN_POINT('Ctrl Pts',(73.2395674511952,93.1238325021303,29.0414935238045));
#3043=CARTESIAN_POINT('Ctrl Pts',(73.2812934658836,92.9929971065162,29.0919393286048));
#3044=CARTESIAN_POINT('Ctrl Pts',(63.0939464103525,91.744540626662,28.7618688735805));
#3045=CARTESIAN_POINT('Ctrl Pts',(63.2521859552226,92.1882849267704,28.7618698775109));
#3046=CARTESIAN_POINT('Ctrl Pts',(63.4652940674902,92.6117180573191,28.7594098655893));
#3047=CARTESIAN_POINT('Ctrl Pts',(63.9870720460889,93.4011289226793,28.756469622702));
#3048=CARTESIAN_POINT('Ctrl Pts',(64.2960692194687,93.7658821724427,28.7559994340923));
#3049=CARTESIAN_POINT('Ctrl Pts',(64.8740427950698,94.3041502683955,28.7575696034525));
#3050=CARTESIAN_POINT('Ctrl Pts',(65.1210056665713,94.5004066519675,28.7587598287431));
#3051=CARTESIAN_POINT('Ctrl Pts',(66.1594113802112,95.1979750710733,28.7632289200148));
#3052=CARTESIAN_POINT('Ctrl Pts',(66.9059786815382,95.4333186755879,28.7597668283806));
#3053=CARTESIAN_POINT('Ctrl Pts',(67.8621086167663,95.626313766758,28.7567321209379));
#3054=CARTESIAN_POINT('Ctrl Pts',(68.2513577670057,95.6660285618466,28.756150515661));
#3055=CARTESIAN_POINT('Ctrl Pts',(69.1881826273066,95.6706080941107,28.7571431015344));
#3056=CARTESIAN_POINT('Ctrl Pts',(69.9969499500592,95.6026405937312,28.7633136170659));
#3057=CARTESIAN_POINT('Ctrl Pts',(71.2918672396368,95.0732883172405,28.7608840080218));
#3058=CARTESIAN_POINT('Ctrl Pts',(71.670394829702,94.8667790931327,28.7587796448909));
#3059=CARTESIAN_POINT('Ctrl Pts',(72.379539839007,94.3747495758628,28.7563584805195));
#3060=CARTESIAN_POINT('Ctrl Pts',(72.7090023178515,94.0887555955101,28.7560870251556));
#3061=CARTESIAN_POINT('Ctrl Pts',(73.0042231331272,93.7705535026503,28.7569675841643));
#3062=CARTESIAN_POINT('Origin',(73.2812934659202,34.6795370714595,29.0919393286491));
#3063=CARTESIAN_POINT('Ctrl Pts',(73.0042231331426,93.7705535028476,28.7569675843394));
#3064=CARTESIAN_POINT('Ctrl Pts',(72.3133998925371,93.5001125718222,27.9217779644495));
#3065=CARTESIAN_POINT('Ctrl Pts',(71.7156975549232,93.2296716407101,27.1991694029287));
#3066=CARTESIAN_POINT('Ctrl Pts',(71.7156975547985,86.2863035462654,27.1991694027779));
#3067=CARTESIAN_POINT('Ctrl Pts',(72.3132065558824,86.015950093661,27.9215442248216));
#3068=CARTESIAN_POINT('Ctrl Pts',(73.0037762267669,85.7455966411433,28.7564272846735));
#3069=CARTESIAN_POINT('Origin',(68.6647199789202,89.7579875934595,27.1991694026491));
#3070=UNCERTAINTY_MEASURE_WITH_UNIT(LENGTH_MEASURE(0.01),#3074,
'DISTANCE_ACCURACY_VALUE',
'Maximum model space distance between geometric entities at asserted c
onnectivities');
#3071=UNCERTAINTY_MEASURE_WITH_UNIT(LENGTH_MEASURE(0.01),#3074,
'DISTANCE_ACCURACY_VALUE',
'Maximum model space distance between geometric entities at asserted c
onnectivities');
#3072=(
GEOMETRIC_REPRESENTATION_CONTEXT(3)
GLOBAL_UNCERTAINTY_ASSIGNED_CONTEXT((#3070))
GLOBAL_UNIT_ASSIGNED_CONTEXT((#3074,#3076,#3077))
REPRESENTATION_CONTEXT('','3D')
);
#3073=(
GEOMETRIC_REPRESENTATION_CONTEXT(3)
GLOBAL_UNCERTAINTY_ASSIGNED_CONTEXT((#3071))
GLOBAL_UNIT_ASSIGNED_CONTEXT((#3074,#3076,#3077))
REPRESENTATION_CONTEXT('','3D')
);
#3074=(
LENGTH_UNIT()
NAMED_UNIT(*)
SI_UNIT(.MILLI.,.METRE.)
);
#3075=(
LENGTH_UNIT()
NAMED_UNIT(*)
SI_UNIT($,.METRE.)
);
#3076=(
NAMED_UNIT(*)
PLANE_ANGLE_UNIT()
SI_UNIT($,.RADIAN.)
);
#3077=(
NAMED_UNIT(*)
SI_UNIT($,.STERADIAN.)
SOLID_ANGLE_UNIT()
);
#3078=SHAPE_DEFINITION_REPRESENTATION(#3079,#3080);
#3079=PRODUCT_DEFINITION_SHAPE('',$,#3082);
#3080=SHAPE_REPRESENTATION('',(#267),#3072);
#3081=PRODUCT_DEFINITION_CONTEXT('part definition',#3086,'design');
#3082=PRODUCT_DEFINITION('2026-09-20-23-57-24-034','EC11 Knob',#3083,#3081);
#3083=PRODUCT_DEFINITION_FORMATION('',$,#3088);
#3084=PRODUCT_RELATED_PRODUCT_CATEGORY('EC11 Knob','EC11 Knob',(#3088));
#3085=APPLICATION_PROTOCOL_DEFINITION('international standard',
'automotive_design',2009,#3086);
#3086=APPLICATION_CONTEXT(
'Core Data for Automotive Mechanical Design Process');
#3087=PRODUCT_CONTEXT('part definition',#3086,'mechanical');
#3088=PRODUCT('2026-09-20-23-57-24-034','EC11 Knob',$,(#3087));
#3089=PRESENTATION_STYLE_ASSIGNMENT((#3090));
#3090=SURFACE_STYLE_USAGE(.BOTH.,#3091);
#3091=SURFACE_SIDE_STYLE('',(#3092));
#3092=SURFACE_STYLE_FILL_AREA(#3093);
#3093=FILL_AREA_STYLE('Steel - Satin',(#3094));
#3094=FILL_AREA_STYLE_COLOUR('Steel - Satin',#3095);
#3095=COLOUR_RGB('Steel - Satin',0.627450980392157,0.627450980392157,0.627450980392157);
ENDSEC;
END-ISO-10303-21;
