ISO-10303-21;
HEADER;
/* Generated by software containing ST-Developer
 * from STEP Tools, Inc. (www.steptools.com) 
 */

FILE_DESCRIPTION(
/* description */ (''),
/* implementation_level */ '2;1');

FILE_NAME(
/* name */ 'Top.step',
/* time_stamp */ '2026-10-03T13:32:08-04:00',
/* author */ (''),
/* organization */ (''),
/* preprocessor_version */ 'ST-DEVELOPER v20.2',
/* originating_system */ 'Autodesk Translation Framework v15.15.0.0',
/* authorisation */ '');

FILE_SCHEMA (('AUTOMOTIVE_DESIGN { 1 0 10303 214 3 1 1 }'));
ENDSEC;

DATA;
#10=MECHANICAL_DESIGN_GEOMETRIC_PRESENTATION_REPRESENTATION('',(#13),#4989);
#11=SHAPE_REPRESENTATION_RELATIONSHIP('SRR','None',#4996,#12);
#12=ADVANCED_BREP_SHAPE_REPRESENTATION('',(#14),#4988);
#13=STYLED_ITEM('',(#5005),#14);
#14=MANIFOLD_SOLID_BREP('Body1',#2965);
#15=CONICAL_SURFACE('',#3016,1.25,0.78539816339745);
#16=CONICAL_SURFACE('',#3020,1.25,0.78539816339745);
#17=CONICAL_SURFACE('',#3029,2.5,0.78539816339745);
#18=CONICAL_SURFACE('',#3033,2.5,0.78539816339745);
#19=CONICAL_SURFACE('',#3103,5.24999999999998,0.78539816339745);
#20=CONICAL_SURFACE('',#3107,5.25000000000002,0.785398163397447);
#21=CONICAL_SURFACE('',#3111,5.24999999999998,0.785398163397447);
#22=CONICAL_SURFACE('',#3115,5.25000000000021,0.785398163397449);
#23=CONICAL_SURFACE('',#3119,5.25000000000007,0.785398163397447);
#24=CONICAL_SURFACE('',#3134,3.14999999999998,0.785398163397449);
#25=CONICAL_SURFACE('',#3136,3.15,0.785398163397448);
#26=CONICAL_SURFACE('',#3138,3.15000000000001,0.785398163397447);
#27=CONICAL_SURFACE('',#3140,3.15,0.785398163397448);
#28=CONICAL_SURFACE('',#3143,3.14999999999998,0.785398163397448);
#29=CYLINDRICAL_SURFACE('',#3007,2.39999999999999);
#30=CYLINDRICAL_SURFACE('',#3010,2.40000000000001);
#31=CYLINDRICAL_SURFACE('',#3012,2.4);
#32=CYLINDRICAL_SURFACE('',#3025,1.);
#33=CYLINDRICAL_SURFACE('',#3026,1.);
#34=CYLINDRICAL_SURFACE('',#3038,2.);
#35=CYLINDRICAL_SURFACE('',#3041,2.);
#36=CYLINDRICAL_SURFACE('',#3123,6.00000000000001);
#37=CYLINDRICAL_SURFACE('',#3125,5.99999999999998);
#38=CYLINDRICAL_SURFACE('',#3146,2.4);
#39=CYLINDRICAL_SURFACE('',#3148,2.39999999999999);
#40=CYLINDRICAL_SURFACE('',#3150,2.4);
#41=CYLINDRICAL_SURFACE('',#3152,2.39999999999998);
#42=CYLINDRICAL_SURFACE('',#3187,6.00000000000007);
#43=CYLINDRICAL_SURFACE('',#3189,6.00000000000021);
#44=CYLINDRICAL_SURFACE('',#3191,5.99999999999998);
#45=CYLINDRICAL_SURFACE('',#3192,2.40000000000001);
#46=CYLINDRICAL_SURFACE('',#3193,2.35);
#47=CYLINDRICAL_SURFACE('',#3194,2.34999999999999);
#48=CYLINDRICAL_SURFACE('',#3195,2.34999999999999);
#49=CYLINDRICAL_SURFACE('',#3196,2.35);
#50=CYLINDRICAL_SURFACE('',#3197,2.35);
#51=CYLINDRICAL_SURFACE('',#3198,0.499999999999998);
#52=CYLINDRICAL_SURFACE('',#3199,0.499999999999999);
#53=CYLINDRICAL_SURFACE('',#3201,0.499999999999998);
#54=CYLINDRICAL_SURFACE('',#3202,0.499999999999998);
#55=CYLINDRICAL_SURFACE('',#3204,0.499999999999998);
#56=CYLINDRICAL_SURFACE('',#3206,0.499999999999998);
#57=CYLINDRICAL_SURFACE('',#3208,0.500000000000003);
#58=CYLINDRICAL_SURFACE('',#3210,0.499999999999998);
#59=CYLINDRICAL_SURFACE('',#3212,0.499999999999998);
#60=CYLINDRICAL_SURFACE('',#3214,0.499999999999998);
#61=CYLINDRICAL_SURFACE('',#3216,0.500000000000003);
#62=CYLINDRICAL_SURFACE('',#3218,0.499999999999998);
#63=CYLINDRICAL_SURFACE('',#3220,0.499999999999998);
#64=CYLINDRICAL_SURFACE('',#3222,0.499999999999998);
#65=CYLINDRICAL_SURFACE('',#3224,0.500000000000003);
#66=CYLINDRICAL_SURFACE('',#3226,0.500000000000003);
#67=CYLINDRICAL_SURFACE('',#3228,0.499999999999998);
#68=CYLINDRICAL_SURFACE('',#3230,0.5);
#69=CYLINDRICAL_SURFACE('',#3232,0.500000000000003);
#70=CYLINDRICAL_SURFACE('',#3234,0.499999999999998);
#71=CYLINDRICAL_SURFACE('',#3238,0.5);
#72=CYLINDRICAL_SURFACE('',#3240,0.499999999999998);
#73=CYLINDRICAL_SURFACE('',#3242,0.499999999999998);
#74=CYLINDRICAL_SURFACE('',#3244,0.499999999999998);
#75=CYLINDRICAL_SURFACE('',#3246,0.5);
#76=CYLINDRICAL_SURFACE('',#3248,0.499999999999998);
#77=CYLINDRICAL_SURFACE('',#3250,0.499999999999998);
#78=CYLINDRICAL_SURFACE('',#3252,0.500000000000003);
#79=CYLINDRICAL_SURFACE('',#3254,0.5);
#80=CYLINDRICAL_SURFACE('',#3256,0.5);
#81=CYLINDRICAL_SURFACE('',#3258,0.499999999999998);
#82=CYLINDRICAL_SURFACE('',#3260,0.499999999999998);
#83=FACE_BOUND('',#396,.T.);
#84=FACE_BOUND('',#432,.T.);
#85=FACE_BOUND('',#433,.T.);
#86=FACE_BOUND('',#434,.T.);
#87=FACE_BOUND('',#435,.T.);
#88=FACE_BOUND('',#436,.T.);
#89=FACE_BOUND('',#437,.T.);
#90=FACE_BOUND('',#438,.T.);
#91=FACE_BOUND('',#439,.T.);
#92=FACE_BOUND('',#440,.T.);
#93=FACE_BOUND('',#441,.T.);
#94=FACE_BOUND('',#442,.T.);
#95=FACE_BOUND('',#443,.T.);
#96=FACE_BOUND('',#444,.T.);
#97=FACE_BOUND('',#469,.T.);
#98=FACE_BOUND('',#488,.T.);
#99=FACE_BOUND('',#489,.T.);
#100=FACE_BOUND('',#490,.T.);
#101=FACE_BOUND('',#491,.T.);
#102=FACE_BOUND('',#492,.T.);
#103=FACE_BOUND('',#493,.T.);
#104=FACE_BOUND('',#494,.T.);
#105=FACE_BOUND('',#495,.T.);
#106=CIRCLE('',#2985,1.);
#107=CIRCLE('',#2987,2.40000000000001);
#108=CIRCLE('',#2988,2.4);
#109=CIRCLE('',#2989,2.39999999999999);
#110=CIRCLE('',#2991,1.);
#111=CIRCLE('',#2994,2.39999999999999);
#112=CIRCLE('',#2995,2.4);
#113=CIRCLE('',#2996,2.40000000000001);
#114=CIRCLE('',#3003,1.);
#115=CIRCLE('',#3005,1.);
#116=CIRCLE('',#3008,2.39999999999998);
#117=CIRCLE('',#3011,2.40000000000001);
#118=CIRCLE('',#3013,2.4);
#119=CIRCLE('',#3017,1.5);
#120=CIRCLE('',#3018,1.);
#121=CIRCLE('',#3021,1.5);
#122=CIRCLE('',#3022,1.);
#123=CIRCLE('',#3030,2.);
#124=CIRCLE('',#3031,3.);
#125=CIRCLE('',#3034,2.);
#126=CIRCLE('',#3035,3.);
#127=CIRCLE('',#3039,2.);
#128=CIRCLE('',#3042,2.);
#129=CIRCLE('',#3044,2.40000000000001);
#130=CIRCLE('',#3045,2.4);
#131=CIRCLE('',#3046,2.39999999999999);
#132=CIRCLE('',#3047,6.00000000000001);
#133=CIRCLE('',#3048,5.99999999999998);
#134=CIRCLE('',#3049,6.00000000000007);
#135=CIRCLE('',#3050,6.00000000000021);
#136=CIRCLE('',#3051,5.99999999999998);
#137=CIRCLE('',#3052,0.499999999999998);
#138=CIRCLE('',#3053,0.499999999999998);
#139=CIRCLE('',#3054,0.499999999999999);
#140=CIRCLE('',#3055,0.499999999999998);
#141=CIRCLE('',#3056,0.5);
#142=CIRCLE('',#3057,0.5);
#143=CIRCLE('',#3058,0.499999999999998);
#144=CIRCLE('',#3059,0.499999999999998);
#145=CIRCLE('',#3060,0.5);
#146=CIRCLE('',#3061,0.499999999999998);
#147=CIRCLE('',#3062,0.499999999999998);
#148=CIRCLE('',#3063,0.500000000000003);
#149=CIRCLE('',#3064,0.5);
#150=CIRCLE('',#3065,0.499999999999998);
#151=CIRCLE('',#3066,0.499999999999998);
#152=CIRCLE('',#3067,0.499999999999998);
#153=CIRCLE('',#3068,0.499999999999998);
#154=CIRCLE('',#3069,0.5);
#155=CIRCLE('',#3070,0.500000000000003);
#156=CIRCLE('',#3071,0.499999999999998);
#157=CIRCLE('',#3072,0.499999999999998);
#158=CIRCLE('',#3073,0.499999999999998);
#159=CIRCLE('',#3074,0.500000000000003);
#160=CIRCLE('',#3075,0.500000000000003);
#161=CIRCLE('',#3076,0.499999999999998);
#162=CIRCLE('',#3077,0.499999999999998);
#163=CIRCLE('',#3078,0.500000000000003);
#164=CIRCLE('',#3079,0.499999999999998);
#165=CIRCLE('',#3080,0.499999999999998);
#166=CIRCLE('',#3081,0.499999999999998);
#167=CIRCLE('',#3082,0.500000000000003);
#168=CIRCLE('',#3083,0.499999999999998);
#169=CIRCLE('',#3084,2.35);
#170=CIRCLE('',#3085,2.35);
#171=CIRCLE('',#3086,2.34999999999999);
#172=CIRCLE('',#3087,2.34999999999999);
#173=CIRCLE('',#3088,2.35);
#174=CIRCLE('',#3091,2.35);
#175=CIRCLE('',#3093,2.34999999999999);
#176=CIRCLE('',#3095,2.35);
#177=CIRCLE('',#3097,2.34999999999999);
#178=CIRCLE('',#3099,2.35);
#179=CIRCLE('',#3104,4.49999999999997);
#180=CIRCLE('',#3105,5.99999999999998);
#181=CIRCLE('',#3108,4.50000000000002);
#182=CIRCLE('',#3109,6.00000000000001);
#183=CIRCLE('',#3112,4.49999999999998);
#184=CIRCLE('',#3113,5.99999999999998);
#185=CIRCLE('',#3116,4.50000000000021);
#186=CIRCLE('',#3117,6.00000000000021);
#187=CIRCLE('',#3120,4.50000000000007);
#188=CIRCLE('',#3121,6.00000000000007);
#189=CIRCLE('',#3128,3.89999999999999);
#190=CIRCLE('',#3129,3.9);
#191=CIRCLE('',#3130,3.90000000000001);
#192=CIRCLE('',#3131,3.9);
#193=CIRCLE('',#3132,3.89999999999998);
#194=CIRCLE('',#3141,2.4);
#195=CIRCLE('',#3144,2.39999999999998);
#196=CIRCLE('',#3151,2.4);
#197=CIRCLE('',#3153,2.39999999999998);
#198=CIRCLE('',#3155,0.499999999999998);
#199=CIRCLE('',#3156,0.500000000000003);
#200=CIRCLE('',#3157,0.499999999999998);
#201=CIRCLE('',#3158,0.499999999999998);
#202=CIRCLE('',#3159,0.499999999999998);
#203=CIRCLE('',#3160,0.500000000000003);
#204=CIRCLE('',#3161,0.499999999999998);
#205=CIRCLE('',#3162,0.499999999999998);
#206=CIRCLE('',#3163,0.500000000000003);
#207=CIRCLE('',#3164,0.500000000000003);
#208=CIRCLE('',#3165,0.499999999999998);
#209=CIRCLE('',#3166,0.499999999999998);
#210=CIRCLE('',#3167,0.499999999999998);
#211=CIRCLE('',#3168,0.500000000000003);
#212=CIRCLE('',#3169,0.5);
#213=CIRCLE('',#3170,0.499999999999998);
#214=CIRCLE('',#3171,0.499999999999998);
#215=CIRCLE('',#3172,0.499999999999999);
#216=CIRCLE('',#3173,0.499999999999998);
#217=CIRCLE('',#3174,0.499999999999998);
#218=CIRCLE('',#3175,0.499999999999998);
#219=CIRCLE('',#3176,0.499999999999998);
#220=CIRCLE('',#3177,0.499999999999998);
#221=CIRCLE('',#3178,0.5);
#222=CIRCLE('',#3179,0.500000000000003);
#223=CIRCLE('',#3180,0.499999999999998);
#224=CIRCLE('',#3181,0.499999999999998);
#225=CIRCLE('',#3182,0.5);
#226=CIRCLE('',#3183,0.499999999999998);
#227=CIRCLE('',#3184,0.499999999999998);
#228=CIRCLE('',#3185,0.5);
#229=CIRCLE('',#3186,0.5);
#230=FACE_OUTER_BOUND('',#389,.T.);
#231=FACE_OUTER_BOUND('',#390,.T.);
#232=FACE_OUTER_BOUND('',#391,.T.);
#233=FACE_OUTER_BOUND('',#392,.T.);
#234=FACE_OUTER_BOUND('',#393,.T.);
#235=FACE_OUTER_BOUND('',#394,.T.);
#236=FACE_OUTER_BOUND('',#395,.T.);
#237=FACE_OUTER_BOUND('',#397,.T.);
#238=FACE_OUTER_BOUND('',#398,.T.);
#239=FACE_OUTER_BOUND('',#399,.T.);
#240=FACE_OUTER_BOUND('',#400,.T.);
#241=FACE_OUTER_BOUND('',#401,.T.);
#242=FACE_OUTER_BOUND('',#402,.T.);
#243=FACE_OUTER_BOUND('',#403,.T.);
#244=FACE_OUTER_BOUND('',#404,.T.);
#245=FACE_OUTER_BOUND('',#405,.T.);
#246=FACE_OUTER_BOUND('',#406,.T.);
#247=FACE_OUTER_BOUND('',#407,.T.);
#248=FACE_OUTER_BOUND('',#408,.T.);
#249=FACE_OUTER_BOUND('',#409,.T.);
#250=FACE_OUTER_BOUND('',#410,.T.);
#251=FACE_OUTER_BOUND('',#411,.T.);
#252=FACE_OUTER_BOUND('',#412,.T.);
#253=FACE_OUTER_BOUND('',#413,.T.);
#254=FACE_OUTER_BOUND('',#414,.T.);
#255=FACE_OUTER_BOUND('',#415,.T.);
#256=FACE_OUTER_BOUND('',#416,.T.);
#257=FACE_OUTER_BOUND('',#417,.T.);
#258=FACE_OUTER_BOUND('',#418,.T.);
#259=FACE_OUTER_BOUND('',#419,.T.);
#260=FACE_OUTER_BOUND('',#420,.T.);
#261=FACE_OUTER_BOUND('',#421,.T.);
#262=FACE_OUTER_BOUND('',#422,.T.);
#263=FACE_OUTER_BOUND('',#423,.T.);
#264=FACE_OUTER_BOUND('',#424,.T.);
#265=FACE_OUTER_BOUND('',#425,.T.);
#266=FACE_OUTER_BOUND('',#426,.T.);
#267=FACE_OUTER_BOUND('',#427,.T.);
#268=FACE_OUTER_BOUND('',#428,.T.);
#269=FACE_OUTER_BOUND('',#429,.T.);
#270=FACE_OUTER_BOUND('',#430,.T.);
#271=FACE_OUTER_BOUND('',#431,.T.);
#272=FACE_OUTER_BOUND('',#445,.T.);
#273=FACE_OUTER_BOUND('',#446,.T.);
#274=FACE_OUTER_BOUND('',#447,.T.);
#275=FACE_OUTER_BOUND('',#448,.T.);
#276=FACE_OUTER_BOUND('',#449,.T.);
#277=FACE_OUTER_BOUND('',#450,.T.);
#278=FACE_OUTER_BOUND('',#451,.T.);
#279=FACE_OUTER_BOUND('',#452,.T.);
#280=FACE_OUTER_BOUND('',#453,.T.);
#281=FACE_OUTER_BOUND('',#454,.T.);
#282=FACE_OUTER_BOUND('',#455,.T.);
#283=FACE_OUTER_BOUND('',#456,.T.);
#284=FACE_OUTER_BOUND('',#457,.T.);
#285=FACE_OUTER_BOUND('',#458,.T.);
#286=FACE_OUTER_BOUND('',#459,.T.);
#287=FACE_OUTER_BOUND('',#460,.T.);
#288=FACE_OUTER_BOUND('',#461,.T.);
#289=FACE_OUTER_BOUND('',#462,.T.);
#290=FACE_OUTER_BOUND('',#463,.T.);
#291=FACE_OUTER_BOUND('',#464,.T.);
#292=FACE_OUTER_BOUND('',#465,.T.);
#293=FACE_OUTER_BOUND('',#466,.T.);
#294=FACE_OUTER_BOUND('',#467,.T.);
#295=FACE_OUTER_BOUND('',#468,.T.);
#296=FACE_OUTER_BOUND('',#470,.T.);
#297=FACE_OUTER_BOUND('',#471,.T.);
#298=FACE_OUTER_BOUND('',#472,.T.);
#299=FACE_OUTER_BOUND('',#473,.T.);
#300=FACE_OUTER_BOUND('',#474,.T.);
#301=FACE_OUTER_BOUND('',#475,.T.);
#302=FACE_OUTER_BOUND('',#476,.T.);
#303=FACE_OUTER_BOUND('',#477,.T.);
#304=FACE_OUTER_BOUND('',#478,.T.);
#305=FACE_OUTER_BOUND('',#479,.T.);
#306=FACE_OUTER_BOUND('',#480,.T.);
#307=FACE_OUTER_BOUND('',#481,.T.);
#308=FACE_OUTER_BOUND('',#482,.T.);
#309=FACE_OUTER_BOUND('',#483,.T.);
#310=FACE_OUTER_BOUND('',#484,.T.);
#311=FACE_OUTER_BOUND('',#485,.T.);
#312=FACE_OUTER_BOUND('',#486,.T.);
#313=FACE_OUTER_BOUND('',#487,.T.);
#314=FACE_OUTER_BOUND('',#496,.T.);
#315=FACE_OUTER_BOUND('',#497,.T.);
#316=FACE_OUTER_BOUND('',#498,.T.);
#317=FACE_OUTER_BOUND('',#499,.T.);
#318=FACE_OUTER_BOUND('',#500,.T.);
#319=FACE_OUTER_BOUND('',#501,.T.);
#320=FACE_OUTER_BOUND('',#502,.T.);
#321=FACE_OUTER_BOUND('',#503,.T.);
#322=FACE_OUTER_BOUND('',#504,.T.);
#323=FACE_OUTER_BOUND('',#505,.T.);
#324=FACE_OUTER_BOUND('',#506,.T.);
#325=FACE_OUTER_BOUND('',#507,.T.);
#326=FACE_OUTER_BOUND('',#508,.T.);
#327=FACE_OUTER_BOUND('',#509,.T.);
#328=FACE_OUTER_BOUND('',#510,.T.);
#329=FACE_OUTER_BOUND('',#511,.T.);
#330=FACE_OUTER_BOUND('',#512,.T.);
#331=FACE_OUTER_BOUND('',#513,.T.);
#332=FACE_OUTER_BOUND('',#514,.T.);
#333=FACE_OUTER_BOUND('',#515,.T.);
#334=FACE_OUTER_BOUND('',#516,.T.);
#335=FACE_OUTER_BOUND('',#517,.T.);
#336=FACE_OUTER_BOUND('',#518,.T.);
#337=FACE_OUTER_BOUND('',#519,.T.);
#338=FACE_OUTER_BOUND('',#520,.T.);
#339=FACE_OUTER_BOUND('',#521,.T.);
#340=FACE_OUTER_BOUND('',#522,.T.);
#341=FACE_OUTER_BOUND('',#523,.T.);
#342=FACE_OUTER_BOUND('',#524,.T.);
#343=FACE_OUTER_BOUND('',#525,.T.);
#344=FACE_OUTER_BOUND('',#526,.T.);
#345=FACE_OUTER_BOUND('',#527,.T.);
#346=FACE_OUTER_BOUND('',#528,.T.);
#347=FACE_OUTER_BOUND('',#529,.T.);
#348=FACE_OUTER_BOUND('',#530,.T.);
#349=FACE_OUTER_BOUND('',#531,.T.);
#350=FACE_OUTER_BOUND('',#532,.T.);
#351=FACE_OUTER_BOUND('',#533,.T.);
#352=FACE_OUTER_BOUND('',#534,.T.);
#353=FACE_OUTER_BOUND('',#535,.T.);
#354=FACE_OUTER_BOUND('',#536,.T.);
#355=FACE_OUTER_BOUND('',#537,.T.);
#356=FACE_OUTER_BOUND('',#538,.T.);
#357=FACE_OUTER_BOUND('',#539,.T.);
#358=FACE_OUTER_BOUND('',#540,.T.);
#359=FACE_OUTER_BOUND('',#541,.T.);
#360=FACE_OUTER_BOUND('',#542,.T.);
#361=FACE_OUTER_BOUND('',#543,.T.);
#362=FACE_OUTER_BOUND('',#544,.T.);
#363=FACE_OUTER_BOUND('',#545,.T.);
#364=FACE_OUTER_BOUND('',#546,.T.);
#365=FACE_OUTER_BOUND('',#547,.T.);
#366=FACE_OUTER_BOUND('',#548,.T.);
#367=FACE_OUTER_BOUND('',#549,.T.);
#368=FACE_OUTER_BOUND('',#550,.T.);
#369=FACE_OUTER_BOUND('',#551,.T.);
#370=FACE_OUTER_BOUND('',#552,.T.);
#371=FACE_OUTER_BOUND('',#553,.T.);
#372=FACE_OUTER_BOUND('',#554,.T.);
#373=FACE_OUTER_BOUND('',#555,.T.);
#374=FACE_OUTER_BOUND('',#556,.T.);
#375=FACE_OUTER_BOUND('',#557,.T.);
#376=FACE_OUTER_BOUND('',#558,.T.);
#377=FACE_OUTER_BOUND('',#559,.T.);
#378=FACE_OUTER_BOUND('',#560,.T.);
#379=FACE_OUTER_BOUND('',#561,.T.);
#380=FACE_OUTER_BOUND('',#562,.T.);
#381=FACE_OUTER_BOUND('',#563,.T.);
#382=FACE_OUTER_BOUND('',#564,.T.);
#383=FACE_OUTER_BOUND('',#565,.T.);
#384=FACE_OUTER_BOUND('',#566,.T.);
#385=FACE_OUTER_BOUND('',#567,.T.);
#386=FACE_OUTER_BOUND('',#568,.T.);
#387=FACE_OUTER_BOUND('',#569,.T.);
#388=FACE_OUTER_BOUND('',#570,.T.);
#389=EDGE_LOOP('',(#1867,#1868,#1869,#1870));
#390=EDGE_LOOP('',(#1871,#1872,#1873,#1874));
#391=EDGE_LOOP('',(#1875,#1876,#1877,#1878));
#392=EDGE_LOOP('',(#1879,#1880,#1881,#1882));
#393=EDGE_LOOP('',(#1883,#1884,#1885,#1886));
#394=EDGE_LOOP('',(#1887,#1888,#1889,#1890,#1891));
#395=EDGE_LOOP('',(#1892,#1893,#1894,#1895,#1896,#1897,#1898,#1899));
#396=EDGE_LOOP('',(#1900,#1901,#1902,#1903));
#397=EDGE_LOOP('',(#1904,#1905,#1906,#1907,#1908));
#398=EDGE_LOOP('',(#1909,#1910,#1911,#1912));
#399=EDGE_LOOP('',(#1913,#1914,#1915,#1916,#1917,#1918,#1919,#1920,#1921,
#1922,#1923,#1924,#1925,#1926));
#400=EDGE_LOOP('',(#1927,#1928,#1929,#1930));
#401=EDGE_LOOP('',(#1931,#1932,#1933,#1934));
#402=EDGE_LOOP('',(#1935,#1936,#1937,#1938));
#403=EDGE_LOOP('',(#1939,#1940,#1941,#1942));
#404=EDGE_LOOP('',(#1943,#1944,#1945,#1946,#1947,#1948,#1949));
#405=EDGE_LOOP('',(#1950,#1951,#1952,#1953,#1954,#1955,#1956));
#406=EDGE_LOOP('',(#1957,#1958,#1959,#1960,#1961));
#407=EDGE_LOOP('',(#1962,#1963,#1964,#1965,#1966,#1967,#1968));
#408=EDGE_LOOP('',(#1969,#1970,#1971,#1972));
#409=EDGE_LOOP('',(#1973,#1974,#1975,#1976));
#410=EDGE_LOOP('',(#1977,#1978,#1979,#1980));
#411=EDGE_LOOP('',(#1981,#1982,#1983,#1984));
#412=EDGE_LOOP('',(#1985,#1986,#1987,#1988));
#413=EDGE_LOOP('',(#1989,#1990,#1991,#1992));
#414=EDGE_LOOP('',(#1993,#1994,#1995,#1996));
#415=EDGE_LOOP('',(#1997,#1998,#1999,#2000));
#416=EDGE_LOOP('',(#2001,#2002,#2003,#2004));
#417=EDGE_LOOP('',(#2005,#2006,#2007,#2008));
#418=EDGE_LOOP('',(#2009,#2010,#2011,#2012));
#419=EDGE_LOOP('',(#2013,#2014,#2015,#2016));
#420=EDGE_LOOP('',(#2017,#2018,#2019,#2020,#2021,#2022,#2023,#2024));
#421=EDGE_LOOP('',(#2025,#2026,#2027,#2028,#2029,#2030));
#422=EDGE_LOOP('',(#2031,#2032,#2033,#2034));
#423=EDGE_LOOP('',(#2035,#2036,#2037,#2038));
#424=EDGE_LOOP('',(#2039,#2040,#2041,#2042));
#425=EDGE_LOOP('',(#2043,#2044,#2045,#2046));
#426=EDGE_LOOP('',(#2047,#2048,#2049,#2050));
#427=EDGE_LOOP('',(#2051,#2052,#2053,#2054));
#428=EDGE_LOOP('',(#2055,#2056,#2057,#2058));
#429=EDGE_LOOP('',(#2059,#2060,#2061,#2062));
#430=EDGE_LOOP('',(#2063,#2064,#2065,#2066));
#431=EDGE_LOOP('',(#2067,#2068,#2069,#2070,#2071,#2072,#2073,#2074,#2075,
#2076,#2077,#2078,#2079,#2080,#2081,#2082,#2083,#2084,#2085,#2086,#2087,
#2088,#2089,#2090,#2091,#2092,#2093,#2094,#2095,#2096));
#432=EDGE_LOOP('',(#2097,#2098,#2099,#2100,#2101,#2102,#2103,#2104));
#433=EDGE_LOOP('',(#2105,#2106,#2107,#2108,#2109,#2110,#2111,#2112));
#434=EDGE_LOOP('',(#2113,#2114,#2115,#2116,#2117,#2118,#2119,#2120));
#435=EDGE_LOOP('',(#2121,#2122,#2123,#2124,#2125,#2126,#2127,#2128));
#436=EDGE_LOOP('',(#2129,#2130,#2131,#2132,#2133,#2134,#2135,#2136));
#437=EDGE_LOOP('',(#2137,#2138,#2139,#2140,#2141,#2142,#2143,#2144));
#438=EDGE_LOOP('',(#2145,#2146,#2147,#2148,#2149,#2150,#2151,#2152));
#439=EDGE_LOOP('',(#2153,#2154,#2155,#2156,#2157,#2158,#2159,#2160));
#440=EDGE_LOOP('',(#2161));
#441=EDGE_LOOP('',(#2162));
#442=EDGE_LOOP('',(#2163));
#443=EDGE_LOOP('',(#2164));
#444=EDGE_LOOP('',(#2165));
#445=EDGE_LOOP('',(#2166,#2167,#2168,#2169));
#446=EDGE_LOOP('',(#2170));
#447=EDGE_LOOP('',(#2171));
#448=EDGE_LOOP('',(#2172));
#449=EDGE_LOOP('',(#2173));
#450=EDGE_LOOP('',(#2174));
#451=EDGE_LOOP('',(#2175,#2176,#2177,#2178,#2179,#2180,#2181,#2182,#2183,
#2184,#2185,#2186));
#452=EDGE_LOOP('',(#2187,#2188,#2189,#2190));
#453=EDGE_LOOP('',(#2191,#2192,#2193,#2194));
#454=EDGE_LOOP('',(#2195,#2196,#2197,#2198));
#455=EDGE_LOOP('',(#2199,#2200,#2201,#2202));
#456=EDGE_LOOP('',(#2203,#2204,#2205,#2206));
#457=EDGE_LOOP('',(#2207,#2208,#2209,#2210));
#458=EDGE_LOOP('',(#2211,#2212,#2213,#2214));
#459=EDGE_LOOP('',(#2215,#2216,#2217,#2218));
#460=EDGE_LOOP('',(#2219,#2220,#2221,#2222));
#461=EDGE_LOOP('',(#2223,#2224,#2225,#2226));
#462=EDGE_LOOP('',(#2227,#2228,#2229,#2230));
#463=EDGE_LOOP('',(#2231,#2232,#2233,#2234,#2235,#2236,#2237,#2238,#2239,
#2240));
#464=EDGE_LOOP('',(#2241,#2242,#2243,#2244));
#465=EDGE_LOOP('',(#2245,#2246,#2247,#2248));
#466=EDGE_LOOP('',(#2249,#2250,#2251,#2252));
#467=EDGE_LOOP('',(#2253,#2254,#2255,#2256));
#468=EDGE_LOOP('',(#2257,#2258,#2259,#2260,#2261,#2262,#2263,#2264,#2265,
#2266));
#469=EDGE_LOOP('',(#2267,#2268,#2269,#2270,#2271,#2272,#2273,#2274,#2275,
#2276));
#470=EDGE_LOOP('',(#2277,#2278,#2279,#2280));
#471=EDGE_LOOP('',(#2281,#2282,#2283,#2284));
#472=EDGE_LOOP('',(#2285,#2286,#2287,#2288));
#473=EDGE_LOOP('',(#2289,#2290,#2291,#2292));
#474=EDGE_LOOP('',(#2293,#2294,#2295,#2296));
#475=EDGE_LOOP('',(#2297,#2298,#2299,#2300));
#476=EDGE_LOOP('',(#2301,#2302,#2303,#2304));
#477=EDGE_LOOP('',(#2305,#2306,#2307,#2308));
#478=EDGE_LOOP('',(#2309,#2310,#2311,#2312));
#479=EDGE_LOOP('',(#2313,#2314,#2315,#2316));
#480=EDGE_LOOP('',(#2317,#2318,#2319,#2320));
#481=EDGE_LOOP('',(#2321,#2322,#2323,#2324));
#482=EDGE_LOOP('',(#2325,#2326,#2327,#2328));
#483=EDGE_LOOP('',(#2329,#2330,#2331,#2332));
#484=EDGE_LOOP('',(#2333,#2334,#2335,#2336));
#485=EDGE_LOOP('',(#2337,#2338,#2339,#2340));
#486=EDGE_LOOP('',(#2341,#2342,#2343,#2344));
#487=EDGE_LOOP('',(#2345,#2346,#2347,#2348,#2349,#2350));
#488=EDGE_LOOP('',(#2351,#2352,#2353,#2354,#2355,#2356,#2357,#2358));
#489=EDGE_LOOP('',(#2359,#2360,#2361,#2362,#2363,#2364,#2365,#2366));
#490=EDGE_LOOP('',(#2367,#2368,#2369,#2370,#2371,#2372,#2373,#2374));
#491=EDGE_LOOP('',(#2375,#2376,#2377,#2378,#2379,#2380,#2381,#2382));
#492=EDGE_LOOP('',(#2383,#2384,#2385,#2386,#2387,#2388,#2389,#2390));
#493=EDGE_LOOP('',(#2391,#2392,#2393,#2394,#2395,#2396,#2397,#2398));
#494=EDGE_LOOP('',(#2399,#2400,#2401,#2402,#2403,#2404,#2405,#2406));
#495=EDGE_LOOP('',(#2407,#2408,#2409,#2410,#2411,#2412,#2413,#2414));
#496=EDGE_LOOP('',(#2415,#2416,#2417,#2418));
#497=EDGE_LOOP('',(#2419,#2420,#2421,#2422));
#498=EDGE_LOOP('',(#2423,#2424,#2425,#2426));
#499=EDGE_LOOP('',(#2427,#2428,#2429,#2430));
#500=EDGE_LOOP('',(#2431,#2432,#2433,#2434));
#501=EDGE_LOOP('',(#2435,#2436,#2437,#2438));
#502=EDGE_LOOP('',(#2439,#2440,#2441,#2442));
#503=EDGE_LOOP('',(#2443,#2444,#2445,#2446));
#504=EDGE_LOOP('',(#2447,#2448,#2449,#2450));
#505=EDGE_LOOP('',(#2451,#2452,#2453,#2454));
#506=EDGE_LOOP('',(#2455,#2456,#2457,#2458));
#507=EDGE_LOOP('',(#2459,#2460,#2461,#2462));
#508=EDGE_LOOP('',(#2463,#2464,#2465,#2466));
#509=EDGE_LOOP('',(#2467,#2468,#2469,#2470));
#510=EDGE_LOOP('',(#2471,#2472,#2473,#2474));
#511=EDGE_LOOP('',(#2475,#2476,#2477,#2478));
#512=EDGE_LOOP('',(#2479,#2480,#2481,#2482));
#513=EDGE_LOOP('',(#2483,#2484,#2485,#2486));
#514=EDGE_LOOP('',(#2487,#2488,#2489,#2490));
#515=EDGE_LOOP('',(#2491,#2492,#2493,#2494));
#516=EDGE_LOOP('',(#2495,#2496,#2497,#2498));
#517=EDGE_LOOP('',(#2499,#2500,#2501,#2502));
#518=EDGE_LOOP('',(#2503,#2504,#2505,#2506));
#519=EDGE_LOOP('',(#2507,#2508,#2509,#2510));
#520=EDGE_LOOP('',(#2511,#2512,#2513,#2514));
#521=EDGE_LOOP('',(#2515,#2516,#2517,#2518));
#522=EDGE_LOOP('',(#2519,#2520,#2521,#2522));
#523=EDGE_LOOP('',(#2523,#2524,#2525,#2526));
#524=EDGE_LOOP('',(#2527,#2528,#2529,#2530));
#525=EDGE_LOOP('',(#2531,#2532,#2533,#2534));
#526=EDGE_LOOP('',(#2535,#2536,#2537,#2538));
#527=EDGE_LOOP('',(#2539,#2540,#2541,#2542));
#528=EDGE_LOOP('',(#2543,#2544,#2545,#2546));
#529=EDGE_LOOP('',(#2547,#2548,#2549,#2550));
#530=EDGE_LOOP('',(#2551,#2552,#2553,#2554));
#531=EDGE_LOOP('',(#2555,#2556,#2557,#2558));
#532=EDGE_LOOP('',(#2559,#2560,#2561,#2562));
#533=EDGE_LOOP('',(#2563,#2564,#2565,#2566));
#534=EDGE_LOOP('',(#2567,#2568,#2569,#2570));
#535=EDGE_LOOP('',(#2571,#2572,#2573,#2574));
#536=EDGE_LOOP('',(#2575,#2576,#2577,#2578));
#537=EDGE_LOOP('',(#2579,#2580,#2581,#2582));
#538=EDGE_LOOP('',(#2583,#2584,#2585,#2586));
#539=EDGE_LOOP('',(#2587,#2588,#2589,#2590));
#540=EDGE_LOOP('',(#2591,#2592,#2593,#2594));
#541=EDGE_LOOP('',(#2595,#2596,#2597,#2598));
#542=EDGE_LOOP('',(#2599,#2600,#2601,#2602));
#543=EDGE_LOOP('',(#2603,#2604,#2605,#2606));
#544=EDGE_LOOP('',(#2607,#2608,#2609,#2610));
#545=EDGE_LOOP('',(#2611,#2612,#2613,#2614));
#546=EDGE_LOOP('',(#2615,#2616,#2617,#2618));
#547=EDGE_LOOP('',(#2619,#2620,#2621,#2622));
#548=EDGE_LOOP('',(#2623,#2624,#2625,#2626));
#549=EDGE_LOOP('',(#2627,#2628,#2629,#2630));
#550=EDGE_LOOP('',(#2631,#2632,#2633,#2634));
#551=EDGE_LOOP('',(#2635,#2636,#2637,#2638));
#552=EDGE_LOOP('',(#2639,#2640,#2641,#2642));
#553=EDGE_LOOP('',(#2643,#2644,#2645,#2646));
#554=EDGE_LOOP('',(#2647,#2648,#2649,#2650));
#555=EDGE_LOOP('',(#2651,#2652,#2653,#2654));
#556=EDGE_LOOP('',(#2655,#2656,#2657,#2658));
#557=EDGE_LOOP('',(#2659,#2660,#2661,#2662));
#558=EDGE_LOOP('',(#2663,#2664,#2665,#2666));
#559=EDGE_LOOP('',(#2667,#2668,#2669,#2670));
#560=EDGE_LOOP('',(#2671,#2672,#2673,#2674));
#561=EDGE_LOOP('',(#2675,#2676,#2677,#2678));
#562=EDGE_LOOP('',(#2679,#2680,#2681,#2682));
#563=EDGE_LOOP('',(#2683,#2684,#2685,#2686));
#564=EDGE_LOOP('',(#2687,#2688,#2689,#2690));
#565=EDGE_LOOP('',(#2691,#2692,#2693,#2694));
#566=EDGE_LOOP('',(#2695,#2696,#2697,#2698));
#567=EDGE_LOOP('',(#2699,#2700,#2701,#2702));
#568=EDGE_LOOP('',(#2703,#2704,#2705,#2706));
#569=EDGE_LOOP('',(#2707,#2708,#2709,#2710));
#570=EDGE_LOOP('',(#2711,#2712,#2713,#2714));
#571=LINE('',#4134,#871);
#572=LINE('',#4136,#872);
#573=LINE('',#4138,#873);
#574=LINE('',#4139,#874);
#575=LINE('',#4143,#875);
#576=LINE('',#4145,#876);
#577=LINE('',#4147,#877);
#578=LINE('',#4148,#878);
#579=LINE('',#4150,#879);
#580=LINE('',#4151,#880);
#581=LINE('',#4153,#881);
#582=LINE('',#4154,#882);
#583=LINE('',#4157,#883);
#584=LINE('',#4159,#884);
#585=LINE('',#4160,#885);
#586=LINE('',#4163,#886);
#587=LINE('',#4166,#887);
#588=LINE('',#4170,#888);
#589=LINE('',#4172,#889);
#590=LINE('',#4176,#890);
#591=LINE('',#4180,#891);
#592=LINE('',#4183,#892);
#593=LINE('',#4186,#893);
#594=LINE('',#4189,#894);
#595=LINE('',#4191,#895);
#596=LINE('',#4194,#896);
#597=LINE('',#4196,#897);
#598=LINE('',#4200,#898);
#599=LINE('',#4204,#899);
#600=LINE('',#4208,#900);
#601=LINE('',#4210,#901);
#602=LINE('',#4212,#902);
#603=LINE('',#4213,#903);
#604=LINE('',#4216,#904);
#605=LINE('',#4218,#905);
#606=LINE('',#4219,#906);
#607=LINE('',#4222,#907);
#608=LINE('',#4224,#908);
#609=LINE('',#4225,#909);
#610=LINE('',#4229,#910);
#611=LINE('',#4231,#911);
#612=LINE('',#4233,#912);
#613=LINE('',#4234,#913);
#614=LINE('',#4237,#914);
#615=LINE('',#4239,#915);
#616=LINE('',#4240,#916);
#617=LINE('',#4243,#917);
#618=LINE('',#4245,#918);
#619=LINE('',#4247,#919);
#620=LINE('',#4248,#920);
#621=LINE('',#4252,#921);
#622=LINE('',#4254,#922);
#623=LINE('',#4255,#923);
#624=LINE('',#4258,#924);
#625=LINE('',#4260,#925);
#626=LINE('',#4262,#926);
#627=LINE('',#4266,#927);
#628=LINE('',#4268,#928);
#629=LINE('',#4270,#929);
#630=LINE('',#4271,#930);
#631=LINE('',#4274,#931);
#632=LINE('',#4278,#932);
#633=LINE('',#4279,#933);
#634=LINE('',#4283,#934);
#635=LINE('',#4286,#935);
#636=LINE('',#4289,#936);
#637=LINE('',#4293,#937);
#638=LINE('',#4295,#938);
#639=LINE('',#4297,#939);
#640=LINE('',#4298,#940);
#641=LINE('',#4302,#941);
#642=LINE('',#4306,#942);
#643=LINE('',#4307,#943);
#644=LINE('',#4312,#944);
#645=LINE('',#4317,#945);
#646=LINE('',#4318,#946);
#647=LINE('',#4319,#947);
#648=LINE('',#4321,#948);
#649=LINE('',#4322,#949);
#650=LINE('',#4325,#950);
#651=LINE('',#4328,#951);
#652=LINE('',#4329,#952);
#653=LINE('',#4333,#953);
#654=LINE('',#4335,#954);
#655=LINE('',#4337,#955);
#656=LINE('',#4338,#956);
#657=LINE('',#4343,#957);
#658=LINE('',#4348,#958);
#659=LINE('',#4349,#959);
#660=LINE('',#4350,#960);
#661=LINE('',#4355,#961);
#662=LINE('',#4360,#962);
#663=LINE('',#4361,#963);
#664=LINE('',#4362,#964);
#665=LINE('',#4365,#965);
#666=LINE('',#4367,#966);
#667=LINE('',#4368,#967);
#668=LINE('',#4371,#968);
#669=LINE('',#4375,#969);
#670=LINE('',#4376,#970);
#671=LINE('',#4379,#971);
#672=LINE('',#4385,#972);
#673=LINE('',#4389,#973);
#674=LINE('',#4391,#974);
#675=LINE('',#4393,#975);
#676=LINE('',#4394,#976);
#677=LINE('',#4396,#977);
#678=LINE('',#4400,#978);
#679=LINE('',#4404,#979);
#680=LINE('',#4408,#980);
#681=LINE('',#4412,#981);
#682=LINE('',#4415,#982);
#683=LINE('',#4416,#983);
#684=LINE('',#4419,#984);
#685=LINE('',#4423,#985);
#686=LINE('',#4427,#986);
#687=LINE('',#4431,#987);
#688=LINE('',#4435,#988);
#689=LINE('',#4439,#989);
#690=LINE('',#4443,#990);
#691=LINE('',#4447,#991);
#692=LINE('',#4451,#992);
#693=LINE('',#4455,#993);
#694=LINE('',#4459,#994);
#695=LINE('',#4463,#995);
#696=LINE('',#4467,#996);
#697=LINE('',#4471,#997);
#698=LINE('',#4475,#998);
#699=LINE('',#4479,#999);
#700=LINE('',#4483,#1000);
#701=LINE('',#4487,#1001);
#702=LINE('',#4491,#1002);
#703=LINE('',#4495,#1003);
#704=LINE('',#4499,#1004);
#705=LINE('',#4503,#1005);
#706=LINE('',#4507,#1006);
#707=LINE('',#4511,#1007);
#708=LINE('',#4515,#1008);
#709=LINE('',#4519,#1009);
#710=LINE('',#4523,#1010);
#711=LINE('',#4527,#1011);
#712=LINE('',#4531,#1012);
#713=LINE('',#4535,#1013);
#714=LINE('',#4539,#1014);
#715=LINE('',#4543,#1015);
#716=LINE('',#4556,#1016);
#717=LINE('',#4577,#1017);
#718=LINE('',#4579,#1018);
#719=LINE('',#4581,#1019);
#720=LINE('',#4582,#1020);
#721=LINE('',#4586,#1021);
#722=LINE('',#4592,#1022);
#723=LINE('',#4593,#1023);
#724=LINE('',#4594,#1024);
#725=LINE('',#4598,#1025);
#726=LINE('',#4604,#1026);
#727=LINE('',#4605,#1027);
#728=LINE('',#4606,#1028);
#729=LINE('',#4610,#1029);
#730=LINE('',#4616,#1030);
#731=LINE('',#4617,#1031);
#732=LINE('',#4618,#1032);
#733=LINE('',#4622,#1033);
#734=LINE('',#4628,#1034);
#735=LINE('',#4629,#1035);
#736=LINE('',#4630,#1036);
#737=LINE('',#4635,#1037);
#738=LINE('',#4636,#1038);
#739=LINE('',#4638,#1039);
#740=LINE('',#4640,#1040);
#741=LINE('',#4642,#1041);
#742=LINE('',#4644,#1042);
#743=LINE('',#4648,#1043);
#744=LINE('',#4652,#1044);
#745=LINE('',#4656,#1045);
#746=LINE('',#4660,#1046);
#747=LINE('',#4664,#1047);
#748=LINE('',#4667,#1048);
#749=LINE('',#4668,#1049);
#750=LINE('',#4670,#1050);
#751=LINE('',#4672,#1051);
#752=LINE('',#4674,#1052);
#753=LINE('',#4676,#1053);
#754=LINE('',#4678,#1054);
#755=LINE('',#4680,#1055);
#756=LINE('',#4683,#1056);
#757=LINE('',#4687,#1057);
#758=LINE('',#4688,#1058);
#759=LINE('',#4692,#1059);
#760=LINE('',#4693,#1060);
#761=LINE('',#4695,#1061);
#762=LINE('',#4697,#1062);
#763=LINE('',#4701,#1063);
#764=LINE('',#4703,#1064);
#765=LINE('',#4704,#1065);
#766=LINE('',#4712,#1066);
#767=LINE('',#4716,#1067);
#768=LINE('',#4720,#1068);
#769=LINE('',#4724,#1069);
#770=LINE('',#4728,#1070);
#771=LINE('',#4732,#1071);
#772=LINE('',#4736,#1072);
#773=LINE('',#4740,#1073);
#774=LINE('',#4744,#1074);
#775=LINE('',#4748,#1075);
#776=LINE('',#4752,#1076);
#777=LINE('',#4756,#1077);
#778=LINE('',#4760,#1078);
#779=LINE('',#4764,#1079);
#780=LINE('',#4768,#1080);
#781=LINE('',#4772,#1081);
#782=LINE('',#4776,#1082);
#783=LINE('',#4780,#1083);
#784=LINE('',#4784,#1084);
#785=LINE('',#4788,#1085);
#786=LINE('',#4792,#1086);
#787=LINE('',#4796,#1087);
#788=LINE('',#4800,#1088);
#789=LINE('',#4804,#1089);
#790=LINE('',#4808,#1090);
#791=LINE('',#4812,#1091);
#792=LINE('',#4816,#1092);
#793=LINE('',#4820,#1093);
#794=LINE('',#4824,#1094);
#795=LINE('',#4828,#1095);
#796=LINE('',#4832,#1096);
#797=LINE('',#4836,#1097);
#798=LINE('',#4839,#1098);
#799=LINE('',#4841,#1099);
#800=LINE('',#4843,#1100);
#801=LINE('',#4845,#1101);
#802=LINE('',#4849,#1102);
#803=LINE('',#4851,#1103);
#804=LINE('',#4853,#1104);
#805=LINE('',#4855,#1105);
#806=LINE('',#4857,#1106);
#807=LINE('',#4859,#1107);
#808=LINE('',#4860,#1108);
#809=LINE('',#4862,#1109);
#810=LINE('',#4863,#1110);
#811=LINE('',#4866,#1111);
#812=LINE('',#4867,#1112);
#813=LINE('',#4869,#1113);
#814=LINE('',#4870,#1114);
#815=LINE('',#4873,#1115);
#816=LINE('',#4874,#1116);
#817=LINE('',#4876,#1117);
#818=LINE('',#4878,#1118);
#819=LINE('',#4880,#1119);
#820=LINE('',#4882,#1120);
#821=LINE('',#4884,#1121);
#822=LINE('',#4886,#1122);
#823=LINE('',#4889,#1123);
#824=LINE('',#4890,#1124);
#825=LINE('',#4892,#1125);
#826=LINE('',#4894,#1126);
#827=LINE('',#4896,#1127);
#828=LINE('',#4898,#1128);
#829=LINE('',#4900,#1129);
#830=LINE('',#4902,#1130);
#831=LINE('',#4905,#1131);
#832=LINE('',#4906,#1132);
#833=LINE('',#4908,#1133);
#834=LINE('',#4910,#1134);
#835=LINE('',#4912,#1135);
#836=LINE('',#4914,#1136);
#837=LINE('',#4916,#1137);
#838=LINE('',#4918,#1138);
#839=LINE('',#4921,#1139);
#840=LINE('',#4922,#1140);
#841=LINE('',#4924,#1141);
#842=LINE('',#4926,#1142);
#843=LINE('',#4928,#1143);
#844=LINE('',#4930,#1144);
#845=LINE('',#4932,#1145);
#846=LINE('',#4934,#1146);
#847=LINE('',#4939,#1147);
#848=LINE('',#4940,#1148);
#849=LINE('',#4942,#1149);
#850=LINE('',#4944,#1150);
#851=LINE('',#4946,#1151);
#852=LINE('',#4948,#1152);
#853=LINE('',#4950,#1153);
#854=LINE('',#4952,#1154);
#855=LINE('',#4955,#1155);
#856=LINE('',#4956,#1156);
#857=LINE('',#4958,#1157);
#858=LINE('',#4960,#1158);
#859=LINE('',#4962,#1159);
#860=LINE('',#4964,#1160);
#861=LINE('',#4966,#1161);
#862=LINE('',#4968,#1162);
#863=LINE('',#4971,#1163);
#864=LINE('',#4972,#1164);
#865=LINE('',#4974,#1165);
#866=LINE('',#4976,#1166);
#867=LINE('',#4978,#1167);
#868=LINE('',#4980,#1168);
#869=LINE('',#4982,#1169);
#870=LINE('',#4984,#1170);
#871=VECTOR('',#3266,10.);
#872=VECTOR('',#3267,10.);
#873=VECTOR('',#3268,10.);
#874=VECTOR('',#3269,10.);
#875=VECTOR('',#3272,10.);
#876=VECTOR('',#3273,10.);
#877=VECTOR('',#3274,10.);
#878=VECTOR('',#3275,10.);
#879=VECTOR('',#3278,10.);
#880=VECTOR('',#3279,10.);
#881=VECTOR('',#3282,10.);
#882=VECTOR('',#3283,10.);
#883=VECTOR('',#3286,10.);
#884=VECTOR('',#3287,10.);
#885=VECTOR('',#3288,10.);
#886=VECTOR('',#3291,10.);
#887=VECTOR('',#3294,10.);
#888=VECTOR('',#3297,10.);
#889=VECTOR('',#3298,10.);
#890=VECTOR('',#3301,10.);
#891=VECTOR('',#3304,10.);
#892=VECTOR('',#3307,10.);
#893=VECTOR('',#3310,10.);
#894=VECTOR('',#3313,10.);
#895=VECTOR('',#3316,10.);
#896=VECTOR('',#3319,10.);
#897=VECTOR('',#3320,10.);
#898=VECTOR('',#3323,10.);
#899=VECTOR('',#3326,10.);
#900=VECTOR('',#3329,10.);
#901=VECTOR('',#3330,10.);
#902=VECTOR('',#3331,10.);
#903=VECTOR('',#3332,10.);
#904=VECTOR('',#3335,10.);
#905=VECTOR('',#3336,10.);
#906=VECTOR('',#3337,10.);
#907=VECTOR('',#3340,10.);
#908=VECTOR('',#3341,10.);
#909=VECTOR('',#3342,10.);
#910=VECTOR('',#3345,10.);
#911=VECTOR('',#3346,10.);
#912=VECTOR('',#3347,10.);
#913=VECTOR('',#3348,10.);
#914=VECTOR('',#3351,10.);
#915=VECTOR('',#3352,10.);
#916=VECTOR('',#3353,10.);
#917=VECTOR('',#3356,10.);
#918=VECTOR('',#3357,10.);
#919=VECTOR('',#3358,10.);
#920=VECTOR('',#3359,10.);
#921=VECTOR('',#3364,10.);
#922=VECTOR('',#3365,10.);
#923=VECTOR('',#3366,10.);
#924=VECTOR('',#3369,10.);
#925=VECTOR('',#3370,10.);
#926=VECTOR('',#3371,10.);
#927=VECTOR('',#3376,10.);
#928=VECTOR('',#3377,10.);
#929=VECTOR('',#3378,10.);
#930=VECTOR('',#3379,10.);
#931=VECTOR('',#3382,2.39999999999999);
#932=VECTOR('',#3387,10.);
#933=VECTOR('',#3388,10.);
#934=VECTOR('',#3393,10.);
#935=VECTOR('',#3396,10.);
#936=VECTOR('',#3401,10.);
#937=VECTOR('',#3404,10.);
#938=VECTOR('',#3405,10.);
#939=VECTOR('',#3406,10.);
#940=VECTOR('',#3407,10.);
#941=VECTOR('',#3412,10.);
#942=VECTOR('',#3417,10.);
#943=VECTOR('',#3418,10.);
#944=VECTOR('',#3423,10.);
#945=VECTOR('',#3428,10.);
#946=VECTOR('',#3429,10.);
#947=VECTOR('',#3430,10.);
#948=VECTOR('',#3433,10.);
#949=VECTOR('',#3434,10.);
#950=VECTOR('',#3439,10.);
#951=VECTOR('',#3442,10.);
#952=VECTOR('',#3443,10.);
#953=VECTOR('',#3446,10.);
#954=VECTOR('',#3447,10.);
#955=VECTOR('',#3448,10.);
#956=VECTOR('',#3449,10.);
#957=VECTOR('',#3454,10.);
#958=VECTOR('',#3459,10.);
#959=VECTOR('',#3460,10.);
#960=VECTOR('',#3461,10.);
#961=VECTOR('',#3466,10.);
#962=VECTOR('',#3471,10.);
#963=VECTOR('',#3472,10.);
#964=VECTOR('',#3473,10.);
#965=VECTOR('',#3476,10.);
#966=VECTOR('',#3477,10.);
#967=VECTOR('',#3478,10.);
#968=VECTOR('',#3481,10.);
#969=VECTOR('',#3486,10.);
#970=VECTOR('',#3487,10.);
#971=VECTOR('',#3490,10.);
#972=VECTOR('',#3497,10.);
#973=VECTOR('',#3500,10.);
#974=VECTOR('',#3503,10.);
#975=VECTOR('',#3504,10.);
#976=VECTOR('',#3505,10.);
#977=VECTOR('',#3506,10.);
#978=VECTOR('',#3509,10.);
#979=VECTOR('',#3512,10.);
#980=VECTOR('',#3515,10.);
#981=VECTOR('',#3518,10.);
#982=VECTOR('',#3521,10.);
#983=VECTOR('',#3522,10.);
#984=VECTOR('',#3523,10.);
#985=VECTOR('',#3526,10.);
#986=VECTOR('',#3529,10.);
#987=VECTOR('',#3532,10.);
#988=VECTOR('',#3535,10.);
#989=VECTOR('',#3538,10.);
#990=VECTOR('',#3541,10.);
#991=VECTOR('',#3544,10.);
#992=VECTOR('',#3547,10.);
#993=VECTOR('',#3550,10.);
#994=VECTOR('',#3553,10.);
#995=VECTOR('',#3556,10.);
#996=VECTOR('',#3559,10.);
#997=VECTOR('',#3562,10.);
#998=VECTOR('',#3565,10.);
#999=VECTOR('',#3568,10.);
#1000=VECTOR('',#3571,10.);
#1001=VECTOR('',#3574,10.);
#1002=VECTOR('',#3577,10.);
#1003=VECTOR('',#3580,10.);
#1004=VECTOR('',#3583,10.);
#1005=VECTOR('',#3586,10.);
#1006=VECTOR('',#3589,10.);
#1007=VECTOR('',#3592,10.);
#1008=VECTOR('',#3595,10.);
#1009=VECTOR('',#3598,10.);
#1010=VECTOR('',#3601,10.);
#1011=VECTOR('',#3604,10.);
#1012=VECTOR('',#3607,10.);
#1013=VECTOR('',#3610,10.);
#1014=VECTOR('',#3613,10.);
#1015=VECTOR('',#3616,10.);
#1016=VECTOR('',#3631,10.);
#1017=VECTOR('',#3658,10.);
#1018=VECTOR('',#3659,10.);
#1019=VECTOR('',#3660,10.);
#1020=VECTOR('',#3661,10.);
#1021=VECTOR('',#3664,10.);
#1022=VECTOR('',#3671,10.);
#1023=VECTOR('',#3672,10.);
#1024=VECTOR('',#3673,10.);
#1025=VECTOR('',#3676,10.);
#1026=VECTOR('',#3683,10.);
#1027=VECTOR('',#3684,10.);
#1028=VECTOR('',#3685,10.);
#1029=VECTOR('',#3688,10.);
#1030=VECTOR('',#3695,10.);
#1031=VECTOR('',#3696,10.);
#1032=VECTOR('',#3697,10.);
#1033=VECTOR('',#3700,10.);
#1034=VECTOR('',#3707,10.);
#1035=VECTOR('',#3708,10.);
#1036=VECTOR('',#3709,10.);
#1037=VECTOR('',#3718,10.);
#1038=VECTOR('',#3719,6.00000000000001);
#1039=VECTOR('',#3722,10.);
#1040=VECTOR('',#3725,10.);
#1041=VECTOR('',#3728,10.);
#1042=VECTOR('',#3731,10.);
#1043=VECTOR('',#3734,10.);
#1044=VECTOR('',#3737,10.);
#1045=VECTOR('',#3740,10.);
#1046=VECTOR('',#3743,10.);
#1047=VECTOR('',#3746,10.);
#1048=VECTOR('',#3751,10.);
#1049=VECTOR('',#3752,10.);
#1050=VECTOR('',#3755,10.);
#1051=VECTOR('',#3758,10.);
#1052=VECTOR('',#3761,10.);
#1053=VECTOR('',#3764,10.);
#1054=VECTOR('',#3767,10.);
#1055=VECTOR('',#3770,10.);
#1056=VECTOR('',#3773,10.);
#1057=VECTOR('',#3778,10.);
#1058=VECTOR('',#3779,10.);
#1059=VECTOR('',#3786,10.);
#1060=VECTOR('',#3787,10.);
#1061=VECTOR('',#3790,10.);
#1062=VECTOR('',#3793,2.39999999999999);
#1063=VECTOR('',#3798,10.);
#1064=VECTOR('',#3799,10.);
#1065=VECTOR('',#3800,10.);
#1066=VECTOR('',#3811,10.);
#1067=VECTOR('',#3814,10.);
#1068=VECTOR('',#3817,10.);
#1069=VECTOR('',#3820,10.);
#1070=VECTOR('',#3823,10.);
#1071=VECTOR('',#3826,10.);
#1072=VECTOR('',#3829,10.);
#1073=VECTOR('',#3832,10.);
#1074=VECTOR('',#3835,10.);
#1075=VECTOR('',#3838,10.);
#1076=VECTOR('',#3841,10.);
#1077=VECTOR('',#3844,10.);
#1078=VECTOR('',#3847,10.);
#1079=VECTOR('',#3850,10.);
#1080=VECTOR('',#3853,10.);
#1081=VECTOR('',#3856,10.);
#1082=VECTOR('',#3859,10.);
#1083=VECTOR('',#3862,10.);
#1084=VECTOR('',#3865,10.);
#1085=VECTOR('',#3868,10.);
#1086=VECTOR('',#3871,10.);
#1087=VECTOR('',#3874,10.);
#1088=VECTOR('',#3877,10.);
#1089=VECTOR('',#3880,10.);
#1090=VECTOR('',#3883,10.);
#1091=VECTOR('',#3886,10.);
#1092=VECTOR('',#3889,10.);
#1093=VECTOR('',#3892,10.);
#1094=VECTOR('',#3895,10.);
#1095=VECTOR('',#3898,10.);
#1096=VECTOR('',#3901,10.);
#1097=VECTOR('',#3904,10.);
#1098=VECTOR('',#3909,10.);
#1099=VECTOR('',#3912,10.);
#1100=VECTOR('',#3915,10.);
#1101=VECTOR('',#3918,10.);
#1102=VECTOR('',#3925,2.35);
#1103=VECTOR('',#3928,2.34999999999999);
#1104=VECTOR('',#3931,2.34999999999999);
#1105=VECTOR('',#3934,2.35);
#1106=VECTOR('',#3937,2.35);
#1107=VECTOR('',#3940,10.);
#1108=VECTOR('',#3941,10.);
#1109=VECTOR('',#3944,10.);
#1110=VECTOR('',#3945,10.);
#1111=VECTOR('',#3950,10.);
#1112=VECTOR('',#3951,10.);
#1113=VECTOR('',#3954,10.);
#1114=VECTOR('',#3955,10.);
#1115=VECTOR('',#3960,10.);
#1116=VECTOR('',#3961,10.);
#1117=VECTOR('',#3964,10.);
#1118=VECTOR('',#3967,10.);
#1119=VECTOR('',#3970,10.);
#1120=VECTOR('',#3973,10.);
#1121=VECTOR('',#3976,10.);
#1122=VECTOR('',#3979,10.);
#1123=VECTOR('',#3984,10.);
#1124=VECTOR('',#3985,10.);
#1125=VECTOR('',#3988,10.);
#1126=VECTOR('',#3991,10.);
#1127=VECTOR('',#3994,10.);
#1128=VECTOR('',#3997,10.);
#1129=VECTOR('',#4000,10.);
#1130=VECTOR('',#4003,10.);
#1131=VECTOR('',#4008,10.);
#1132=VECTOR('',#4009,10.);
#1133=VECTOR('',#4012,10.);
#1134=VECTOR('',#4015,10.);
#1135=VECTOR('',#4018,10.);
#1136=VECTOR('',#4021,10.);
#1137=VECTOR('',#4024,10.);
#1138=VECTOR('',#4027,10.);
#1139=VECTOR('',#4032,10.);
#1140=VECTOR('',#4033,10.);
#1141=VECTOR('',#4036,10.);
#1142=VECTOR('',#4039,10.);
#1143=VECTOR('',#4042,10.);
#1144=VECTOR('',#4045,10.);
#1145=VECTOR('',#4048,10.);
#1146=VECTOR('',#4051,10.);
#1147=VECTOR('',#4060,10.);
#1148=VECTOR('',#4061,10.);
#1149=VECTOR('',#4064,10.);
#1150=VECTOR('',#4067,10.);
#1151=VECTOR('',#4070,10.);
#1152=VECTOR('',#4073,10.);
#1153=VECTOR('',#4076,10.);
#1154=VECTOR('',#4079,10.);
#1155=VECTOR('',#4084,10.);
#1156=VECTOR('',#4085,10.);
#1157=VECTOR('',#4088,10.);
#1158=VECTOR('',#4091,10.);
#1159=VECTOR('',#4094,10.);
#1160=VECTOR('',#4097,10.);
#1161=VECTOR('',#4100,10.);
#1162=VECTOR('',#4103,10.);
#1163=VECTOR('',#4108,10.);
#1164=VECTOR('',#4109,10.);
#1165=VECTOR('',#4112,10.);
#1166=VECTOR('',#4115,10.);
#1167=VECTOR('',#4118,10.);
#1168=VECTOR('',#4121,10.);
#1169=VECTOR('',#4124,10.);
#1170=VECTOR('',#4127,10.);
#1171=VERTEX_POINT('',#4132);
#1172=VERTEX_POINT('',#4133);
#1173=VERTEX_POINT('',#4135);
#1174=VERTEX_POINT('',#4137);
#1175=VERTEX_POINT('',#4141);
#1176=VERTEX_POINT('',#4142);
#1177=VERTEX_POINT('',#4144);
#1178=VERTEX_POINT('',#4146);
#1179=VERTEX_POINT('',#4156);
#1180=VERTEX_POINT('',#4158);
#1181=VERTEX_POINT('',#4162);
#1182=VERTEX_POINT('',#4164);
#1183=VERTEX_POINT('',#4168);
#1184=VERTEX_POINT('',#4169);
#1185=VERTEX_POINT('',#4171);
#1186=VERTEX_POINT('',#4173);
#1187=VERTEX_POINT('',#4175);
#1188=VERTEX_POINT('',#4177);
#1189=VERTEX_POINT('',#4179);
#1190=VERTEX_POINT('',#4181);
#1191=VERTEX_POINT('',#4185);
#1192=VERTEX_POINT('',#4187);
#1193=VERTEX_POINT('',#4193);
#1194=VERTEX_POINT('',#4195);
#1195=VERTEX_POINT('',#4197);
#1196=VERTEX_POINT('',#4199);
#1197=VERTEX_POINT('',#4201);
#1198=VERTEX_POINT('',#4203);
#1199=VERTEX_POINT('',#4205);
#1200=VERTEX_POINT('',#4207);
#1201=VERTEX_POINT('',#4209);
#1202=VERTEX_POINT('',#4211);
#1203=VERTEX_POINT('',#4215);
#1204=VERTEX_POINT('',#4217);
#1205=VERTEX_POINT('',#4221);
#1206=VERTEX_POINT('',#4223);
#1207=VERTEX_POINT('',#4227);
#1208=VERTEX_POINT('',#4228);
#1209=VERTEX_POINT('',#4230);
#1210=VERTEX_POINT('',#4232);
#1211=VERTEX_POINT('',#4236);
#1212=VERTEX_POINT('',#4238);
#1213=VERTEX_POINT('',#4242);
#1214=VERTEX_POINT('',#4244);
#1215=VERTEX_POINT('',#4246);
#1216=VERTEX_POINT('',#4250);
#1217=VERTEX_POINT('',#4253);
#1218=VERTEX_POINT('',#4257);
#1219=VERTEX_POINT('',#4259);
#1220=VERTEX_POINT('',#4261);
#1221=VERTEX_POINT('',#4265);
#1222=VERTEX_POINT('',#4267);
#1223=VERTEX_POINT('',#4269);
#1224=VERTEX_POINT('',#4273);
#1225=VERTEX_POINT('',#4277);
#1226=VERTEX_POINT('',#4281);
#1227=VERTEX_POINT('',#4285);
#1228=VERTEX_POINT('',#4291);
#1229=VERTEX_POINT('',#4292);
#1230=VERTEX_POINT('',#4294);
#1231=VERTEX_POINT('',#4296);
#1232=VERTEX_POINT('',#4300);
#1233=VERTEX_POINT('',#4305);
#1234=VERTEX_POINT('',#4309);
#1235=VERTEX_POINT('',#4311);
#1236=VERTEX_POINT('',#4315);
#1237=VERTEX_POINT('',#4316);
#1238=VERTEX_POINT('',#4327);
#1239=VERTEX_POINT('',#4331);
#1240=VERTEX_POINT('',#4332);
#1241=VERTEX_POINT('',#4334);
#1242=VERTEX_POINT('',#4336);
#1243=VERTEX_POINT('',#4340);
#1244=VERTEX_POINT('',#4342);
#1245=VERTEX_POINT('',#4346);
#1246=VERTEX_POINT('',#4347);
#1247=VERTEX_POINT('',#4352);
#1248=VERTEX_POINT('',#4354);
#1249=VERTEX_POINT('',#4358);
#1250=VERTEX_POINT('',#4359);
#1251=VERTEX_POINT('',#4364);
#1252=VERTEX_POINT('',#4366);
#1253=VERTEX_POINT('',#4370);
#1254=VERTEX_POINT('',#4374);
#1255=VERTEX_POINT('',#4378);
#1256=VERTEX_POINT('',#4382);
#1257=VERTEX_POINT('',#4384);
#1258=VERTEX_POINT('',#4386);
#1259=VERTEX_POINT('',#4388);
#1260=VERTEX_POINT('',#4392);
#1261=VERTEX_POINT('',#4395);
#1262=VERTEX_POINT('',#4397);
#1263=VERTEX_POINT('',#4399);
#1264=VERTEX_POINT('',#4401);
#1265=VERTEX_POINT('',#4403);
#1266=VERTEX_POINT('',#4405);
#1267=VERTEX_POINT('',#4407);
#1268=VERTEX_POINT('',#4409);
#1269=VERTEX_POINT('',#4411);
#1270=VERTEX_POINT('',#4413);
#1271=VERTEX_POINT('',#4417);
#1272=VERTEX_POINT('',#4418);
#1273=VERTEX_POINT('',#4420);
#1274=VERTEX_POINT('',#4422);
#1275=VERTEX_POINT('',#4424);
#1276=VERTEX_POINT('',#4426);
#1277=VERTEX_POINT('',#4428);
#1278=VERTEX_POINT('',#4430);
#1279=VERTEX_POINT('',#4433);
#1280=VERTEX_POINT('',#4434);
#1281=VERTEX_POINT('',#4436);
#1282=VERTEX_POINT('',#4438);
#1283=VERTEX_POINT('',#4440);
#1284=VERTEX_POINT('',#4442);
#1285=VERTEX_POINT('',#4444);
#1286=VERTEX_POINT('',#4446);
#1287=VERTEX_POINT('',#4449);
#1288=VERTEX_POINT('',#4450);
#1289=VERTEX_POINT('',#4452);
#1290=VERTEX_POINT('',#4454);
#1291=VERTEX_POINT('',#4456);
#1292=VERTEX_POINT('',#4458);
#1293=VERTEX_POINT('',#4460);
#1294=VERTEX_POINT('',#4462);
#1295=VERTEX_POINT('',#4465);
#1296=VERTEX_POINT('',#4466);
#1297=VERTEX_POINT('',#4468);
#1298=VERTEX_POINT('',#4470);
#1299=VERTEX_POINT('',#4472);
#1300=VERTEX_POINT('',#4474);
#1301=VERTEX_POINT('',#4476);
#1302=VERTEX_POINT('',#4478);
#1303=VERTEX_POINT('',#4481);
#1304=VERTEX_POINT('',#4482);
#1305=VERTEX_POINT('',#4484);
#1306=VERTEX_POINT('',#4486);
#1307=VERTEX_POINT('',#4488);
#1308=VERTEX_POINT('',#4490);
#1309=VERTEX_POINT('',#4492);
#1310=VERTEX_POINT('',#4494);
#1311=VERTEX_POINT('',#4497);
#1312=VERTEX_POINT('',#4498);
#1313=VERTEX_POINT('',#4500);
#1314=VERTEX_POINT('',#4502);
#1315=VERTEX_POINT('',#4504);
#1316=VERTEX_POINT('',#4506);
#1317=VERTEX_POINT('',#4508);
#1318=VERTEX_POINT('',#4510);
#1319=VERTEX_POINT('',#4513);
#1320=VERTEX_POINT('',#4514);
#1321=VERTEX_POINT('',#4516);
#1322=VERTEX_POINT('',#4518);
#1323=VERTEX_POINT('',#4520);
#1324=VERTEX_POINT('',#4522);
#1325=VERTEX_POINT('',#4524);
#1326=VERTEX_POINT('',#4526);
#1327=VERTEX_POINT('',#4529);
#1328=VERTEX_POINT('',#4530);
#1329=VERTEX_POINT('',#4532);
#1330=VERTEX_POINT('',#4534);
#1331=VERTEX_POINT('',#4536);
#1332=VERTEX_POINT('',#4538);
#1333=VERTEX_POINT('',#4540);
#1334=VERTEX_POINT('',#4542);
#1335=VERTEX_POINT('',#4545);
#1336=VERTEX_POINT('',#4547);
#1337=VERTEX_POINT('',#4549);
#1338=VERTEX_POINT('',#4551);
#1339=VERTEX_POINT('',#4553);
#1340=VERTEX_POINT('',#4558);
#1341=VERTEX_POINT('',#4561);
#1342=VERTEX_POINT('',#4564);
#1343=VERTEX_POINT('',#4567);
#1344=VERTEX_POINT('',#4570);
#1345=VERTEX_POINT('',#4575);
#1346=VERTEX_POINT('',#4576);
#1347=VERTEX_POINT('',#4578);
#1348=VERTEX_POINT('',#4580);
#1349=VERTEX_POINT('',#4584);
#1350=VERTEX_POINT('',#4585);
#1351=VERTEX_POINT('',#4590);
#1352=VERTEX_POINT('',#4591);
#1353=VERTEX_POINT('',#4596);
#1354=VERTEX_POINT('',#4597);
#1355=VERTEX_POINT('',#4602);
#1356=VERTEX_POINT('',#4603);
#1357=VERTEX_POINT('',#4608);
#1358=VERTEX_POINT('',#4609);
#1359=VERTEX_POINT('',#4614);
#1360=VERTEX_POINT('',#4615);
#1361=VERTEX_POINT('',#4620);
#1362=VERTEX_POINT('',#4621);
#1363=VERTEX_POINT('',#4626);
#1364=VERTEX_POINT('',#4627);
#1365=VERTEX_POINT('',#4646);
#1366=VERTEX_POINT('',#4647);
#1367=VERTEX_POINT('',#4649);
#1368=VERTEX_POINT('',#4651);
#1369=VERTEX_POINT('',#4653);
#1370=VERTEX_POINT('',#4655);
#1371=VERTEX_POINT('',#4657);
#1372=VERTEX_POINT('',#4659);
#1373=VERTEX_POINT('',#4661);
#1374=VERTEX_POINT('',#4663);
#1375=VERTEX_POINT('',#4682);
#1376=VERTEX_POINT('',#4686);
#1377=VERTEX_POINT('',#4700);
#1378=VERTEX_POINT('',#4702);
#1379=VERTEX_POINT('',#4710);
#1380=VERTEX_POINT('',#4711);
#1381=VERTEX_POINT('',#4713);
#1382=VERTEX_POINT('',#4715);
#1383=VERTEX_POINT('',#4717);
#1384=VERTEX_POINT('',#4719);
#1385=VERTEX_POINT('',#4721);
#1386=VERTEX_POINT('',#4723);
#1387=VERTEX_POINT('',#4726);
#1388=VERTEX_POINT('',#4727);
#1389=VERTEX_POINT('',#4729);
#1390=VERTEX_POINT('',#4731);
#1391=VERTEX_POINT('',#4733);
#1392=VERTEX_POINT('',#4735);
#1393=VERTEX_POINT('',#4737);
#1394=VERTEX_POINT('',#4739);
#1395=VERTEX_POINT('',#4742);
#1396=VERTEX_POINT('',#4743);
#1397=VERTEX_POINT('',#4745);
#1398=VERTEX_POINT('',#4747);
#1399=VERTEX_POINT('',#4749);
#1400=VERTEX_POINT('',#4751);
#1401=VERTEX_POINT('',#4753);
#1402=VERTEX_POINT('',#4755);
#1403=VERTEX_POINT('',#4758);
#1404=VERTEX_POINT('',#4759);
#1405=VERTEX_POINT('',#4761);
#1406=VERTEX_POINT('',#4763);
#1407=VERTEX_POINT('',#4765);
#1408=VERTEX_POINT('',#4767);
#1409=VERTEX_POINT('',#4769);
#1410=VERTEX_POINT('',#4771);
#1411=VERTEX_POINT('',#4774);
#1412=VERTEX_POINT('',#4775);
#1413=VERTEX_POINT('',#4777);
#1414=VERTEX_POINT('',#4779);
#1415=VERTEX_POINT('',#4781);
#1416=VERTEX_POINT('',#4783);
#1417=VERTEX_POINT('',#4785);
#1418=VERTEX_POINT('',#4787);
#1419=VERTEX_POINT('',#4790);
#1420=VERTEX_POINT('',#4791);
#1421=VERTEX_POINT('',#4793);
#1422=VERTEX_POINT('',#4795);
#1423=VERTEX_POINT('',#4797);
#1424=VERTEX_POINT('',#4799);
#1425=VERTEX_POINT('',#4801);
#1426=VERTEX_POINT('',#4803);
#1427=VERTEX_POINT('',#4806);
#1428=VERTEX_POINT('',#4807);
#1429=VERTEX_POINT('',#4809);
#1430=VERTEX_POINT('',#4811);
#1431=VERTEX_POINT('',#4813);
#1432=VERTEX_POINT('',#4815);
#1433=VERTEX_POINT('',#4817);
#1434=VERTEX_POINT('',#4819);
#1435=VERTEX_POINT('',#4822);
#1436=VERTEX_POINT('',#4823);
#1437=VERTEX_POINT('',#4825);
#1438=VERTEX_POINT('',#4827);
#1439=VERTEX_POINT('',#4829);
#1440=VERTEX_POINT('',#4831);
#1441=VERTEX_POINT('',#4833);
#1442=VERTEX_POINT('',#4835);
#1443=EDGE_CURVE('',#1171,#1172,#571,.T.);
#1444=EDGE_CURVE('',#1172,#1173,#572,.T.);
#1445=EDGE_CURVE('',#1173,#1174,#573,.T.);
#1446=EDGE_CURVE('',#1174,#1171,#574,.T.);
#1447=EDGE_CURVE('',#1175,#1176,#575,.T.);
#1448=EDGE_CURVE('',#1176,#1177,#576,.T.);
#1449=EDGE_CURVE('',#1177,#1178,#577,.T.);
#1450=EDGE_CURVE('',#1175,#1178,#578,.T.);
#1451=EDGE_CURVE('',#1172,#1177,#579,.T.);
#1452=EDGE_CURVE('',#1176,#1173,#580,.T.);
#1453=EDGE_CURVE('',#1178,#1171,#581,.T.);
#1454=EDGE_CURVE('',#1174,#1175,#582,.T.);
#1455=EDGE_CURVE('',#1179,#1176,#583,.T.);
#1456=EDGE_CURVE('',#1180,#1179,#584,.T.);
#1457=EDGE_CURVE('',#1180,#1173,#585,.T.);
#1458=EDGE_CURVE('',#1181,#1175,#586,.T.);
#1459=EDGE_CURVE('',#1182,#1181,#106,.T.);
#1460=EDGE_CURVE('',#1179,#1182,#587,.T.);
#1461=EDGE_CURVE('',#1183,#1184,#588,.T.);
#1462=EDGE_CURVE('',#1185,#1183,#589,.T.);
#1463=EDGE_CURVE('',#1186,#1185,#107,.T.);
#1464=EDGE_CURVE('',#1187,#1186,#590,.T.);
#1465=EDGE_CURVE('',#1188,#1187,#108,.T.);
#1466=EDGE_CURVE('',#1189,#1188,#591,.T.);
#1467=EDGE_CURVE('',#1190,#1189,#109,.T.);
#1468=EDGE_CURVE('',#1184,#1190,#592,.T.);
#1469=EDGE_CURVE('',#1191,#1180,#593,.T.);
#1470=EDGE_CURVE('',#1192,#1191,#110,.T.);
#1471=EDGE_CURVE('',#1192,#1174,#594,.T.);
#1472=EDGE_CURVE('',#1181,#1192,#595,.T.);
#1473=EDGE_CURVE('',#1193,#1182,#596,.T.);
#1474=EDGE_CURVE('',#1194,#1193,#597,.T.);
#1475=EDGE_CURVE('',#1195,#1194,#111,.T.);
#1476=EDGE_CURVE('',#1196,#1195,#598,.T.);
#1477=EDGE_CURVE('',#1197,#1196,#112,.T.);
#1478=EDGE_CURVE('',#1198,#1197,#599,.T.);
#1479=EDGE_CURVE('',#1199,#1198,#113,.T.);
#1480=EDGE_CURVE('',#1200,#1199,#600,.T.);
#1481=EDGE_CURVE('',#1201,#1200,#601,.T.);
#1482=EDGE_CURVE('',#1202,#1201,#602,.T.);
#1483=EDGE_CURVE('',#1191,#1202,#603,.T.);
#1484=EDGE_CURVE('',#1203,#1183,#604,.F.);
#1485=EDGE_CURVE('',#1184,#1204,#605,.F.);
#1486=EDGE_CURVE('',#1204,#1203,#606,.T.);
#1487=EDGE_CURVE('',#1205,#1204,#607,.T.);
#1488=EDGE_CURVE('',#1205,#1206,#608,.T.);
#1489=EDGE_CURVE('',#1203,#1206,#609,.T.);
#1490=EDGE_CURVE('',#1207,#1208,#610,.T.);
#1491=EDGE_CURVE('',#1209,#1207,#611,.T.);
#1492=EDGE_CURVE('',#1210,#1209,#612,.T.);
#1493=EDGE_CURVE('',#1208,#1210,#613,.T.);
#1494=EDGE_CURVE('',#1210,#1211,#614,.T.);
#1495=EDGE_CURVE('',#1212,#1211,#615,.T.);
#1496=EDGE_CURVE('',#1208,#1212,#616,.T.);
#1497=EDGE_CURVE('',#1190,#1213,#617,.T.);
#1498=EDGE_CURVE('',#1214,#1213,#618,.T.);
#1499=EDGE_CURVE('',#1215,#1214,#619,.T.);
#1500=EDGE_CURVE('',#1205,#1215,#620,.T.);
#1501=EDGE_CURVE('',#1193,#1216,#114,.T.);
#1502=EDGE_CURVE('',#1216,#1207,#621,.T.);
#1503=EDGE_CURVE('',#1217,#1212,#622,.T.);
#1504=EDGE_CURVE('',#1217,#1194,#623,.T.);
#1505=EDGE_CURVE('',#1218,#1199,#624,.T.);
#1506=EDGE_CURVE('',#1219,#1218,#625,.T.);
#1507=EDGE_CURVE('',#1219,#1220,#626,.T.);
#1508=EDGE_CURVE('',#1200,#1220,#115,.T.);
#1509=EDGE_CURVE('',#1221,#1206,#627,.T.);
#1510=EDGE_CURVE('',#1221,#1222,#628,.T.);
#1511=EDGE_CURVE('',#1223,#1222,#629,.T.);
#1512=EDGE_CURVE('',#1185,#1223,#630,.T.);
#1513=EDGE_CURVE('',#1224,#1189,#631,.T.);
#1514=EDGE_CURVE('',#1213,#1224,#116,.T.);
#1515=EDGE_CURVE('',#1188,#1225,#632,.T.);
#1516=EDGE_CURVE('',#1224,#1225,#633,.T.);
#1517=EDGE_CURVE('',#1226,#1223,#117,.T.);
#1518=EDGE_CURVE('',#1186,#1226,#634,.T.);
#1519=EDGE_CURVE('',#1187,#1227,#635,.T.);
#1520=EDGE_CURVE('',#1225,#1227,#118,.T.);
#1521=EDGE_CURVE('',#1227,#1226,#636,.T.);
#1522=EDGE_CURVE('',#1228,#1229,#637,.T.);
#1523=EDGE_CURVE('',#1229,#1230,#638,.T.);
#1524=EDGE_CURVE('',#1230,#1231,#639,.T.);
#1525=EDGE_CURVE('',#1231,#1228,#640,.T.);
#1526=EDGE_CURVE('',#1230,#1232,#119,.T.);
#1527=EDGE_CURVE('',#1232,#1201,#641,.T.);
#1528=EDGE_CURVE('',#1201,#1231,#120,.T.);
#1529=EDGE_CURVE('',#1233,#1202,#642,.T.);
#1530=EDGE_CURVE('',#1232,#1233,#643,.T.);
#1531=EDGE_CURVE('',#1233,#1234,#121,.T.);
#1532=EDGE_CURVE('',#1234,#1235,#644,.T.);
#1533=EDGE_CURVE('',#1235,#1202,#122,.T.);
#1534=EDGE_CURVE('',#1236,#1237,#645,.T.);
#1535=EDGE_CURVE('',#1237,#1235,#646,.T.);
#1536=EDGE_CURVE('',#1234,#1236,#647,.T.);
#1537=EDGE_CURVE('',#1220,#1231,#648,.T.);
#1538=EDGE_CURVE('',#1228,#1219,#649,.T.);
#1539=EDGE_CURVE('',#1235,#1216,#650,.T.);
#1540=EDGE_CURVE('',#1238,#1237,#651,.T.);
#1541=EDGE_CURVE('',#1209,#1238,#652,.T.);
#1542=EDGE_CURVE('',#1239,#1240,#653,.T.);
#1543=EDGE_CURVE('',#1240,#1241,#654,.T.);
#1544=EDGE_CURVE('',#1241,#1242,#655,.T.);
#1545=EDGE_CURVE('',#1242,#1239,#656,.T.);
#1546=EDGE_CURVE('',#1241,#1243,#123,.T.);
#1547=EDGE_CURVE('',#1243,#1244,#657,.T.);
#1548=EDGE_CURVE('',#1244,#1242,#124,.T.);
#1549=EDGE_CURVE('',#1245,#1246,#658,.T.);
#1550=EDGE_CURVE('',#1246,#1244,#659,.T.);
#1551=EDGE_CURVE('',#1243,#1245,#660,.T.);
#1552=EDGE_CURVE('',#1245,#1247,#125,.T.);
#1553=EDGE_CURVE('',#1247,#1248,#661,.T.);
#1554=EDGE_CURVE('',#1248,#1246,#126,.T.);
#1555=EDGE_CURVE('',#1249,#1250,#662,.T.);
#1556=EDGE_CURVE('',#1250,#1248,#663,.T.);
#1557=EDGE_CURVE('',#1247,#1249,#664,.T.);
#1558=EDGE_CURVE('',#1251,#1247,#665,.T.);
#1559=EDGE_CURVE('',#1252,#1251,#666,.T.);
#1560=EDGE_CURVE('',#1249,#1252,#667,.T.);
#1561=EDGE_CURVE('',#1245,#1253,#668,.T.);
#1562=EDGE_CURVE('',#1251,#1253,#127,.T.);
#1563=EDGE_CURVE('',#1254,#1243,#669,.T.);
#1564=EDGE_CURVE('',#1254,#1253,#670,.T.);
#1565=EDGE_CURVE('',#1241,#1255,#671,.T.);
#1566=EDGE_CURVE('',#1254,#1255,#128,.T.);
#1567=EDGE_CURVE('',#1218,#1256,#129,.T.);
#1568=EDGE_CURVE('',#1256,#1257,#672,.T.);
#1569=EDGE_CURVE('',#1257,#1258,#130,.T.);
#1570=EDGE_CURVE('',#1258,#1259,#673,.T.);
#1571=EDGE_CURVE('',#1259,#1217,#131,.T.);
#1572=EDGE_CURVE('',#1211,#1238,#674,.T.);
#1573=EDGE_CURVE('',#1236,#1260,#675,.T.);
#1574=EDGE_CURVE('',#1260,#1240,#676,.T.);
#1575=EDGE_CURVE('',#1239,#1261,#677,.T.);
#1576=EDGE_CURVE('',#1261,#1262,#132,.T.);
#1577=EDGE_CURVE('',#1262,#1263,#678,.T.);
#1578=EDGE_CURVE('',#1263,#1264,#133,.T.);
#1579=EDGE_CURVE('',#1264,#1265,#679,.T.);
#1580=EDGE_CURVE('',#1265,#1266,#134,.T.);
#1581=EDGE_CURVE('',#1266,#1267,#680,.T.);
#1582=EDGE_CURVE('',#1267,#1268,#135,.T.);
#1583=EDGE_CURVE('',#1268,#1269,#681,.T.);
#1584=EDGE_CURVE('',#1269,#1270,#136,.T.);
#1585=EDGE_CURVE('',#1270,#1250,#682,.T.);
#1586=EDGE_CURVE('',#1252,#1229,#683,.T.);
#1587=EDGE_CURVE('',#1271,#1272,#684,.T.);
#1588=EDGE_CURVE('',#1272,#1273,#137,.T.);
#1589=EDGE_CURVE('',#1273,#1274,#685,.T.);
#1590=EDGE_CURVE('',#1274,#1275,#138,.T.);
#1591=EDGE_CURVE('',#1276,#1275,#686,.T.);
#1592=EDGE_CURVE('',#1276,#1277,#139,.T.);
#1593=EDGE_CURVE('',#1277,#1278,#687,.T.);
#1594=EDGE_CURVE('',#1278,#1271,#140,.T.);
#1595=EDGE_CURVE('',#1279,#1280,#688,.T.);
#1596=EDGE_CURVE('',#1279,#1281,#141,.T.);
#1597=EDGE_CURVE('',#1281,#1282,#689,.T.);
#1598=EDGE_CURVE('',#1282,#1283,#142,.T.);
#1599=EDGE_CURVE('',#1283,#1284,#690,.T.);
#1600=EDGE_CURVE('',#1284,#1285,#143,.T.);
#1601=EDGE_CURVE('',#1286,#1285,#691,.T.);
#1602=EDGE_CURVE('',#1286,#1280,#144,.T.);
#1603=EDGE_CURVE('',#1287,#1288,#692,.T.);
#1604=EDGE_CURVE('',#1287,#1289,#145,.T.);
#1605=EDGE_CURVE('',#1289,#1290,#693,.T.);
#1606=EDGE_CURVE('',#1290,#1291,#146,.T.);
#1607=EDGE_CURVE('',#1291,#1292,#694,.T.);
#1608=EDGE_CURVE('',#1292,#1293,#147,.T.);
#1609=EDGE_CURVE('',#1294,#1293,#695,.T.);
#1610=EDGE_CURVE('',#1294,#1288,#148,.T.);
#1611=EDGE_CURVE('',#1295,#1296,#696,.T.);
#1612=EDGE_CURVE('',#1295,#1297,#149,.T.);
#1613=EDGE_CURVE('',#1297,#1298,#697,.T.);
#1614=EDGE_CURVE('',#1298,#1299,#150,.T.);
#1615=EDGE_CURVE('',#1299,#1300,#698,.T.);
#1616=EDGE_CURVE('',#1300,#1301,#151,.T.);
#1617=EDGE_CURVE('',#1302,#1301,#699,.T.);
#1618=EDGE_CURVE('',#1302,#1296,#152,.T.);
#1619=EDGE_CURVE('',#1303,#1304,#700,.T.);
#1620=EDGE_CURVE('',#1303,#1305,#153,.T.);
#1621=EDGE_CURVE('',#1305,#1306,#701,.T.);
#1622=EDGE_CURVE('',#1306,#1307,#154,.T.);
#1623=EDGE_CURVE('',#1307,#1308,#702,.T.);
#1624=EDGE_CURVE('',#1308,#1309,#155,.T.);
#1625=EDGE_CURVE('',#1310,#1309,#703,.T.);
#1626=EDGE_CURVE('',#1310,#1304,#156,.T.);
#1627=EDGE_CURVE('',#1311,#1312,#704,.T.);
#1628=EDGE_CURVE('',#1311,#1313,#157,.T.);
#1629=EDGE_CURVE('',#1313,#1314,#705,.T.);
#1630=EDGE_CURVE('',#1314,#1315,#158,.T.);
#1631=EDGE_CURVE('',#1315,#1316,#706,.T.);
#1632=EDGE_CURVE('',#1316,#1317,#159,.T.);
#1633=EDGE_CURVE('',#1318,#1317,#707,.T.);
#1634=EDGE_CURVE('',#1318,#1312,#160,.T.);
#1635=EDGE_CURVE('',#1319,#1320,#708,.T.);
#1636=EDGE_CURVE('',#1319,#1321,#161,.T.);
#1637=EDGE_CURVE('',#1321,#1322,#709,.T.);
#1638=EDGE_CURVE('',#1322,#1323,#162,.T.);
#1639=EDGE_CURVE('',#1323,#1324,#710,.T.);
#1640=EDGE_CURVE('',#1324,#1325,#163,.T.);
#1641=EDGE_CURVE('',#1326,#1325,#711,.T.);
#1642=EDGE_CURVE('',#1326,#1320,#164,.T.);
#1643=EDGE_CURVE('',#1327,#1328,#712,.T.);
#1644=EDGE_CURVE('',#1327,#1329,#165,.T.);
#1645=EDGE_CURVE('',#1329,#1330,#713,.T.);
#1646=EDGE_CURVE('',#1330,#1331,#166,.T.);
#1647=EDGE_CURVE('',#1331,#1332,#714,.T.);
#1648=EDGE_CURVE('',#1332,#1333,#167,.T.);
#1649=EDGE_CURVE('',#1334,#1333,#715,.T.);
#1650=EDGE_CURVE('',#1334,#1328,#168,.T.);
#1651=EDGE_CURVE('',#1335,#1335,#169,.T.);
#1652=EDGE_CURVE('',#1336,#1336,#170,.T.);
#1653=EDGE_CURVE('',#1337,#1337,#171,.T.);
#1654=EDGE_CURVE('',#1338,#1338,#172,.T.);
#1655=EDGE_CURVE('',#1339,#1339,#173,.T.);
#1656=EDGE_CURVE('',#1260,#1255,#716,.T.);
#1657=EDGE_CURVE('',#1340,#1340,#174,.T.);
#1658=EDGE_CURVE('',#1341,#1341,#175,.T.);
#1659=EDGE_CURVE('',#1342,#1342,#176,.T.);
#1660=EDGE_CURVE('',#1343,#1343,#177,.T.);
#1661=EDGE_CURVE('',#1344,#1344,#178,.T.);
#1662=EDGE_CURVE('',#1345,#1346,#717,.T.);
#1663=EDGE_CURVE('',#1346,#1347,#718,.T.);
#1664=EDGE_CURVE('',#1347,#1348,#719,.T.);
#1665=EDGE_CURVE('',#1348,#1345,#720,.T.);
#1666=EDGE_CURVE('',#1349,#1350,#721,.T.);
#1667=EDGE_CURVE('',#1350,#1346,#179,.T.);
#1668=EDGE_CURVE('',#1345,#1349,#180,.T.);
#1669=EDGE_CURVE('',#1351,#1352,#722,.T.);
#1670=EDGE_CURVE('',#1352,#1350,#723,.T.);
#1671=EDGE_CURVE('',#1349,#1351,#724,.T.);
#1672=EDGE_CURVE('',#1353,#1354,#725,.T.);
#1673=EDGE_CURVE('',#1354,#1352,#181,.T.);
#1674=EDGE_CURVE('',#1351,#1353,#182,.T.);
#1675=EDGE_CURVE('',#1355,#1356,#726,.T.);
#1676=EDGE_CURVE('',#1356,#1354,#727,.T.);
#1677=EDGE_CURVE('',#1353,#1355,#728,.T.);
#1678=EDGE_CURVE('',#1357,#1358,#729,.T.);
#1679=EDGE_CURVE('',#1358,#1356,#183,.T.);
#1680=EDGE_CURVE('',#1355,#1357,#184,.T.);
#1681=EDGE_CURVE('',#1359,#1360,#730,.T.);
#1682=EDGE_CURVE('',#1360,#1358,#731,.T.);
#1683=EDGE_CURVE('',#1357,#1359,#732,.T.);
#1684=EDGE_CURVE('',#1361,#1362,#733,.T.);
#1685=EDGE_CURVE('',#1362,#1360,#185,.T.);
#1686=EDGE_CURVE('',#1359,#1361,#186,.T.);
#1687=EDGE_CURVE('',#1363,#1364,#734,.T.);
#1688=EDGE_CURVE('',#1364,#1362,#735,.T.);
#1689=EDGE_CURVE('',#1361,#1363,#736,.T.);
#1690=EDGE_CURVE('',#1347,#1364,#187,.T.);
#1691=EDGE_CURVE('',#1363,#1348,#188,.T.);
#1692=EDGE_CURVE('',#1270,#1355,#737,.T.);
#1693=EDGE_CURVE('',#1353,#1261,#738,.T.);
#1694=EDGE_CURVE('',#1262,#1351,#739,.T.);
#1695=EDGE_CURVE('',#1263,#1349,#740,.T.);
#1696=EDGE_CURVE('',#1264,#1345,#741,.T.);
#1697=EDGE_CURVE('',#1265,#1348,#742,.T.);
#1698=EDGE_CURVE('',#1365,#1366,#743,.T.);
#1699=EDGE_CURVE('',#1367,#1365,#189,.T.);
#1700=EDGE_CURVE('',#1368,#1367,#744,.T.);
#1701=EDGE_CURVE('',#1369,#1368,#190,.T.);
#1702=EDGE_CURVE('',#1370,#1369,#745,.T.);
#1703=EDGE_CURVE('',#1371,#1370,#191,.T.);
#1704=EDGE_CURVE('',#1372,#1371,#746,.T.);
#1705=EDGE_CURVE('',#1373,#1372,#192,.T.);
#1706=EDGE_CURVE('',#1374,#1373,#747,.T.);
#1707=EDGE_CURVE('',#1366,#1374,#193,.T.);
#1708=EDGE_CURVE('',#1213,#1365,#748,.T.);
#1709=EDGE_CURVE('',#1366,#1214,#749,.T.);
#1710=EDGE_CURVE('',#1224,#1367,#750,.T.);
#1711=EDGE_CURVE('',#1225,#1368,#751,.T.);
#1712=EDGE_CURVE('',#1227,#1369,#752,.T.);
#1713=EDGE_CURVE('',#1226,#1370,#753,.T.);
#1714=EDGE_CURVE('',#1223,#1371,#754,.T.);
#1715=EDGE_CURVE('',#1222,#1372,#755,.T.);
#1716=EDGE_CURVE('',#1375,#1373,#756,.T.);
#1717=EDGE_CURVE('',#1222,#1375,#194,.T.);
#1718=EDGE_CURVE('',#1376,#1374,#757,.T.);
#1719=EDGE_CURVE('',#1375,#1376,#758,.T.);
#1720=EDGE_CURVE('',#1376,#1214,#195,.T.);
#1721=EDGE_CURVE('',#1257,#1197,#759,.T.);
#1722=EDGE_CURVE('',#1256,#1198,#760,.T.);
#1723=EDGE_CURVE('',#1258,#1196,#761,.T.);
#1724=EDGE_CURVE('',#1195,#1259,#762,.T.);
#1725=EDGE_CURVE('',#1377,#1375,#763,.T.);
#1726=EDGE_CURVE('',#1378,#1377,#764,.T.);
#1727=EDGE_CURVE('',#1378,#1376,#765,.T.);
#1728=EDGE_CURVE('',#1377,#1221,#196,.T.);
#1729=EDGE_CURVE('',#1215,#1378,#197,.T.);
#1730=EDGE_CURVE('',#1379,#1380,#766,.T.);
#1731=EDGE_CURVE('',#1380,#1381,#198,.T.);
#1732=EDGE_CURVE('',#1381,#1382,#767,.T.);
#1733=EDGE_CURVE('',#1382,#1383,#199,.T.);
#1734=EDGE_CURVE('',#1383,#1384,#768,.T.);
#1735=EDGE_CURVE('',#1384,#1385,#200,.T.);
#1736=EDGE_CURVE('',#1385,#1386,#769,.T.);
#1737=EDGE_CURVE('',#1386,#1379,#201,.T.);
#1738=EDGE_CURVE('',#1387,#1388,#770,.T.);
#1739=EDGE_CURVE('',#1388,#1389,#202,.T.);
#1740=EDGE_CURVE('',#1389,#1390,#771,.T.);
#1741=EDGE_CURVE('',#1390,#1391,#203,.T.);
#1742=EDGE_CURVE('',#1391,#1392,#772,.T.);
#1743=EDGE_CURVE('',#1392,#1393,#204,.T.);
#1744=EDGE_CURVE('',#1393,#1394,#773,.T.);
#1745=EDGE_CURVE('',#1394,#1387,#205,.T.);
#1746=EDGE_CURVE('',#1395,#1396,#774,.T.);
#1747=EDGE_CURVE('',#1396,#1397,#206,.T.);
#1748=EDGE_CURVE('',#1397,#1398,#775,.T.);
#1749=EDGE_CURVE('',#1398,#1399,#207,.T.);
#1750=EDGE_CURVE('',#1399,#1400,#776,.T.);
#1751=EDGE_CURVE('',#1400,#1401,#208,.T.);
#1752=EDGE_CURVE('',#1401,#1402,#777,.T.);
#1753=EDGE_CURVE('',#1402,#1395,#209,.T.);
#1754=EDGE_CURVE('',#1403,#1404,#778,.T.);
#1755=EDGE_CURVE('',#1404,#1405,#210,.T.);
#1756=EDGE_CURVE('',#1405,#1406,#779,.T.);
#1757=EDGE_CURVE('',#1406,#1407,#211,.T.);
#1758=EDGE_CURVE('',#1407,#1408,#780,.T.);
#1759=EDGE_CURVE('',#1408,#1409,#212,.T.);
#1760=EDGE_CURVE('',#1409,#1410,#781,.T.);
#1761=EDGE_CURVE('',#1410,#1403,#213,.T.);
#1762=EDGE_CURVE('',#1411,#1412,#782,.T.);
#1763=EDGE_CURVE('',#1412,#1413,#214,.T.);
#1764=EDGE_CURVE('',#1413,#1414,#783,.T.);
#1765=EDGE_CURVE('',#1414,#1415,#215,.T.);
#1766=EDGE_CURVE('',#1415,#1416,#784,.T.);
#1767=EDGE_CURVE('',#1416,#1417,#216,.T.);
#1768=EDGE_CURVE('',#1417,#1418,#785,.T.);
#1769=EDGE_CURVE('',#1418,#1411,#217,.T.);
#1770=EDGE_CURVE('',#1419,#1420,#786,.T.);
#1771=EDGE_CURVE('',#1420,#1421,#218,.T.);
#1772=EDGE_CURVE('',#1421,#1422,#787,.T.);
#1773=EDGE_CURVE('',#1422,#1423,#219,.T.);
#1774=EDGE_CURVE('',#1423,#1424,#788,.T.);
#1775=EDGE_CURVE('',#1424,#1425,#220,.T.);
#1776=EDGE_CURVE('',#1425,#1426,#789,.T.);
#1777=EDGE_CURVE('',#1426,#1419,#221,.T.);
#1778=EDGE_CURVE('',#1427,#1428,#790,.T.);
#1779=EDGE_CURVE('',#1428,#1429,#222,.T.);
#1780=EDGE_CURVE('',#1429,#1430,#791,.T.);
#1781=EDGE_CURVE('',#1430,#1431,#223,.T.);
#1782=EDGE_CURVE('',#1431,#1432,#792,.T.);
#1783=EDGE_CURVE('',#1432,#1433,#224,.T.);
#1784=EDGE_CURVE('',#1433,#1434,#793,.T.);
#1785=EDGE_CURVE('',#1434,#1427,#225,.T.);
#1786=EDGE_CURVE('',#1435,#1436,#794,.T.);
#1787=EDGE_CURVE('',#1436,#1437,#226,.T.);
#1788=EDGE_CURVE('',#1437,#1438,#795,.T.);
#1789=EDGE_CURVE('',#1438,#1439,#227,.T.);
#1790=EDGE_CURVE('',#1439,#1440,#796,.T.);
#1791=EDGE_CURVE('',#1440,#1441,#228,.T.);
#1792=EDGE_CURVE('',#1441,#1442,#797,.T.);
#1793=EDGE_CURVE('',#1442,#1435,#229,.T.);
#1794=EDGE_CURVE('',#1266,#1363,#798,.T.);
#1795=EDGE_CURVE('',#1267,#1361,#799,.T.);
#1796=EDGE_CURVE('',#1268,#1359,#800,.T.);
#1797=EDGE_CURVE('',#1357,#1269,#801,.T.);
#1798=EDGE_CURVE('',#1339,#1342,#802,.T.);
#1799=EDGE_CURVE('',#1338,#1341,#803,.T.);
#1800=EDGE_CURVE('',#1337,#1343,#804,.T.);
#1801=EDGE_CURVE('',#1336,#1340,#805,.T.);
#1802=EDGE_CURVE('',#1335,#1344,#806,.T.);
#1803=EDGE_CURVE('',#1413,#1278,#807,.T.);
#1804=EDGE_CURVE('',#1412,#1271,#808,.T.);
#1805=EDGE_CURVE('',#1415,#1276,#809,.T.);
#1806=EDGE_CURVE('',#1414,#1277,#810,.T.);
#1807=EDGE_CURVE('',#1417,#1274,#811,.T.);
#1808=EDGE_CURVE('',#1416,#1275,#812,.T.);
#1809=EDGE_CURVE('',#1411,#1272,#813,.T.);
#1810=EDGE_CURVE('',#1418,#1273,#814,.T.);
#1811=EDGE_CURVE('',#1327,#1379,#815,.T.);
#1812=EDGE_CURVE('',#1329,#1386,#816,.T.);
#1813=EDGE_CURVE('',#1330,#1385,#817,.T.);
#1814=EDGE_CURVE('',#1331,#1384,#818,.T.);
#1815=EDGE_CURVE('',#1332,#1383,#819,.T.);
#1816=EDGE_CURVE('',#1333,#1382,#820,.T.);
#1817=EDGE_CURVE('',#1334,#1381,#821,.T.);
#1818=EDGE_CURVE('',#1328,#1380,#822,.T.);
#1819=EDGE_CURVE('',#1319,#1387,#823,.T.);
#1820=EDGE_CURVE('',#1321,#1394,#824,.T.);
#1821=EDGE_CURVE('',#1322,#1393,#825,.T.);
#1822=EDGE_CURVE('',#1323,#1392,#826,.T.);
#1823=EDGE_CURVE('',#1324,#1391,#827,.T.);
#1824=EDGE_CURVE('',#1325,#1390,#828,.T.);
#1825=EDGE_CURVE('',#1326,#1389,#829,.T.);
#1826=EDGE_CURVE('',#1320,#1388,#830,.T.);
#1827=EDGE_CURVE('',#1311,#1395,#831,.T.);
#1828=EDGE_CURVE('',#1313,#1402,#832,.T.);
#1829=EDGE_CURVE('',#1314,#1401,#833,.T.);
#1830=EDGE_CURVE('',#1315,#1400,#834,.T.);
#1831=EDGE_CURVE('',#1316,#1399,#835,.T.);
#1832=EDGE_CURVE('',#1317,#1398,#836,.T.);
#1833=EDGE_CURVE('',#1318,#1397,#837,.T.);
#1834=EDGE_CURVE('',#1312,#1396,#838,.T.);
#1835=EDGE_CURVE('',#1303,#1403,#839,.T.);
#1836=EDGE_CURVE('',#1305,#1410,#840,.T.);
#1837=EDGE_CURVE('',#1306,#1409,#841,.T.);
#1838=EDGE_CURVE('',#1307,#1408,#842,.T.);
#1839=EDGE_CURVE('',#1308,#1407,#843,.T.);
#1840=EDGE_CURVE('',#1309,#1406,#844,.T.);
#1841=EDGE_CURVE('',#1310,#1405,#845,.T.);
#1842=EDGE_CURVE('',#1304,#1404,#846,.T.);
#1843=EDGE_CURVE('',#1295,#1419,#847,.T.);
#1844=EDGE_CURVE('',#1297,#1426,#848,.T.);
#1845=EDGE_CURVE('',#1298,#1425,#849,.T.);
#1846=EDGE_CURVE('',#1299,#1424,#850,.T.);
#1847=EDGE_CURVE('',#1300,#1423,#851,.T.);
#1848=EDGE_CURVE('',#1301,#1422,#852,.T.);
#1849=EDGE_CURVE('',#1302,#1421,#853,.T.);
#1850=EDGE_CURVE('',#1296,#1420,#854,.T.);
#1851=EDGE_CURVE('',#1287,#1427,#855,.T.);
#1852=EDGE_CURVE('',#1289,#1434,#856,.T.);
#1853=EDGE_CURVE('',#1290,#1433,#857,.T.);
#1854=EDGE_CURVE('',#1291,#1432,#858,.T.);
#1855=EDGE_CURVE('',#1292,#1431,#859,.T.);
#1856=EDGE_CURVE('',#1293,#1430,#860,.T.);
#1857=EDGE_CURVE('',#1294,#1429,#861,.T.);
#1858=EDGE_CURVE('',#1288,#1428,#862,.T.);
#1859=EDGE_CURVE('',#1279,#1435,#863,.T.);
#1860=EDGE_CURVE('',#1281,#1442,#864,.T.);
#1861=EDGE_CURVE('',#1282,#1441,#865,.T.);
#1862=EDGE_CURVE('',#1283,#1440,#866,.T.);
#1863=EDGE_CURVE('',#1284,#1439,#867,.T.);
#1864=EDGE_CURVE('',#1285,#1438,#868,.T.);
#1865=EDGE_CURVE('',#1286,#1437,#869,.T.);
#1866=EDGE_CURVE('',#1280,#1436,#870,.T.);
#1867=ORIENTED_EDGE('',*,*,#1443,.T.);
#1868=ORIENTED_EDGE('',*,*,#1444,.T.);
#1869=ORIENTED_EDGE('',*,*,#1445,.T.);
#1870=ORIENTED_EDGE('',*,*,#1446,.T.);
#1871=ORIENTED_EDGE('',*,*,#1447,.T.);
#1872=ORIENTED_EDGE('',*,*,#1448,.T.);
#1873=ORIENTED_EDGE('',*,*,#1449,.T.);
#1874=ORIENTED_EDGE('',*,*,#1450,.F.);
#1875=ORIENTED_EDGE('',*,*,#1451,.T.);
#1876=ORIENTED_EDGE('',*,*,#1448,.F.);
#1877=ORIENTED_EDGE('',*,*,#1452,.T.);
#1878=ORIENTED_EDGE('',*,*,#1444,.F.);
#1879=ORIENTED_EDGE('',*,*,#1453,.T.);
#1880=ORIENTED_EDGE('',*,*,#1446,.F.);
#1881=ORIENTED_EDGE('',*,*,#1454,.T.);
#1882=ORIENTED_EDGE('',*,*,#1450,.T.);
#1883=ORIENTED_EDGE('',*,*,#1452,.F.);
#1884=ORIENTED_EDGE('',*,*,#1455,.F.);
#1885=ORIENTED_EDGE('',*,*,#1456,.F.);
#1886=ORIENTED_EDGE('',*,*,#1457,.T.);
#1887=ORIENTED_EDGE('',*,*,#1447,.F.);
#1888=ORIENTED_EDGE('',*,*,#1458,.F.);
#1889=ORIENTED_EDGE('',*,*,#1459,.F.);
#1890=ORIENTED_EDGE('',*,*,#1460,.F.);
#1891=ORIENTED_EDGE('',*,*,#1455,.T.);
#1892=ORIENTED_EDGE('',*,*,#1461,.F.);
#1893=ORIENTED_EDGE('',*,*,#1462,.F.);
#1894=ORIENTED_EDGE('',*,*,#1463,.F.);
#1895=ORIENTED_EDGE('',*,*,#1464,.F.);
#1896=ORIENTED_EDGE('',*,*,#1465,.F.);
#1897=ORIENTED_EDGE('',*,*,#1466,.F.);
#1898=ORIENTED_EDGE('',*,*,#1467,.F.);
#1899=ORIENTED_EDGE('',*,*,#1468,.F.);
#1900=ORIENTED_EDGE('',*,*,#1449,.F.);
#1901=ORIENTED_EDGE('',*,*,#1451,.F.);
#1902=ORIENTED_EDGE('',*,*,#1443,.F.);
#1903=ORIENTED_EDGE('',*,*,#1453,.F.);
#1904=ORIENTED_EDGE('',*,*,#1445,.F.);
#1905=ORIENTED_EDGE('',*,*,#1457,.F.);
#1906=ORIENTED_EDGE('',*,*,#1469,.F.);
#1907=ORIENTED_EDGE('',*,*,#1470,.F.);
#1908=ORIENTED_EDGE('',*,*,#1471,.T.);
#1909=ORIENTED_EDGE('',*,*,#1454,.F.);
#1910=ORIENTED_EDGE('',*,*,#1471,.F.);
#1911=ORIENTED_EDGE('',*,*,#1472,.F.);
#1912=ORIENTED_EDGE('',*,*,#1458,.T.);
#1913=ORIENTED_EDGE('',*,*,#1469,.T.);
#1914=ORIENTED_EDGE('',*,*,#1456,.T.);
#1915=ORIENTED_EDGE('',*,*,#1460,.T.);
#1916=ORIENTED_EDGE('',*,*,#1473,.F.);
#1917=ORIENTED_EDGE('',*,*,#1474,.F.);
#1918=ORIENTED_EDGE('',*,*,#1475,.F.);
#1919=ORIENTED_EDGE('',*,*,#1476,.F.);
#1920=ORIENTED_EDGE('',*,*,#1477,.F.);
#1921=ORIENTED_EDGE('',*,*,#1478,.F.);
#1922=ORIENTED_EDGE('',*,*,#1479,.F.);
#1923=ORIENTED_EDGE('',*,*,#1480,.F.);
#1924=ORIENTED_EDGE('',*,*,#1481,.F.);
#1925=ORIENTED_EDGE('',*,*,#1482,.F.);
#1926=ORIENTED_EDGE('',*,*,#1483,.F.);
#1927=ORIENTED_EDGE('',*,*,#1484,.T.);
#1928=ORIENTED_EDGE('',*,*,#1461,.T.);
#1929=ORIENTED_EDGE('',*,*,#1485,.T.);
#1930=ORIENTED_EDGE('',*,*,#1486,.T.);
#1931=ORIENTED_EDGE('',*,*,#1486,.F.);
#1932=ORIENTED_EDGE('',*,*,#1487,.F.);
#1933=ORIENTED_EDGE('',*,*,#1488,.T.);
#1934=ORIENTED_EDGE('',*,*,#1489,.F.);
#1935=ORIENTED_EDGE('',*,*,#1490,.F.);
#1936=ORIENTED_EDGE('',*,*,#1491,.F.);
#1937=ORIENTED_EDGE('',*,*,#1492,.F.);
#1938=ORIENTED_EDGE('',*,*,#1493,.F.);
#1939=ORIENTED_EDGE('',*,*,#1493,.T.);
#1940=ORIENTED_EDGE('',*,*,#1494,.T.);
#1941=ORIENTED_EDGE('',*,*,#1495,.F.);
#1942=ORIENTED_EDGE('',*,*,#1496,.F.);
#1943=ORIENTED_EDGE('',*,*,#1487,.T.);
#1944=ORIENTED_EDGE('',*,*,#1485,.F.);
#1945=ORIENTED_EDGE('',*,*,#1468,.T.);
#1946=ORIENTED_EDGE('',*,*,#1497,.T.);
#1947=ORIENTED_EDGE('',*,*,#1498,.F.);
#1948=ORIENTED_EDGE('',*,*,#1499,.F.);
#1949=ORIENTED_EDGE('',*,*,#1500,.F.);
#1950=ORIENTED_EDGE('',*,*,#1474,.T.);
#1951=ORIENTED_EDGE('',*,*,#1501,.T.);
#1952=ORIENTED_EDGE('',*,*,#1502,.T.);
#1953=ORIENTED_EDGE('',*,*,#1490,.T.);
#1954=ORIENTED_EDGE('',*,*,#1496,.T.);
#1955=ORIENTED_EDGE('',*,*,#1503,.F.);
#1956=ORIENTED_EDGE('',*,*,#1504,.T.);
#1957=ORIENTED_EDGE('',*,*,#1480,.T.);
#1958=ORIENTED_EDGE('',*,*,#1505,.F.);
#1959=ORIENTED_EDGE('',*,*,#1506,.F.);
#1960=ORIENTED_EDGE('',*,*,#1507,.T.);
#1961=ORIENTED_EDGE('',*,*,#1508,.F.);
#1962=ORIENTED_EDGE('',*,*,#1489,.T.);
#1963=ORIENTED_EDGE('',*,*,#1509,.F.);
#1964=ORIENTED_EDGE('',*,*,#1510,.T.);
#1965=ORIENTED_EDGE('',*,*,#1511,.F.);
#1966=ORIENTED_EDGE('',*,*,#1512,.F.);
#1967=ORIENTED_EDGE('',*,*,#1462,.T.);
#1968=ORIENTED_EDGE('',*,*,#1484,.F.);
#1969=ORIENTED_EDGE('',*,*,#1467,.T.);
#1970=ORIENTED_EDGE('',*,*,#1513,.F.);
#1971=ORIENTED_EDGE('',*,*,#1514,.F.);
#1972=ORIENTED_EDGE('',*,*,#1497,.F.);
#1973=ORIENTED_EDGE('',*,*,#1466,.T.);
#1974=ORIENTED_EDGE('',*,*,#1515,.T.);
#1975=ORIENTED_EDGE('',*,*,#1516,.F.);
#1976=ORIENTED_EDGE('',*,*,#1513,.T.);
#1977=ORIENTED_EDGE('',*,*,#1463,.T.);
#1978=ORIENTED_EDGE('',*,*,#1512,.T.);
#1979=ORIENTED_EDGE('',*,*,#1517,.F.);
#1980=ORIENTED_EDGE('',*,*,#1518,.F.);
#1981=ORIENTED_EDGE('',*,*,#1465,.T.);
#1982=ORIENTED_EDGE('',*,*,#1519,.T.);
#1983=ORIENTED_EDGE('',*,*,#1520,.F.);
#1984=ORIENTED_EDGE('',*,*,#1515,.F.);
#1985=ORIENTED_EDGE('',*,*,#1464,.T.);
#1986=ORIENTED_EDGE('',*,*,#1518,.T.);
#1987=ORIENTED_EDGE('',*,*,#1521,.F.);
#1988=ORIENTED_EDGE('',*,*,#1519,.F.);
#1989=ORIENTED_EDGE('',*,*,#1522,.T.);
#1990=ORIENTED_EDGE('',*,*,#1523,.T.);
#1991=ORIENTED_EDGE('',*,*,#1524,.T.);
#1992=ORIENTED_EDGE('',*,*,#1525,.T.);
#1993=ORIENTED_EDGE('',*,*,#1524,.F.);
#1994=ORIENTED_EDGE('',*,*,#1526,.T.);
#1995=ORIENTED_EDGE('',*,*,#1527,.T.);
#1996=ORIENTED_EDGE('',*,*,#1528,.T.);
#1997=ORIENTED_EDGE('',*,*,#1529,.T.);
#1998=ORIENTED_EDGE('',*,*,#1482,.T.);
#1999=ORIENTED_EDGE('',*,*,#1527,.F.);
#2000=ORIENTED_EDGE('',*,*,#1530,.T.);
#2001=ORIENTED_EDGE('',*,*,#1529,.F.);
#2002=ORIENTED_EDGE('',*,*,#1531,.T.);
#2003=ORIENTED_EDGE('',*,*,#1532,.T.);
#2004=ORIENTED_EDGE('',*,*,#1533,.T.);
#2005=ORIENTED_EDGE('',*,*,#1534,.T.);
#2006=ORIENTED_EDGE('',*,*,#1535,.T.);
#2007=ORIENTED_EDGE('',*,*,#1532,.F.);
#2008=ORIENTED_EDGE('',*,*,#1536,.T.);
#2009=ORIENTED_EDGE('',*,*,#1525,.F.);
#2010=ORIENTED_EDGE('',*,*,#1537,.F.);
#2011=ORIENTED_EDGE('',*,*,#1507,.F.);
#2012=ORIENTED_EDGE('',*,*,#1538,.F.);
#2013=ORIENTED_EDGE('',*,*,#1528,.F.);
#2014=ORIENTED_EDGE('',*,*,#1481,.T.);
#2015=ORIENTED_EDGE('',*,*,#1508,.T.);
#2016=ORIENTED_EDGE('',*,*,#1537,.T.);
#2017=ORIENTED_EDGE('',*,*,#1470,.T.);
#2018=ORIENTED_EDGE('',*,*,#1483,.T.);
#2019=ORIENTED_EDGE('',*,*,#1533,.F.);
#2020=ORIENTED_EDGE('',*,*,#1539,.T.);
#2021=ORIENTED_EDGE('',*,*,#1501,.F.);
#2022=ORIENTED_EDGE('',*,*,#1473,.T.);
#2023=ORIENTED_EDGE('',*,*,#1459,.T.);
#2024=ORIENTED_EDGE('',*,*,#1472,.T.);
#2025=ORIENTED_EDGE('',*,*,#1535,.F.);
#2026=ORIENTED_EDGE('',*,*,#1540,.F.);
#2027=ORIENTED_EDGE('',*,*,#1541,.F.);
#2028=ORIENTED_EDGE('',*,*,#1491,.T.);
#2029=ORIENTED_EDGE('',*,*,#1502,.F.);
#2030=ORIENTED_EDGE('',*,*,#1539,.F.);
#2031=ORIENTED_EDGE('',*,*,#1542,.T.);
#2032=ORIENTED_EDGE('',*,*,#1543,.T.);
#2033=ORIENTED_EDGE('',*,*,#1544,.T.);
#2034=ORIENTED_EDGE('',*,*,#1545,.T.);
#2035=ORIENTED_EDGE('',*,*,#1544,.F.);
#2036=ORIENTED_EDGE('',*,*,#1546,.T.);
#2037=ORIENTED_EDGE('',*,*,#1547,.T.);
#2038=ORIENTED_EDGE('',*,*,#1548,.T.);
#2039=ORIENTED_EDGE('',*,*,#1549,.T.);
#2040=ORIENTED_EDGE('',*,*,#1550,.T.);
#2041=ORIENTED_EDGE('',*,*,#1547,.F.);
#2042=ORIENTED_EDGE('',*,*,#1551,.T.);
#2043=ORIENTED_EDGE('',*,*,#1549,.F.);
#2044=ORIENTED_EDGE('',*,*,#1552,.T.);
#2045=ORIENTED_EDGE('',*,*,#1553,.T.);
#2046=ORIENTED_EDGE('',*,*,#1554,.T.);
#2047=ORIENTED_EDGE('',*,*,#1555,.T.);
#2048=ORIENTED_EDGE('',*,*,#1556,.T.);
#2049=ORIENTED_EDGE('',*,*,#1553,.F.);
#2050=ORIENTED_EDGE('',*,*,#1557,.T.);
#2051=ORIENTED_EDGE('',*,*,#1557,.F.);
#2052=ORIENTED_EDGE('',*,*,#1558,.F.);
#2053=ORIENTED_EDGE('',*,*,#1559,.F.);
#2054=ORIENTED_EDGE('',*,*,#1560,.F.);
#2055=ORIENTED_EDGE('',*,*,#1552,.F.);
#2056=ORIENTED_EDGE('',*,*,#1561,.T.);
#2057=ORIENTED_EDGE('',*,*,#1562,.F.);
#2058=ORIENTED_EDGE('',*,*,#1558,.T.);
#2059=ORIENTED_EDGE('',*,*,#1551,.F.);
#2060=ORIENTED_EDGE('',*,*,#1563,.F.);
#2061=ORIENTED_EDGE('',*,*,#1564,.T.);
#2062=ORIENTED_EDGE('',*,*,#1561,.F.);
#2063=ORIENTED_EDGE('',*,*,#1546,.F.);
#2064=ORIENTED_EDGE('',*,*,#1565,.T.);
#2065=ORIENTED_EDGE('',*,*,#1566,.F.);
#2066=ORIENTED_EDGE('',*,*,#1563,.T.);
#2067=ORIENTED_EDGE('',*,*,#1522,.F.);
#2068=ORIENTED_EDGE('',*,*,#1538,.T.);
#2069=ORIENTED_EDGE('',*,*,#1506,.T.);
#2070=ORIENTED_EDGE('',*,*,#1567,.T.);
#2071=ORIENTED_EDGE('',*,*,#1568,.T.);
#2072=ORIENTED_EDGE('',*,*,#1569,.T.);
#2073=ORIENTED_EDGE('',*,*,#1570,.T.);
#2074=ORIENTED_EDGE('',*,*,#1571,.T.);
#2075=ORIENTED_EDGE('',*,*,#1503,.T.);
#2076=ORIENTED_EDGE('',*,*,#1495,.T.);
#2077=ORIENTED_EDGE('',*,*,#1572,.T.);
#2078=ORIENTED_EDGE('',*,*,#1540,.T.);
#2079=ORIENTED_EDGE('',*,*,#1534,.F.);
#2080=ORIENTED_EDGE('',*,*,#1573,.T.);
#2081=ORIENTED_EDGE('',*,*,#1574,.T.);
#2082=ORIENTED_EDGE('',*,*,#1542,.F.);
#2083=ORIENTED_EDGE('',*,*,#1575,.T.);
#2084=ORIENTED_EDGE('',*,*,#1576,.T.);
#2085=ORIENTED_EDGE('',*,*,#1577,.T.);
#2086=ORIENTED_EDGE('',*,*,#1578,.T.);
#2087=ORIENTED_EDGE('',*,*,#1579,.T.);
#2088=ORIENTED_EDGE('',*,*,#1580,.T.);
#2089=ORIENTED_EDGE('',*,*,#1581,.T.);
#2090=ORIENTED_EDGE('',*,*,#1582,.T.);
#2091=ORIENTED_EDGE('',*,*,#1583,.T.);
#2092=ORIENTED_EDGE('',*,*,#1584,.T.);
#2093=ORIENTED_EDGE('',*,*,#1585,.T.);
#2094=ORIENTED_EDGE('',*,*,#1555,.F.);
#2095=ORIENTED_EDGE('',*,*,#1560,.T.);
#2096=ORIENTED_EDGE('',*,*,#1586,.T.);
#2097=ORIENTED_EDGE('',*,*,#1587,.T.);
#2098=ORIENTED_EDGE('',*,*,#1588,.T.);
#2099=ORIENTED_EDGE('',*,*,#1589,.T.);
#2100=ORIENTED_EDGE('',*,*,#1590,.T.);
#2101=ORIENTED_EDGE('',*,*,#1591,.F.);
#2102=ORIENTED_EDGE('',*,*,#1592,.T.);
#2103=ORIENTED_EDGE('',*,*,#1593,.T.);
#2104=ORIENTED_EDGE('',*,*,#1594,.T.);
#2105=ORIENTED_EDGE('',*,*,#1595,.F.);
#2106=ORIENTED_EDGE('',*,*,#1596,.T.);
#2107=ORIENTED_EDGE('',*,*,#1597,.T.);
#2108=ORIENTED_EDGE('',*,*,#1598,.T.);
#2109=ORIENTED_EDGE('',*,*,#1599,.T.);
#2110=ORIENTED_EDGE('',*,*,#1600,.T.);
#2111=ORIENTED_EDGE('',*,*,#1601,.F.);
#2112=ORIENTED_EDGE('',*,*,#1602,.T.);
#2113=ORIENTED_EDGE('',*,*,#1603,.F.);
#2114=ORIENTED_EDGE('',*,*,#1604,.T.);
#2115=ORIENTED_EDGE('',*,*,#1605,.T.);
#2116=ORIENTED_EDGE('',*,*,#1606,.T.);
#2117=ORIENTED_EDGE('',*,*,#1607,.T.);
#2118=ORIENTED_EDGE('',*,*,#1608,.T.);
#2119=ORIENTED_EDGE('',*,*,#1609,.F.);
#2120=ORIENTED_EDGE('',*,*,#1610,.T.);
#2121=ORIENTED_EDGE('',*,*,#1611,.F.);
#2122=ORIENTED_EDGE('',*,*,#1612,.T.);
#2123=ORIENTED_EDGE('',*,*,#1613,.T.);
#2124=ORIENTED_EDGE('',*,*,#1614,.T.);
#2125=ORIENTED_EDGE('',*,*,#1615,.T.);
#2126=ORIENTED_EDGE('',*,*,#1616,.T.);
#2127=ORIENTED_EDGE('',*,*,#1617,.F.);
#2128=ORIENTED_EDGE('',*,*,#1618,.T.);
#2129=ORIENTED_EDGE('',*,*,#1619,.F.);
#2130=ORIENTED_EDGE('',*,*,#1620,.T.);
#2131=ORIENTED_EDGE('',*,*,#1621,.T.);
#2132=ORIENTED_EDGE('',*,*,#1622,.T.);
#2133=ORIENTED_EDGE('',*,*,#1623,.T.);
#2134=ORIENTED_EDGE('',*,*,#1624,.T.);
#2135=ORIENTED_EDGE('',*,*,#1625,.F.);
#2136=ORIENTED_EDGE('',*,*,#1626,.T.);
#2137=ORIENTED_EDGE('',*,*,#1627,.F.);
#2138=ORIENTED_EDGE('',*,*,#1628,.T.);
#2139=ORIENTED_EDGE('',*,*,#1629,.T.);
#2140=ORIENTED_EDGE('',*,*,#1630,.T.);
#2141=ORIENTED_EDGE('',*,*,#1631,.T.);
#2142=ORIENTED_EDGE('',*,*,#1632,.T.);
#2143=ORIENTED_EDGE('',*,*,#1633,.F.);
#2144=ORIENTED_EDGE('',*,*,#1634,.T.);
#2145=ORIENTED_EDGE('',*,*,#1635,.F.);
#2146=ORIENTED_EDGE('',*,*,#1636,.T.);
#2147=ORIENTED_EDGE('',*,*,#1637,.T.);
#2148=ORIENTED_EDGE('',*,*,#1638,.T.);
#2149=ORIENTED_EDGE('',*,*,#1639,.T.);
#2150=ORIENTED_EDGE('',*,*,#1640,.T.);
#2151=ORIENTED_EDGE('',*,*,#1641,.F.);
#2152=ORIENTED_EDGE('',*,*,#1642,.T.);
#2153=ORIENTED_EDGE('',*,*,#1643,.F.);
#2154=ORIENTED_EDGE('',*,*,#1644,.T.);
#2155=ORIENTED_EDGE('',*,*,#1645,.T.);
#2156=ORIENTED_EDGE('',*,*,#1646,.T.);
#2157=ORIENTED_EDGE('',*,*,#1647,.T.);
#2158=ORIENTED_EDGE('',*,*,#1648,.T.);
#2159=ORIENTED_EDGE('',*,*,#1649,.F.);
#2160=ORIENTED_EDGE('',*,*,#1650,.T.);
#2161=ORIENTED_EDGE('',*,*,#1651,.T.);
#2162=ORIENTED_EDGE('',*,*,#1652,.T.);
#2163=ORIENTED_EDGE('',*,*,#1653,.T.);
#2164=ORIENTED_EDGE('',*,*,#1654,.T.);
#2165=ORIENTED_EDGE('',*,*,#1655,.T.);
#2166=ORIENTED_EDGE('',*,*,#1543,.F.);
#2167=ORIENTED_EDGE('',*,*,#1574,.F.);
#2168=ORIENTED_EDGE('',*,*,#1656,.T.);
#2169=ORIENTED_EDGE('',*,*,#1565,.F.);
#2170=ORIENTED_EDGE('',*,*,#1657,.F.);
#2171=ORIENTED_EDGE('',*,*,#1658,.F.);
#2172=ORIENTED_EDGE('',*,*,#1659,.F.);
#2173=ORIENTED_EDGE('',*,*,#1660,.F.);
#2174=ORIENTED_EDGE('',*,*,#1661,.F.);
#2175=ORIENTED_EDGE('',*,*,#1523,.F.);
#2176=ORIENTED_EDGE('',*,*,#1586,.F.);
#2177=ORIENTED_EDGE('',*,*,#1559,.T.);
#2178=ORIENTED_EDGE('',*,*,#1562,.T.);
#2179=ORIENTED_EDGE('',*,*,#1564,.F.);
#2180=ORIENTED_EDGE('',*,*,#1566,.T.);
#2181=ORIENTED_EDGE('',*,*,#1656,.F.);
#2182=ORIENTED_EDGE('',*,*,#1573,.F.);
#2183=ORIENTED_EDGE('',*,*,#1536,.F.);
#2184=ORIENTED_EDGE('',*,*,#1531,.F.);
#2185=ORIENTED_EDGE('',*,*,#1530,.F.);
#2186=ORIENTED_EDGE('',*,*,#1526,.F.);
#2187=ORIENTED_EDGE('',*,*,#1492,.T.);
#2188=ORIENTED_EDGE('',*,*,#1541,.T.);
#2189=ORIENTED_EDGE('',*,*,#1572,.F.);
#2190=ORIENTED_EDGE('',*,*,#1494,.F.);
#2191=ORIENTED_EDGE('',*,*,#1662,.T.);
#2192=ORIENTED_EDGE('',*,*,#1663,.T.);
#2193=ORIENTED_EDGE('',*,*,#1664,.T.);
#2194=ORIENTED_EDGE('',*,*,#1665,.T.);
#2195=ORIENTED_EDGE('',*,*,#1666,.T.);
#2196=ORIENTED_EDGE('',*,*,#1667,.T.);
#2197=ORIENTED_EDGE('',*,*,#1662,.F.);
#2198=ORIENTED_EDGE('',*,*,#1668,.T.);
#2199=ORIENTED_EDGE('',*,*,#1669,.T.);
#2200=ORIENTED_EDGE('',*,*,#1670,.T.);
#2201=ORIENTED_EDGE('',*,*,#1666,.F.);
#2202=ORIENTED_EDGE('',*,*,#1671,.T.);
#2203=ORIENTED_EDGE('',*,*,#1672,.T.);
#2204=ORIENTED_EDGE('',*,*,#1673,.T.);
#2205=ORIENTED_EDGE('',*,*,#1669,.F.);
#2206=ORIENTED_EDGE('',*,*,#1674,.T.);
#2207=ORIENTED_EDGE('',*,*,#1675,.T.);
#2208=ORIENTED_EDGE('',*,*,#1676,.T.);
#2209=ORIENTED_EDGE('',*,*,#1672,.F.);
#2210=ORIENTED_EDGE('',*,*,#1677,.T.);
#2211=ORIENTED_EDGE('',*,*,#1678,.T.);
#2212=ORIENTED_EDGE('',*,*,#1679,.T.);
#2213=ORIENTED_EDGE('',*,*,#1675,.F.);
#2214=ORIENTED_EDGE('',*,*,#1680,.T.);
#2215=ORIENTED_EDGE('',*,*,#1681,.T.);
#2216=ORIENTED_EDGE('',*,*,#1682,.T.);
#2217=ORIENTED_EDGE('',*,*,#1678,.F.);
#2218=ORIENTED_EDGE('',*,*,#1683,.T.);
#2219=ORIENTED_EDGE('',*,*,#1684,.T.);
#2220=ORIENTED_EDGE('',*,*,#1685,.T.);
#2221=ORIENTED_EDGE('',*,*,#1681,.F.);
#2222=ORIENTED_EDGE('',*,*,#1686,.T.);
#2223=ORIENTED_EDGE('',*,*,#1687,.T.);
#2224=ORIENTED_EDGE('',*,*,#1688,.T.);
#2225=ORIENTED_EDGE('',*,*,#1684,.F.);
#2226=ORIENTED_EDGE('',*,*,#1689,.T.);
#2227=ORIENTED_EDGE('',*,*,#1664,.F.);
#2228=ORIENTED_EDGE('',*,*,#1690,.T.);
#2229=ORIENTED_EDGE('',*,*,#1687,.F.);
#2230=ORIENTED_EDGE('',*,*,#1691,.T.);
#2231=ORIENTED_EDGE('',*,*,#1556,.F.);
#2232=ORIENTED_EDGE('',*,*,#1585,.F.);
#2233=ORIENTED_EDGE('',*,*,#1692,.T.);
#2234=ORIENTED_EDGE('',*,*,#1677,.F.);
#2235=ORIENTED_EDGE('',*,*,#1693,.T.);
#2236=ORIENTED_EDGE('',*,*,#1575,.F.);
#2237=ORIENTED_EDGE('',*,*,#1545,.F.);
#2238=ORIENTED_EDGE('',*,*,#1548,.F.);
#2239=ORIENTED_EDGE('',*,*,#1550,.F.);
#2240=ORIENTED_EDGE('',*,*,#1554,.F.);
#2241=ORIENTED_EDGE('',*,*,#1674,.F.);
#2242=ORIENTED_EDGE('',*,*,#1694,.F.);
#2243=ORIENTED_EDGE('',*,*,#1576,.F.);
#2244=ORIENTED_EDGE('',*,*,#1693,.F.);
#2245=ORIENTED_EDGE('',*,*,#1671,.F.);
#2246=ORIENTED_EDGE('',*,*,#1695,.F.);
#2247=ORIENTED_EDGE('',*,*,#1577,.F.);
#2248=ORIENTED_EDGE('',*,*,#1694,.T.);
#2249=ORIENTED_EDGE('',*,*,#1668,.F.);
#2250=ORIENTED_EDGE('',*,*,#1696,.F.);
#2251=ORIENTED_EDGE('',*,*,#1578,.F.);
#2252=ORIENTED_EDGE('',*,*,#1695,.T.);
#2253=ORIENTED_EDGE('',*,*,#1665,.F.);
#2254=ORIENTED_EDGE('',*,*,#1697,.F.);
#2255=ORIENTED_EDGE('',*,*,#1579,.F.);
#2256=ORIENTED_EDGE('',*,*,#1696,.T.);
#2257=ORIENTED_EDGE('',*,*,#1663,.F.);
#2258=ORIENTED_EDGE('',*,*,#1667,.F.);
#2259=ORIENTED_EDGE('',*,*,#1670,.F.);
#2260=ORIENTED_EDGE('',*,*,#1673,.F.);
#2261=ORIENTED_EDGE('',*,*,#1676,.F.);
#2262=ORIENTED_EDGE('',*,*,#1679,.F.);
#2263=ORIENTED_EDGE('',*,*,#1682,.F.);
#2264=ORIENTED_EDGE('',*,*,#1685,.F.);
#2265=ORIENTED_EDGE('',*,*,#1688,.F.);
#2266=ORIENTED_EDGE('',*,*,#1690,.F.);
#2267=ORIENTED_EDGE('',*,*,#1698,.F.);
#2268=ORIENTED_EDGE('',*,*,#1699,.F.);
#2269=ORIENTED_EDGE('',*,*,#1700,.F.);
#2270=ORIENTED_EDGE('',*,*,#1701,.F.);
#2271=ORIENTED_EDGE('',*,*,#1702,.F.);
#2272=ORIENTED_EDGE('',*,*,#1703,.F.);
#2273=ORIENTED_EDGE('',*,*,#1704,.F.);
#2274=ORIENTED_EDGE('',*,*,#1705,.F.);
#2275=ORIENTED_EDGE('',*,*,#1706,.F.);
#2276=ORIENTED_EDGE('',*,*,#1707,.F.);
#2277=ORIENTED_EDGE('',*,*,#1708,.T.);
#2278=ORIENTED_EDGE('',*,*,#1698,.T.);
#2279=ORIENTED_EDGE('',*,*,#1709,.T.);
#2280=ORIENTED_EDGE('',*,*,#1498,.T.);
#2281=ORIENTED_EDGE('',*,*,#1710,.T.);
#2282=ORIENTED_EDGE('',*,*,#1699,.T.);
#2283=ORIENTED_EDGE('',*,*,#1708,.F.);
#2284=ORIENTED_EDGE('',*,*,#1514,.T.);
#2285=ORIENTED_EDGE('',*,*,#1711,.T.);
#2286=ORIENTED_EDGE('',*,*,#1700,.T.);
#2287=ORIENTED_EDGE('',*,*,#1710,.F.);
#2288=ORIENTED_EDGE('',*,*,#1516,.T.);
#2289=ORIENTED_EDGE('',*,*,#1712,.T.);
#2290=ORIENTED_EDGE('',*,*,#1701,.T.);
#2291=ORIENTED_EDGE('',*,*,#1711,.F.);
#2292=ORIENTED_EDGE('',*,*,#1520,.T.);
#2293=ORIENTED_EDGE('',*,*,#1713,.T.);
#2294=ORIENTED_EDGE('',*,*,#1702,.T.);
#2295=ORIENTED_EDGE('',*,*,#1712,.F.);
#2296=ORIENTED_EDGE('',*,*,#1521,.T.);
#2297=ORIENTED_EDGE('',*,*,#1714,.T.);
#2298=ORIENTED_EDGE('',*,*,#1703,.T.);
#2299=ORIENTED_EDGE('',*,*,#1713,.F.);
#2300=ORIENTED_EDGE('',*,*,#1517,.T.);
#2301=ORIENTED_EDGE('',*,*,#1715,.T.);
#2302=ORIENTED_EDGE('',*,*,#1704,.T.);
#2303=ORIENTED_EDGE('',*,*,#1714,.F.);
#2304=ORIENTED_EDGE('',*,*,#1511,.T.);
#2305=ORIENTED_EDGE('',*,*,#1716,.T.);
#2306=ORIENTED_EDGE('',*,*,#1705,.T.);
#2307=ORIENTED_EDGE('',*,*,#1715,.F.);
#2308=ORIENTED_EDGE('',*,*,#1717,.T.);
#2309=ORIENTED_EDGE('',*,*,#1718,.T.);
#2310=ORIENTED_EDGE('',*,*,#1706,.T.);
#2311=ORIENTED_EDGE('',*,*,#1716,.F.);
#2312=ORIENTED_EDGE('',*,*,#1719,.T.);
#2313=ORIENTED_EDGE('',*,*,#1709,.F.);
#2314=ORIENTED_EDGE('',*,*,#1707,.T.);
#2315=ORIENTED_EDGE('',*,*,#1718,.F.);
#2316=ORIENTED_EDGE('',*,*,#1720,.T.);
#2317=ORIENTED_EDGE('',*,*,#1478,.T.);
#2318=ORIENTED_EDGE('',*,*,#1721,.F.);
#2319=ORIENTED_EDGE('',*,*,#1568,.F.);
#2320=ORIENTED_EDGE('',*,*,#1722,.T.);
#2321=ORIENTED_EDGE('',*,*,#1477,.T.);
#2322=ORIENTED_EDGE('',*,*,#1723,.F.);
#2323=ORIENTED_EDGE('',*,*,#1569,.F.);
#2324=ORIENTED_EDGE('',*,*,#1721,.T.);
#2325=ORIENTED_EDGE('',*,*,#1476,.T.);
#2326=ORIENTED_EDGE('',*,*,#1724,.T.);
#2327=ORIENTED_EDGE('',*,*,#1570,.F.);
#2328=ORIENTED_EDGE('',*,*,#1723,.T.);
#2329=ORIENTED_EDGE('',*,*,#1475,.T.);
#2330=ORIENTED_EDGE('',*,*,#1504,.F.);
#2331=ORIENTED_EDGE('',*,*,#1571,.F.);
#2332=ORIENTED_EDGE('',*,*,#1724,.F.);
#2333=ORIENTED_EDGE('',*,*,#1719,.F.);
#2334=ORIENTED_EDGE('',*,*,#1725,.F.);
#2335=ORIENTED_EDGE('',*,*,#1726,.F.);
#2336=ORIENTED_EDGE('',*,*,#1727,.T.);
#2337=ORIENTED_EDGE('',*,*,#1717,.F.);
#2338=ORIENTED_EDGE('',*,*,#1510,.F.);
#2339=ORIENTED_EDGE('',*,*,#1728,.F.);
#2340=ORIENTED_EDGE('',*,*,#1725,.T.);
#2341=ORIENTED_EDGE('',*,*,#1720,.F.);
#2342=ORIENTED_EDGE('',*,*,#1727,.F.);
#2343=ORIENTED_EDGE('',*,*,#1729,.F.);
#2344=ORIENTED_EDGE('',*,*,#1499,.T.);
#2345=ORIENTED_EDGE('',*,*,#1509,.T.);
#2346=ORIENTED_EDGE('',*,*,#1488,.F.);
#2347=ORIENTED_EDGE('',*,*,#1500,.T.);
#2348=ORIENTED_EDGE('',*,*,#1729,.T.);
#2349=ORIENTED_EDGE('',*,*,#1726,.T.);
#2350=ORIENTED_EDGE('',*,*,#1728,.T.);
#2351=ORIENTED_EDGE('',*,*,#1730,.T.);
#2352=ORIENTED_EDGE('',*,*,#1731,.T.);
#2353=ORIENTED_EDGE('',*,*,#1732,.T.);
#2354=ORIENTED_EDGE('',*,*,#1733,.T.);
#2355=ORIENTED_EDGE('',*,*,#1734,.T.);
#2356=ORIENTED_EDGE('',*,*,#1735,.T.);
#2357=ORIENTED_EDGE('',*,*,#1736,.T.);
#2358=ORIENTED_EDGE('',*,*,#1737,.T.);
#2359=ORIENTED_EDGE('',*,*,#1738,.T.);
#2360=ORIENTED_EDGE('',*,*,#1739,.T.);
#2361=ORIENTED_EDGE('',*,*,#1740,.T.);
#2362=ORIENTED_EDGE('',*,*,#1741,.T.);
#2363=ORIENTED_EDGE('',*,*,#1742,.T.);
#2364=ORIENTED_EDGE('',*,*,#1743,.T.);
#2365=ORIENTED_EDGE('',*,*,#1744,.T.);
#2366=ORIENTED_EDGE('',*,*,#1745,.T.);
#2367=ORIENTED_EDGE('',*,*,#1746,.T.);
#2368=ORIENTED_EDGE('',*,*,#1747,.T.);
#2369=ORIENTED_EDGE('',*,*,#1748,.T.);
#2370=ORIENTED_EDGE('',*,*,#1749,.T.);
#2371=ORIENTED_EDGE('',*,*,#1750,.T.);
#2372=ORIENTED_EDGE('',*,*,#1751,.T.);
#2373=ORIENTED_EDGE('',*,*,#1752,.T.);
#2374=ORIENTED_EDGE('',*,*,#1753,.T.);
#2375=ORIENTED_EDGE('',*,*,#1754,.T.);
#2376=ORIENTED_EDGE('',*,*,#1755,.T.);
#2377=ORIENTED_EDGE('',*,*,#1756,.T.);
#2378=ORIENTED_EDGE('',*,*,#1757,.T.);
#2379=ORIENTED_EDGE('',*,*,#1758,.T.);
#2380=ORIENTED_EDGE('',*,*,#1759,.T.);
#2381=ORIENTED_EDGE('',*,*,#1760,.T.);
#2382=ORIENTED_EDGE('',*,*,#1761,.T.);
#2383=ORIENTED_EDGE('',*,*,#1762,.T.);
#2384=ORIENTED_EDGE('',*,*,#1763,.T.);
#2385=ORIENTED_EDGE('',*,*,#1764,.T.);
#2386=ORIENTED_EDGE('',*,*,#1765,.T.);
#2387=ORIENTED_EDGE('',*,*,#1766,.T.);
#2388=ORIENTED_EDGE('',*,*,#1767,.T.);
#2389=ORIENTED_EDGE('',*,*,#1768,.T.);
#2390=ORIENTED_EDGE('',*,*,#1769,.T.);
#2391=ORIENTED_EDGE('',*,*,#1770,.T.);
#2392=ORIENTED_EDGE('',*,*,#1771,.T.);
#2393=ORIENTED_EDGE('',*,*,#1772,.T.);
#2394=ORIENTED_EDGE('',*,*,#1773,.T.);
#2395=ORIENTED_EDGE('',*,*,#1774,.T.);
#2396=ORIENTED_EDGE('',*,*,#1775,.T.);
#2397=ORIENTED_EDGE('',*,*,#1776,.T.);
#2398=ORIENTED_EDGE('',*,*,#1777,.T.);
#2399=ORIENTED_EDGE('',*,*,#1778,.T.);
#2400=ORIENTED_EDGE('',*,*,#1779,.T.);
#2401=ORIENTED_EDGE('',*,*,#1780,.T.);
#2402=ORIENTED_EDGE('',*,*,#1781,.T.);
#2403=ORIENTED_EDGE('',*,*,#1782,.T.);
#2404=ORIENTED_EDGE('',*,*,#1783,.T.);
#2405=ORIENTED_EDGE('',*,*,#1784,.T.);
#2406=ORIENTED_EDGE('',*,*,#1785,.T.);
#2407=ORIENTED_EDGE('',*,*,#1786,.T.);
#2408=ORIENTED_EDGE('',*,*,#1787,.T.);
#2409=ORIENTED_EDGE('',*,*,#1788,.T.);
#2410=ORIENTED_EDGE('',*,*,#1789,.T.);
#2411=ORIENTED_EDGE('',*,*,#1790,.T.);
#2412=ORIENTED_EDGE('',*,*,#1791,.T.);
#2413=ORIENTED_EDGE('',*,*,#1792,.T.);
#2414=ORIENTED_EDGE('',*,*,#1793,.T.);
#2415=ORIENTED_EDGE('',*,*,#1691,.F.);
#2416=ORIENTED_EDGE('',*,*,#1794,.F.);
#2417=ORIENTED_EDGE('',*,*,#1580,.F.);
#2418=ORIENTED_EDGE('',*,*,#1697,.T.);
#2419=ORIENTED_EDGE('',*,*,#1581,.F.);
#2420=ORIENTED_EDGE('',*,*,#1794,.T.);
#2421=ORIENTED_EDGE('',*,*,#1689,.F.);
#2422=ORIENTED_EDGE('',*,*,#1795,.F.);
#2423=ORIENTED_EDGE('',*,*,#1686,.F.);
#2424=ORIENTED_EDGE('',*,*,#1796,.F.);
#2425=ORIENTED_EDGE('',*,*,#1582,.F.);
#2426=ORIENTED_EDGE('',*,*,#1795,.T.);
#2427=ORIENTED_EDGE('',*,*,#1683,.F.);
#2428=ORIENTED_EDGE('',*,*,#1797,.T.);
#2429=ORIENTED_EDGE('',*,*,#1583,.F.);
#2430=ORIENTED_EDGE('',*,*,#1796,.T.);
#2431=ORIENTED_EDGE('',*,*,#1680,.F.);
#2432=ORIENTED_EDGE('',*,*,#1692,.F.);
#2433=ORIENTED_EDGE('',*,*,#1584,.F.);
#2434=ORIENTED_EDGE('',*,*,#1797,.F.);
#2435=ORIENTED_EDGE('',*,*,#1479,.T.);
#2436=ORIENTED_EDGE('',*,*,#1722,.F.);
#2437=ORIENTED_EDGE('',*,*,#1567,.F.);
#2438=ORIENTED_EDGE('',*,*,#1505,.T.);
#2439=ORIENTED_EDGE('',*,*,#1655,.F.);
#2440=ORIENTED_EDGE('',*,*,#1798,.T.);
#2441=ORIENTED_EDGE('',*,*,#1659,.T.);
#2442=ORIENTED_EDGE('',*,*,#1798,.F.);
#2443=ORIENTED_EDGE('',*,*,#1654,.F.);
#2444=ORIENTED_EDGE('',*,*,#1799,.T.);
#2445=ORIENTED_EDGE('',*,*,#1658,.T.);
#2446=ORIENTED_EDGE('',*,*,#1799,.F.);
#2447=ORIENTED_EDGE('',*,*,#1653,.F.);
#2448=ORIENTED_EDGE('',*,*,#1800,.T.);
#2449=ORIENTED_EDGE('',*,*,#1660,.T.);
#2450=ORIENTED_EDGE('',*,*,#1800,.F.);
#2451=ORIENTED_EDGE('',*,*,#1652,.F.);
#2452=ORIENTED_EDGE('',*,*,#1801,.T.);
#2453=ORIENTED_EDGE('',*,*,#1657,.T.);
#2454=ORIENTED_EDGE('',*,*,#1801,.F.);
#2455=ORIENTED_EDGE('',*,*,#1651,.F.);
#2456=ORIENTED_EDGE('',*,*,#1802,.T.);
#2457=ORIENTED_EDGE('',*,*,#1661,.T.);
#2458=ORIENTED_EDGE('',*,*,#1802,.F.);
#2459=ORIENTED_EDGE('',*,*,#1594,.F.);
#2460=ORIENTED_EDGE('',*,*,#1803,.F.);
#2461=ORIENTED_EDGE('',*,*,#1763,.F.);
#2462=ORIENTED_EDGE('',*,*,#1804,.T.);
#2463=ORIENTED_EDGE('',*,*,#1592,.F.);
#2464=ORIENTED_EDGE('',*,*,#1805,.F.);
#2465=ORIENTED_EDGE('',*,*,#1765,.F.);
#2466=ORIENTED_EDGE('',*,*,#1806,.T.);
#2467=ORIENTED_EDGE('',*,*,#1593,.F.);
#2468=ORIENTED_EDGE('',*,*,#1806,.F.);
#2469=ORIENTED_EDGE('',*,*,#1764,.F.);
#2470=ORIENTED_EDGE('',*,*,#1803,.T.);
#2471=ORIENTED_EDGE('',*,*,#1590,.F.);
#2472=ORIENTED_EDGE('',*,*,#1807,.F.);
#2473=ORIENTED_EDGE('',*,*,#1767,.F.);
#2474=ORIENTED_EDGE('',*,*,#1808,.T.);
#2475=ORIENTED_EDGE('',*,*,#1588,.F.);
#2476=ORIENTED_EDGE('',*,*,#1809,.F.);
#2477=ORIENTED_EDGE('',*,*,#1769,.F.);
#2478=ORIENTED_EDGE('',*,*,#1810,.T.);
#2479=ORIENTED_EDGE('',*,*,#1589,.F.);
#2480=ORIENTED_EDGE('',*,*,#1810,.F.);
#2481=ORIENTED_EDGE('',*,*,#1768,.F.);
#2482=ORIENTED_EDGE('',*,*,#1807,.T.);
#2483=ORIENTED_EDGE('',*,*,#1644,.F.);
#2484=ORIENTED_EDGE('',*,*,#1811,.T.);
#2485=ORIENTED_EDGE('',*,*,#1737,.F.);
#2486=ORIENTED_EDGE('',*,*,#1812,.F.);
#2487=ORIENTED_EDGE('',*,*,#1645,.F.);
#2488=ORIENTED_EDGE('',*,*,#1812,.T.);
#2489=ORIENTED_EDGE('',*,*,#1736,.F.);
#2490=ORIENTED_EDGE('',*,*,#1813,.F.);
#2491=ORIENTED_EDGE('',*,*,#1646,.F.);
#2492=ORIENTED_EDGE('',*,*,#1813,.T.);
#2493=ORIENTED_EDGE('',*,*,#1735,.F.);
#2494=ORIENTED_EDGE('',*,*,#1814,.F.);
#2495=ORIENTED_EDGE('',*,*,#1647,.F.);
#2496=ORIENTED_EDGE('',*,*,#1814,.T.);
#2497=ORIENTED_EDGE('',*,*,#1734,.F.);
#2498=ORIENTED_EDGE('',*,*,#1815,.F.);
#2499=ORIENTED_EDGE('',*,*,#1648,.F.);
#2500=ORIENTED_EDGE('',*,*,#1815,.T.);
#2501=ORIENTED_EDGE('',*,*,#1733,.F.);
#2502=ORIENTED_EDGE('',*,*,#1816,.F.);
#2503=ORIENTED_EDGE('',*,*,#1649,.T.);
#2504=ORIENTED_EDGE('',*,*,#1816,.T.);
#2505=ORIENTED_EDGE('',*,*,#1732,.F.);
#2506=ORIENTED_EDGE('',*,*,#1817,.F.);
#2507=ORIENTED_EDGE('',*,*,#1650,.F.);
#2508=ORIENTED_EDGE('',*,*,#1817,.T.);
#2509=ORIENTED_EDGE('',*,*,#1731,.F.);
#2510=ORIENTED_EDGE('',*,*,#1818,.F.);
#2511=ORIENTED_EDGE('',*,*,#1643,.T.);
#2512=ORIENTED_EDGE('',*,*,#1818,.T.);
#2513=ORIENTED_EDGE('',*,*,#1730,.F.);
#2514=ORIENTED_EDGE('',*,*,#1811,.F.);
#2515=ORIENTED_EDGE('',*,*,#1636,.F.);
#2516=ORIENTED_EDGE('',*,*,#1819,.T.);
#2517=ORIENTED_EDGE('',*,*,#1745,.F.);
#2518=ORIENTED_EDGE('',*,*,#1820,.F.);
#2519=ORIENTED_EDGE('',*,*,#1637,.F.);
#2520=ORIENTED_EDGE('',*,*,#1820,.T.);
#2521=ORIENTED_EDGE('',*,*,#1744,.F.);
#2522=ORIENTED_EDGE('',*,*,#1821,.F.);
#2523=ORIENTED_EDGE('',*,*,#1638,.F.);
#2524=ORIENTED_EDGE('',*,*,#1821,.T.);
#2525=ORIENTED_EDGE('',*,*,#1743,.F.);
#2526=ORIENTED_EDGE('',*,*,#1822,.F.);
#2527=ORIENTED_EDGE('',*,*,#1639,.F.);
#2528=ORIENTED_EDGE('',*,*,#1822,.T.);
#2529=ORIENTED_EDGE('',*,*,#1742,.F.);
#2530=ORIENTED_EDGE('',*,*,#1823,.F.);
#2531=ORIENTED_EDGE('',*,*,#1640,.F.);
#2532=ORIENTED_EDGE('',*,*,#1823,.T.);
#2533=ORIENTED_EDGE('',*,*,#1741,.F.);
#2534=ORIENTED_EDGE('',*,*,#1824,.F.);
#2535=ORIENTED_EDGE('',*,*,#1641,.T.);
#2536=ORIENTED_EDGE('',*,*,#1824,.T.);
#2537=ORIENTED_EDGE('',*,*,#1740,.F.);
#2538=ORIENTED_EDGE('',*,*,#1825,.F.);
#2539=ORIENTED_EDGE('',*,*,#1642,.F.);
#2540=ORIENTED_EDGE('',*,*,#1825,.T.);
#2541=ORIENTED_EDGE('',*,*,#1739,.F.);
#2542=ORIENTED_EDGE('',*,*,#1826,.F.);
#2543=ORIENTED_EDGE('',*,*,#1635,.T.);
#2544=ORIENTED_EDGE('',*,*,#1826,.T.);
#2545=ORIENTED_EDGE('',*,*,#1738,.F.);
#2546=ORIENTED_EDGE('',*,*,#1819,.F.);
#2547=ORIENTED_EDGE('',*,*,#1628,.F.);
#2548=ORIENTED_EDGE('',*,*,#1827,.T.);
#2549=ORIENTED_EDGE('',*,*,#1753,.F.);
#2550=ORIENTED_EDGE('',*,*,#1828,.F.);
#2551=ORIENTED_EDGE('',*,*,#1629,.F.);
#2552=ORIENTED_EDGE('',*,*,#1828,.T.);
#2553=ORIENTED_EDGE('',*,*,#1752,.F.);
#2554=ORIENTED_EDGE('',*,*,#1829,.F.);
#2555=ORIENTED_EDGE('',*,*,#1630,.F.);
#2556=ORIENTED_EDGE('',*,*,#1829,.T.);
#2557=ORIENTED_EDGE('',*,*,#1751,.F.);
#2558=ORIENTED_EDGE('',*,*,#1830,.F.);
#2559=ORIENTED_EDGE('',*,*,#1631,.F.);
#2560=ORIENTED_EDGE('',*,*,#1830,.T.);
#2561=ORIENTED_EDGE('',*,*,#1750,.F.);
#2562=ORIENTED_EDGE('',*,*,#1831,.F.);
#2563=ORIENTED_EDGE('',*,*,#1632,.F.);
#2564=ORIENTED_EDGE('',*,*,#1831,.T.);
#2565=ORIENTED_EDGE('',*,*,#1749,.F.);
#2566=ORIENTED_EDGE('',*,*,#1832,.F.);
#2567=ORIENTED_EDGE('',*,*,#1633,.T.);
#2568=ORIENTED_EDGE('',*,*,#1832,.T.);
#2569=ORIENTED_EDGE('',*,*,#1748,.F.);
#2570=ORIENTED_EDGE('',*,*,#1833,.F.);
#2571=ORIENTED_EDGE('',*,*,#1634,.F.);
#2572=ORIENTED_EDGE('',*,*,#1833,.T.);
#2573=ORIENTED_EDGE('',*,*,#1747,.F.);
#2574=ORIENTED_EDGE('',*,*,#1834,.F.);
#2575=ORIENTED_EDGE('',*,*,#1627,.T.);
#2576=ORIENTED_EDGE('',*,*,#1834,.T.);
#2577=ORIENTED_EDGE('',*,*,#1746,.F.);
#2578=ORIENTED_EDGE('',*,*,#1827,.F.);
#2579=ORIENTED_EDGE('',*,*,#1620,.F.);
#2580=ORIENTED_EDGE('',*,*,#1835,.T.);
#2581=ORIENTED_EDGE('',*,*,#1761,.F.);
#2582=ORIENTED_EDGE('',*,*,#1836,.F.);
#2583=ORIENTED_EDGE('',*,*,#1621,.F.);
#2584=ORIENTED_EDGE('',*,*,#1836,.T.);
#2585=ORIENTED_EDGE('',*,*,#1760,.F.);
#2586=ORIENTED_EDGE('',*,*,#1837,.F.);
#2587=ORIENTED_EDGE('',*,*,#1622,.F.);
#2588=ORIENTED_EDGE('',*,*,#1837,.T.);
#2589=ORIENTED_EDGE('',*,*,#1759,.F.);
#2590=ORIENTED_EDGE('',*,*,#1838,.F.);
#2591=ORIENTED_EDGE('',*,*,#1623,.F.);
#2592=ORIENTED_EDGE('',*,*,#1838,.T.);
#2593=ORIENTED_EDGE('',*,*,#1758,.F.);
#2594=ORIENTED_EDGE('',*,*,#1839,.F.);
#2595=ORIENTED_EDGE('',*,*,#1624,.F.);
#2596=ORIENTED_EDGE('',*,*,#1839,.T.);
#2597=ORIENTED_EDGE('',*,*,#1757,.F.);
#2598=ORIENTED_EDGE('',*,*,#1840,.F.);
#2599=ORIENTED_EDGE('',*,*,#1625,.T.);
#2600=ORIENTED_EDGE('',*,*,#1840,.T.);
#2601=ORIENTED_EDGE('',*,*,#1756,.F.);
#2602=ORIENTED_EDGE('',*,*,#1841,.F.);
#2603=ORIENTED_EDGE('',*,*,#1626,.F.);
#2604=ORIENTED_EDGE('',*,*,#1841,.T.);
#2605=ORIENTED_EDGE('',*,*,#1755,.F.);
#2606=ORIENTED_EDGE('',*,*,#1842,.F.);
#2607=ORIENTED_EDGE('',*,*,#1619,.T.);
#2608=ORIENTED_EDGE('',*,*,#1842,.T.);
#2609=ORIENTED_EDGE('',*,*,#1754,.F.);
#2610=ORIENTED_EDGE('',*,*,#1835,.F.);
#2611=ORIENTED_EDGE('',*,*,#1587,.F.);
#2612=ORIENTED_EDGE('',*,*,#1804,.F.);
#2613=ORIENTED_EDGE('',*,*,#1762,.F.);
#2614=ORIENTED_EDGE('',*,*,#1809,.T.);
#2615=ORIENTED_EDGE('',*,*,#1591,.T.);
#2616=ORIENTED_EDGE('',*,*,#1808,.F.);
#2617=ORIENTED_EDGE('',*,*,#1766,.F.);
#2618=ORIENTED_EDGE('',*,*,#1805,.T.);
#2619=ORIENTED_EDGE('',*,*,#1612,.F.);
#2620=ORIENTED_EDGE('',*,*,#1843,.T.);
#2621=ORIENTED_EDGE('',*,*,#1777,.F.);
#2622=ORIENTED_EDGE('',*,*,#1844,.F.);
#2623=ORIENTED_EDGE('',*,*,#1613,.F.);
#2624=ORIENTED_EDGE('',*,*,#1844,.T.);
#2625=ORIENTED_EDGE('',*,*,#1776,.F.);
#2626=ORIENTED_EDGE('',*,*,#1845,.F.);
#2627=ORIENTED_EDGE('',*,*,#1614,.F.);
#2628=ORIENTED_EDGE('',*,*,#1845,.T.);
#2629=ORIENTED_EDGE('',*,*,#1775,.F.);
#2630=ORIENTED_EDGE('',*,*,#1846,.F.);
#2631=ORIENTED_EDGE('',*,*,#1615,.F.);
#2632=ORIENTED_EDGE('',*,*,#1846,.T.);
#2633=ORIENTED_EDGE('',*,*,#1774,.F.);
#2634=ORIENTED_EDGE('',*,*,#1847,.F.);
#2635=ORIENTED_EDGE('',*,*,#1616,.F.);
#2636=ORIENTED_EDGE('',*,*,#1847,.T.);
#2637=ORIENTED_EDGE('',*,*,#1773,.F.);
#2638=ORIENTED_EDGE('',*,*,#1848,.F.);
#2639=ORIENTED_EDGE('',*,*,#1617,.T.);
#2640=ORIENTED_EDGE('',*,*,#1848,.T.);
#2641=ORIENTED_EDGE('',*,*,#1772,.F.);
#2642=ORIENTED_EDGE('',*,*,#1849,.F.);
#2643=ORIENTED_EDGE('',*,*,#1618,.F.);
#2644=ORIENTED_EDGE('',*,*,#1849,.T.);
#2645=ORIENTED_EDGE('',*,*,#1771,.F.);
#2646=ORIENTED_EDGE('',*,*,#1850,.F.);
#2647=ORIENTED_EDGE('',*,*,#1611,.T.);
#2648=ORIENTED_EDGE('',*,*,#1850,.T.);
#2649=ORIENTED_EDGE('',*,*,#1770,.F.);
#2650=ORIENTED_EDGE('',*,*,#1843,.F.);
#2651=ORIENTED_EDGE('',*,*,#1604,.F.);
#2652=ORIENTED_EDGE('',*,*,#1851,.T.);
#2653=ORIENTED_EDGE('',*,*,#1785,.F.);
#2654=ORIENTED_EDGE('',*,*,#1852,.F.);
#2655=ORIENTED_EDGE('',*,*,#1605,.F.);
#2656=ORIENTED_EDGE('',*,*,#1852,.T.);
#2657=ORIENTED_EDGE('',*,*,#1784,.F.);
#2658=ORIENTED_EDGE('',*,*,#1853,.F.);
#2659=ORIENTED_EDGE('',*,*,#1606,.F.);
#2660=ORIENTED_EDGE('',*,*,#1853,.T.);
#2661=ORIENTED_EDGE('',*,*,#1783,.F.);
#2662=ORIENTED_EDGE('',*,*,#1854,.F.);
#2663=ORIENTED_EDGE('',*,*,#1607,.F.);
#2664=ORIENTED_EDGE('',*,*,#1854,.T.);
#2665=ORIENTED_EDGE('',*,*,#1782,.F.);
#2666=ORIENTED_EDGE('',*,*,#1855,.F.);
#2667=ORIENTED_EDGE('',*,*,#1608,.F.);
#2668=ORIENTED_EDGE('',*,*,#1855,.T.);
#2669=ORIENTED_EDGE('',*,*,#1781,.F.);
#2670=ORIENTED_EDGE('',*,*,#1856,.F.);
#2671=ORIENTED_EDGE('',*,*,#1609,.T.);
#2672=ORIENTED_EDGE('',*,*,#1856,.T.);
#2673=ORIENTED_EDGE('',*,*,#1780,.F.);
#2674=ORIENTED_EDGE('',*,*,#1857,.F.);
#2675=ORIENTED_EDGE('',*,*,#1610,.F.);
#2676=ORIENTED_EDGE('',*,*,#1857,.T.);
#2677=ORIENTED_EDGE('',*,*,#1779,.F.);
#2678=ORIENTED_EDGE('',*,*,#1858,.F.);
#2679=ORIENTED_EDGE('',*,*,#1603,.T.);
#2680=ORIENTED_EDGE('',*,*,#1858,.T.);
#2681=ORIENTED_EDGE('',*,*,#1778,.F.);
#2682=ORIENTED_EDGE('',*,*,#1851,.F.);
#2683=ORIENTED_EDGE('',*,*,#1596,.F.);
#2684=ORIENTED_EDGE('',*,*,#1859,.T.);
#2685=ORIENTED_EDGE('',*,*,#1793,.F.);
#2686=ORIENTED_EDGE('',*,*,#1860,.F.);
#2687=ORIENTED_EDGE('',*,*,#1597,.F.);
#2688=ORIENTED_EDGE('',*,*,#1860,.T.);
#2689=ORIENTED_EDGE('',*,*,#1792,.F.);
#2690=ORIENTED_EDGE('',*,*,#1861,.F.);
#2691=ORIENTED_EDGE('',*,*,#1598,.F.);
#2692=ORIENTED_EDGE('',*,*,#1861,.T.);
#2693=ORIENTED_EDGE('',*,*,#1791,.F.);
#2694=ORIENTED_EDGE('',*,*,#1862,.F.);
#2695=ORIENTED_EDGE('',*,*,#1599,.F.);
#2696=ORIENTED_EDGE('',*,*,#1862,.T.);
#2697=ORIENTED_EDGE('',*,*,#1790,.F.);
#2698=ORIENTED_EDGE('',*,*,#1863,.F.);
#2699=ORIENTED_EDGE('',*,*,#1600,.F.);
#2700=ORIENTED_EDGE('',*,*,#1863,.T.);
#2701=ORIENTED_EDGE('',*,*,#1789,.F.);
#2702=ORIENTED_EDGE('',*,*,#1864,.F.);
#2703=ORIENTED_EDGE('',*,*,#1601,.T.);
#2704=ORIENTED_EDGE('',*,*,#1864,.T.);
#2705=ORIENTED_EDGE('',*,*,#1788,.F.);
#2706=ORIENTED_EDGE('',*,*,#1865,.F.);
#2707=ORIENTED_EDGE('',*,*,#1602,.F.);
#2708=ORIENTED_EDGE('',*,*,#1865,.T.);
#2709=ORIENTED_EDGE('',*,*,#1787,.F.);
#2710=ORIENTED_EDGE('',*,*,#1866,.F.);
#2711=ORIENTED_EDGE('',*,*,#1595,.T.);
#2712=ORIENTED_EDGE('',*,*,#1866,.T.);
#2713=ORIENTED_EDGE('',*,*,#1786,.F.);
#2714=ORIENTED_EDGE('',*,*,#1859,.F.);
#2715=PLANE('',#2979);
#2716=PLANE('',#2980);
#2717=PLANE('',#2981);
#2718=PLANE('',#2982);
#2719=PLANE('',#2983);
#2720=PLANE('',#2984);
#2721=PLANE('',#2986);
#2722=PLANE('',#2990);
#2723=PLANE('',#2992);
#2724=PLANE('',#2993);
#2725=PLANE('',#2997);
#2726=PLANE('',#2998);
#2727=PLANE('',#2999);
#2728=PLANE('',#3000);
#2729=PLANE('',#3001);
#2730=PLANE('',#3002);
#2731=PLANE('',#3004);
#2732=PLANE('',#3006);
#2733=PLANE('',#3009);
#2734=PLANE('',#3014);
#2735=PLANE('',#3015);
#2736=PLANE('',#3019);
#2737=PLANE('',#3023);
#2738=PLANE('',#3024);
#2739=PLANE('',#3027);
#2740=PLANE('',#3028);
#2741=PLANE('',#3032);
#2742=PLANE('',#3036);
#2743=PLANE('',#3037);
#2744=PLANE('',#3040);
#2745=PLANE('',#3043);
#2746=PLANE('',#3089);
#2747=PLANE('',#3090);
#2748=PLANE('',#3092);
#2749=PLANE('',#3094);
#2750=PLANE('',#3096);
#2751=PLANE('',#3098);
#2752=PLANE('',#3100);
#2753=PLANE('',#3101);
#2754=PLANE('',#3102);
#2755=PLANE('',#3106);
#2756=PLANE('',#3110);
#2757=PLANE('',#3114);
#2758=PLANE('',#3118);
#2759=PLANE('',#3122);
#2760=PLANE('',#3124);
#2761=PLANE('',#3126);
#2762=PLANE('',#3127);
#2763=PLANE('',#3133);
#2764=PLANE('',#3135);
#2765=PLANE('',#3137);
#2766=PLANE('',#3139);
#2767=PLANE('',#3142);
#2768=PLANE('',#3145);
#2769=PLANE('',#3147);
#2770=PLANE('',#3149);
#2771=PLANE('',#3154);
#2772=PLANE('',#3188);
#2773=PLANE('',#3190);
#2774=PLANE('',#3200);
#2775=PLANE('',#3203);
#2776=PLANE('',#3205);
#2777=PLANE('',#3207);
#2778=PLANE('',#3209);
#2779=PLANE('',#3211);
#2780=PLANE('',#3213);
#2781=PLANE('',#3215);
#2782=PLANE('',#3217);
#2783=PLANE('',#3219);
#2784=PLANE('',#3221);
#2785=PLANE('',#3223);
#2786=PLANE('',#3225);
#2787=PLANE('',#3227);
#2788=PLANE('',#3229);
#2789=PLANE('',#3231);
#2790=PLANE('',#3233);
#2791=PLANE('',#3235);
#2792=PLANE('',#3236);
#2793=PLANE('',#3237);
#2794=PLANE('',#3239);
#2795=PLANE('',#3241);
#2796=PLANE('',#3243);
#2797=PLANE('',#3245);
#2798=PLANE('',#3247);
#2799=PLANE('',#3249);
#2800=PLANE('',#3251);
#2801=PLANE('',#3253);
#2802=PLANE('',#3255);
#2803=PLANE('',#3257);
#2804=PLANE('',#3259);
#2805=PLANE('',#3261);
#2806=ADVANCED_FACE('',(#230),#2715,.T.);
#2807=ADVANCED_FACE('',(#231),#2716,.T.);
#2808=ADVANCED_FACE('',(#232),#2717,.T.);
#2809=ADVANCED_FACE('',(#233),#2718,.T.);
#2810=ADVANCED_FACE('',(#234),#2719,.F.);
#2811=ADVANCED_FACE('',(#235),#2720,.F.);
#2812=ADVANCED_FACE('',(#236,#83),#2721,.T.);
#2813=ADVANCED_FACE('',(#237),#2722,.F.);
#2814=ADVANCED_FACE('',(#238),#2723,.F.);
#2815=ADVANCED_FACE('',(#239),#2724,.F.);
#2816=ADVANCED_FACE('',(#240),#2725,.T.);
#2817=ADVANCED_FACE('',(#241),#2726,.T.);
#2818=ADVANCED_FACE('',(#242),#2727,.T.);
#2819=ADVANCED_FACE('',(#243),#2728,.T.);
#2820=ADVANCED_FACE('',(#244),#2729,.T.);
#2821=ADVANCED_FACE('',(#245),#2730,.T.);
#2822=ADVANCED_FACE('',(#246),#2731,.T.);
#2823=ADVANCED_FACE('',(#247),#2732,.T.);
#2824=ADVANCED_FACE('',(#248),#29,.F.);
#2825=ADVANCED_FACE('',(#249),#2733,.T.);
#2826=ADVANCED_FACE('',(#250),#30,.F.);
#2827=ADVANCED_FACE('',(#251),#31,.F.);
#2828=ADVANCED_FACE('',(#252),#2734,.T.);
#2829=ADVANCED_FACE('',(#253),#2735,.T.);
#2830=ADVANCED_FACE('',(#254),#15,.F.);
#2831=ADVANCED_FACE('',(#255),#2736,.T.);
#2832=ADVANCED_FACE('',(#256),#16,.F.);
#2833=ADVANCED_FACE('',(#257),#2737,.T.);
#2834=ADVANCED_FACE('',(#258),#2738,.F.);
#2835=ADVANCED_FACE('',(#259),#32,.F.);
#2836=ADVANCED_FACE('',(#260),#33,.F.);
#2837=ADVANCED_FACE('',(#261),#2739,.F.);
#2838=ADVANCED_FACE('',(#262),#2740,.T.);
#2839=ADVANCED_FACE('',(#263),#17,.F.);
#2840=ADVANCED_FACE('',(#264),#2741,.T.);
#2841=ADVANCED_FACE('',(#265),#18,.F.);
#2842=ADVANCED_FACE('',(#266),#2742,.T.);
#2843=ADVANCED_FACE('',(#267),#2743,.F.);
#2844=ADVANCED_FACE('',(#268),#34,.F.);
#2845=ADVANCED_FACE('',(#269),#2744,.F.);
#2846=ADVANCED_FACE('',(#270),#35,.F.);
#2847=ADVANCED_FACE('',(#271,#84,#85,#86,#87,#88,#89,#90,#91,#92,#93,#94,
#95,#96),#2745,.F.);
#2848=ADVANCED_FACE('',(#272),#2746,.F.);
#2849=ADVANCED_FACE('',(#273),#2747,.F.);
#2850=ADVANCED_FACE('',(#274),#2748,.F.);
#2851=ADVANCED_FACE('',(#275),#2749,.F.);
#2852=ADVANCED_FACE('',(#276),#2750,.F.);
#2853=ADVANCED_FACE('',(#277),#2751,.F.);
#2854=ADVANCED_FACE('',(#278),#2752,.F.);
#2855=ADVANCED_FACE('',(#279),#2753,.T.);
#2856=ADVANCED_FACE('',(#280),#2754,.T.);
#2857=ADVANCED_FACE('',(#281),#19,.T.);
#2858=ADVANCED_FACE('',(#282),#2755,.T.);
#2859=ADVANCED_FACE('',(#283),#20,.T.);
#2860=ADVANCED_FACE('',(#284),#2756,.T.);
#2861=ADVANCED_FACE('',(#285),#21,.T.);
#2862=ADVANCED_FACE('',(#286),#2757,.T.);
#2863=ADVANCED_FACE('',(#287),#22,.T.);
#2864=ADVANCED_FACE('',(#288),#2758,.T.);
#2865=ADVANCED_FACE('',(#289),#23,.T.);
#2866=ADVANCED_FACE('',(#290),#2759,.T.);
#2867=ADVANCED_FACE('',(#291),#36,.T.);
#2868=ADVANCED_FACE('',(#292),#2760,.T.);
#2869=ADVANCED_FACE('',(#293),#37,.T.);
#2870=ADVANCED_FACE('',(#294),#2761,.T.);
#2871=ADVANCED_FACE('',(#295,#97),#2762,.T.);
#2872=ADVANCED_FACE('',(#296),#2763,.T.);
#2873=ADVANCED_FACE('',(#297),#24,.F.);
#2874=ADVANCED_FACE('',(#298),#2764,.T.);
#2875=ADVANCED_FACE('',(#299),#25,.F.);
#2876=ADVANCED_FACE('',(#300),#2765,.T.);
#2877=ADVANCED_FACE('',(#301),#26,.F.);
#2878=ADVANCED_FACE('',(#302),#2766,.T.);
#2879=ADVANCED_FACE('',(#303),#27,.F.);
#2880=ADVANCED_FACE('',(#304),#2767,.T.);
#2881=ADVANCED_FACE('',(#305),#28,.F.);
#2882=ADVANCED_FACE('',(#306),#2768,.T.);
#2883=ADVANCED_FACE('',(#307),#38,.F.);
#2884=ADVANCED_FACE('',(#308),#2769,.T.);
#2885=ADVANCED_FACE('',(#309),#39,.F.);
#2886=ADVANCED_FACE('',(#310),#2770,.T.);
#2887=ADVANCED_FACE('',(#311),#40,.F.);
#2888=ADVANCED_FACE('',(#312),#41,.F.);
#2889=ADVANCED_FACE('',(#313,#98,#99,#100,#101,#102,#103,#104,#105),#2771,
 .T.);
#2890=ADVANCED_FACE('',(#314),#42,.T.);
#2891=ADVANCED_FACE('',(#315),#2772,.T.);
#2892=ADVANCED_FACE('',(#316),#43,.T.);
#2893=ADVANCED_FACE('',(#317),#2773,.T.);
#2894=ADVANCED_FACE('',(#318),#44,.T.);
#2895=ADVANCED_FACE('',(#319),#45,.F.);
#2896=ADVANCED_FACE('',(#320),#46,.F.);
#2897=ADVANCED_FACE('',(#321),#47,.F.);
#2898=ADVANCED_FACE('',(#322),#48,.F.);
#2899=ADVANCED_FACE('',(#323),#49,.F.);
#2900=ADVANCED_FACE('',(#324),#50,.F.);
#2901=ADVANCED_FACE('',(#325),#51,.F.);
#2902=ADVANCED_FACE('',(#326),#52,.F.);
#2903=ADVANCED_FACE('',(#327),#2774,.F.);
#2904=ADVANCED_FACE('',(#328),#53,.F.);
#2905=ADVANCED_FACE('',(#329),#54,.F.);
#2906=ADVANCED_FACE('',(#330),#2775,.F.);
#2907=ADVANCED_FACE('',(#331),#55,.F.);
#2908=ADVANCED_FACE('',(#332),#2776,.T.);
#2909=ADVANCED_FACE('',(#333),#56,.F.);
#2910=ADVANCED_FACE('',(#334),#2777,.T.);
#2911=ADVANCED_FACE('',(#335),#57,.F.);
#2912=ADVANCED_FACE('',(#336),#2778,.T.);
#2913=ADVANCED_FACE('',(#337),#58,.F.);
#2914=ADVANCED_FACE('',(#338),#2779,.T.);
#2915=ADVANCED_FACE('',(#339),#59,.F.);
#2916=ADVANCED_FACE('',(#340),#2780,.T.);
#2917=ADVANCED_FACE('',(#341),#60,.F.);
#2918=ADVANCED_FACE('',(#342),#2781,.T.);
#2919=ADVANCED_FACE('',(#343),#61,.F.);
#2920=ADVANCED_FACE('',(#344),#2782,.T.);
#2921=ADVANCED_FACE('',(#345),#62,.F.);
#2922=ADVANCED_FACE('',(#346),#2783,.T.);
#2923=ADVANCED_FACE('',(#347),#63,.F.);
#2924=ADVANCED_FACE('',(#348),#2784,.T.);
#2925=ADVANCED_FACE('',(#349),#64,.F.);
#2926=ADVANCED_FACE('',(#350),#2785,.T.);
#2927=ADVANCED_FACE('',(#351),#65,.F.);
#2928=ADVANCED_FACE('',(#352),#2786,.T.);
#2929=ADVANCED_FACE('',(#353),#66,.F.);
#2930=ADVANCED_FACE('',(#354),#2787,.T.);
#2931=ADVANCED_FACE('',(#355),#67,.F.);
#2932=ADVANCED_FACE('',(#356),#2788,.T.);
#2933=ADVANCED_FACE('',(#357),#68,.F.);
#2934=ADVANCED_FACE('',(#358),#2789,.T.);
#2935=ADVANCED_FACE('',(#359),#69,.F.);
#2936=ADVANCED_FACE('',(#360),#2790,.T.);
#2937=ADVANCED_FACE('',(#361),#70,.F.);
#2938=ADVANCED_FACE('',(#362),#2791,.T.);
#2939=ADVANCED_FACE('',(#363),#2792,.T.);
#2940=ADVANCED_FACE('',(#364),#2793,.T.);
#2941=ADVANCED_FACE('',(#365),#71,.F.);
#2942=ADVANCED_FACE('',(#366),#2794,.T.);
#2943=ADVANCED_FACE('',(#367),#72,.F.);
#2944=ADVANCED_FACE('',(#368),#2795,.T.);
#2945=ADVANCED_FACE('',(#369),#73,.F.);
#2946=ADVANCED_FACE('',(#370),#2796,.T.);
#2947=ADVANCED_FACE('',(#371),#74,.F.);
#2948=ADVANCED_FACE('',(#372),#2797,.T.);
#2949=ADVANCED_FACE('',(#373),#75,.F.);
#2950=ADVANCED_FACE('',(#374),#2798,.T.);
#2951=ADVANCED_FACE('',(#375),#76,.F.);
#2952=ADVANCED_FACE('',(#376),#2799,.T.);
#2953=ADVANCED_FACE('',(#377),#77,.F.);
#2954=ADVANCED_FACE('',(#378),#2800,.T.);
#2955=ADVANCED_FACE('',(#379),#78,.F.);
#2956=ADVANCED_FACE('',(#380),#2801,.T.);
#2957=ADVANCED_FACE('',(#381),#79,.F.);
#2958=ADVANCED_FACE('',(#382),#2802,.T.);
#2959=ADVANCED_FACE('',(#383),#80,.F.);
#2960=ADVANCED_FACE('',(#384),#2803,.T.);
#2961=ADVANCED_FACE('',(#385),#81,.F.);
#2962=ADVANCED_FACE('',(#386),#2804,.T.);
#2963=ADVANCED_FACE('',(#387),#82,.F.);
#2964=ADVANCED_FACE('',(#388),#2805,.T.);
#2965=CLOSED_SHELL('',(#2806,#2807,#2808,#2809,#2810,#2811,#2812,#2813,
#2814,#2815,#2816,#2817,#2818,#2819,#2820,#2821,#2822,#2823,#2824,#2825,
#2826,#2827,#2828,#2829,#2830,#2831,#2832,#2833,#2834,#2835,#2836,#2837,
#2838,#2839,#2840,#2841,#2842,#2843,#2844,#2845,#2846,#2847,#2848,#2849,
#2850,#2851,#2852,#2853,#2854,#2855,#2856,#2857,#2858,#2859,#2860,#2861,
#2862,#2863,#2864,#2865,#2866,#2867,#2868,#2869,#2870,#2871,#2872,#2873,
#2874,#2875,#2876,#2877,#2878,#2879,#2880,#2881,#2882,#2883,#2884,#2885,
#2886,#2887,#2888,#2889,#2890,#2891,#2892,#2893,#2894,#2895,#2896,#2897,
#2898,#2899,#2900,#2901,#2902,#2903,#2904,#2905,#2906,#2907,#2908,#2909,
#2910,#2911,#2912,#2913,#2914,#2915,#2916,#2917,#2918,#2919,#2920,#2921,
#2922,#2923,#2924,#2925,#2926,#2927,#2928,#2929,#2930,#2931,#2932,#2933,
#2934,#2935,#2936,#2937,#2938,#2939,#2940,#2941,#2942,#2943,#2944,#2945,
#2946,#2947,#2948,#2949,#2950,#2951,#2952,#2953,#2954,#2955,#2956,#2957,
#2958,#2959,#2960,#2961,#2962,#2963,#2964));
#2966=DERIVED_UNIT_ELEMENT(#2968,1.);
#2967=DERIVED_UNIT_ELEMENT(#4991,-3.);
#2968=(
MASS_UNIT()
NAMED_UNIT(*)
SI_UNIT(.KILO.,.GRAM.)
);
#2969=DERIVED_UNIT((#2966,#2967));
#2970=MEASURE_REPRESENTATION_ITEM('density measure',
POSITIVE_RATIO_MEASURE(7850.),#2969);
#2971=PROPERTY_DEFINITION_REPRESENTATION(#2976,#2973);
#2972=PROPERTY_DEFINITION_REPRESENTATION(#2977,#2974);
#2973=REPRESENTATION('material name',(#2975),#4988);
#2974=REPRESENTATION('density',(#2970),#4988);
#2975=DESCRIPTIVE_REPRESENTATION_ITEM('Steel','Steel');
#2976=PROPERTY_DEFINITION('material property','material name',#4998);
#2977=PROPERTY_DEFINITION('material property','density of part',#4998);
#2978=AXIS2_PLACEMENT_3D('',#4130,#3262,#3263);
#2979=AXIS2_PLACEMENT_3D('',#4131,#3264,#3265);
#2980=AXIS2_PLACEMENT_3D('',#4140,#3270,#3271);
#2981=AXIS2_PLACEMENT_3D('',#4149,#3276,#3277);
#2982=AXIS2_PLACEMENT_3D('',#4152,#3280,#3281);
#2983=AXIS2_PLACEMENT_3D('',#4155,#3284,#3285);
#2984=AXIS2_PLACEMENT_3D('',#4161,#3289,#3290);
#2985=AXIS2_PLACEMENT_3D('',#4165,#3292,#3293);
#2986=AXIS2_PLACEMENT_3D('',#4167,#3295,#3296);
#2987=AXIS2_PLACEMENT_3D('',#4174,#3299,#3300);
#2988=AXIS2_PLACEMENT_3D('',#4178,#3302,#3303);
#2989=AXIS2_PLACEMENT_3D('',#4182,#3305,#3306);
#2990=AXIS2_PLACEMENT_3D('',#4184,#3308,#3309);
#2991=AXIS2_PLACEMENT_3D('',#4188,#3311,#3312);
#2992=AXIS2_PLACEMENT_3D('',#4190,#3314,#3315);
#2993=AXIS2_PLACEMENT_3D('',#4192,#3317,#3318);
#2994=AXIS2_PLACEMENT_3D('',#4198,#3321,#3322);
#2995=AXIS2_PLACEMENT_3D('',#4202,#3324,#3325);
#2996=AXIS2_PLACEMENT_3D('',#4206,#3327,#3328);
#2997=AXIS2_PLACEMENT_3D('',#4214,#3333,#3334);
#2998=AXIS2_PLACEMENT_3D('',#4220,#3338,#3339);
#2999=AXIS2_PLACEMENT_3D('',#4226,#3343,#3344);
#3000=AXIS2_PLACEMENT_3D('',#4235,#3349,#3350);
#3001=AXIS2_PLACEMENT_3D('',#4241,#3354,#3355);
#3002=AXIS2_PLACEMENT_3D('',#4249,#3360,#3361);
#3003=AXIS2_PLACEMENT_3D('',#4251,#3362,#3363);
#3004=AXIS2_PLACEMENT_3D('',#4256,#3367,#3368);
#3005=AXIS2_PLACEMENT_3D('',#4263,#3372,#3373);
#3006=AXIS2_PLACEMENT_3D('',#4264,#3374,#3375);
#3007=AXIS2_PLACEMENT_3D('',#4272,#3380,#3381);
#3008=AXIS2_PLACEMENT_3D('',#4275,#3383,#3384);
#3009=AXIS2_PLACEMENT_3D('',#4276,#3385,#3386);
#3010=AXIS2_PLACEMENT_3D('',#4280,#3389,#3390);
#3011=AXIS2_PLACEMENT_3D('',#4282,#3391,#3392);
#3012=AXIS2_PLACEMENT_3D('',#4284,#3394,#3395);
#3013=AXIS2_PLACEMENT_3D('',#4287,#3397,#3398);
#3014=AXIS2_PLACEMENT_3D('',#4288,#3399,#3400);
#3015=AXIS2_PLACEMENT_3D('',#4290,#3402,#3403);
#3016=AXIS2_PLACEMENT_3D('',#4299,#3408,#3409);
#3017=AXIS2_PLACEMENT_3D('',#4301,#3410,#3411);
#3018=AXIS2_PLACEMENT_3D('',#4303,#3413,#3414);
#3019=AXIS2_PLACEMENT_3D('',#4304,#3415,#3416);
#3020=AXIS2_PLACEMENT_3D('',#4308,#3419,#3420);
#3021=AXIS2_PLACEMENT_3D('',#4310,#3421,#3422);
#3022=AXIS2_PLACEMENT_3D('',#4313,#3424,#3425);
#3023=AXIS2_PLACEMENT_3D('',#4314,#3426,#3427);
#3024=AXIS2_PLACEMENT_3D('',#4320,#3431,#3432);
#3025=AXIS2_PLACEMENT_3D('',#4323,#3435,#3436);
#3026=AXIS2_PLACEMENT_3D('',#4324,#3437,#3438);
#3027=AXIS2_PLACEMENT_3D('',#4326,#3440,#3441);
#3028=AXIS2_PLACEMENT_3D('',#4330,#3444,#3445);
#3029=AXIS2_PLACEMENT_3D('',#4339,#3450,#3451);
#3030=AXIS2_PLACEMENT_3D('',#4341,#3452,#3453);
#3031=AXIS2_PLACEMENT_3D('',#4344,#3455,#3456);
#3032=AXIS2_PLACEMENT_3D('',#4345,#3457,#3458);
#3033=AXIS2_PLACEMENT_3D('',#4351,#3462,#3463);
#3034=AXIS2_PLACEMENT_3D('',#4353,#3464,#3465);
#3035=AXIS2_PLACEMENT_3D('',#4356,#3467,#3468);
#3036=AXIS2_PLACEMENT_3D('',#4357,#3469,#3470);
#3037=AXIS2_PLACEMENT_3D('',#4363,#3474,#3475);
#3038=AXIS2_PLACEMENT_3D('',#4369,#3479,#3480);
#3039=AXIS2_PLACEMENT_3D('',#4372,#3482,#3483);
#3040=AXIS2_PLACEMENT_3D('',#4373,#3484,#3485);
#3041=AXIS2_PLACEMENT_3D('',#4377,#3488,#3489);
#3042=AXIS2_PLACEMENT_3D('',#4380,#3491,#3492);
#3043=AXIS2_PLACEMENT_3D('',#4381,#3493,#3494);
#3044=AXIS2_PLACEMENT_3D('',#4383,#3495,#3496);
#3045=AXIS2_PLACEMENT_3D('',#4387,#3498,#3499);
#3046=AXIS2_PLACEMENT_3D('',#4390,#3501,#3502);
#3047=AXIS2_PLACEMENT_3D('',#4398,#3507,#3508);
#3048=AXIS2_PLACEMENT_3D('',#4402,#3510,#3511);
#3049=AXIS2_PLACEMENT_3D('',#4406,#3513,#3514);
#3050=AXIS2_PLACEMENT_3D('',#4410,#3516,#3517);
#3051=AXIS2_PLACEMENT_3D('',#4414,#3519,#3520);
#3052=AXIS2_PLACEMENT_3D('',#4421,#3524,#3525);
#3053=AXIS2_PLACEMENT_3D('',#4425,#3527,#3528);
#3054=AXIS2_PLACEMENT_3D('',#4429,#3530,#3531);
#3055=AXIS2_PLACEMENT_3D('',#4432,#3533,#3534);
#3056=AXIS2_PLACEMENT_3D('',#4437,#3536,#3537);
#3057=AXIS2_PLACEMENT_3D('',#4441,#3539,#3540);
#3058=AXIS2_PLACEMENT_3D('',#4445,#3542,#3543);
#3059=AXIS2_PLACEMENT_3D('',#4448,#3545,#3546);
#3060=AXIS2_PLACEMENT_3D('',#4453,#3548,#3549);
#3061=AXIS2_PLACEMENT_3D('',#4457,#3551,#3552);
#3062=AXIS2_PLACEMENT_3D('',#4461,#3554,#3555);
#3063=AXIS2_PLACEMENT_3D('',#4464,#3557,#3558);
#3064=AXIS2_PLACEMENT_3D('',#4469,#3560,#3561);
#3065=AXIS2_PLACEMENT_3D('',#4473,#3563,#3564);
#3066=AXIS2_PLACEMENT_3D('',#4477,#3566,#3567);
#3067=AXIS2_PLACEMENT_3D('',#4480,#3569,#3570);
#3068=AXIS2_PLACEMENT_3D('',#4485,#3572,#3573);
#3069=AXIS2_PLACEMENT_3D('',#4489,#3575,#3576);
#3070=AXIS2_PLACEMENT_3D('',#4493,#3578,#3579);
#3071=AXIS2_PLACEMENT_3D('',#4496,#3581,#3582);
#3072=AXIS2_PLACEMENT_3D('',#4501,#3584,#3585);
#3073=AXIS2_PLACEMENT_3D('',#4505,#3587,#3588);
#3074=AXIS2_PLACEMENT_3D('',#4509,#3590,#3591);
#3075=AXIS2_PLACEMENT_3D('',#4512,#3593,#3594);
#3076=AXIS2_PLACEMENT_3D('',#4517,#3596,#3597);
#3077=AXIS2_PLACEMENT_3D('',#4521,#3599,#3600);
#3078=AXIS2_PLACEMENT_3D('',#4525,#3602,#3603);
#3079=AXIS2_PLACEMENT_3D('',#4528,#3605,#3606);
#3080=AXIS2_PLACEMENT_3D('',#4533,#3608,#3609);
#3081=AXIS2_PLACEMENT_3D('',#4537,#3611,#3612);
#3082=AXIS2_PLACEMENT_3D('',#4541,#3614,#3615);
#3083=AXIS2_PLACEMENT_3D('',#4544,#3617,#3618);
#3084=AXIS2_PLACEMENT_3D('',#4546,#3619,#3620);
#3085=AXIS2_PLACEMENT_3D('',#4548,#3621,#3622);
#3086=AXIS2_PLACEMENT_3D('',#4550,#3623,#3624);
#3087=AXIS2_PLACEMENT_3D('',#4552,#3625,#3626);
#3088=AXIS2_PLACEMENT_3D('',#4554,#3627,#3628);
#3089=AXIS2_PLACEMENT_3D('',#4555,#3629,#3630);
#3090=AXIS2_PLACEMENT_3D('',#4557,#3632,#3633);
#3091=AXIS2_PLACEMENT_3D('',#4559,#3634,#3635);
#3092=AXIS2_PLACEMENT_3D('',#4560,#3636,#3637);
#3093=AXIS2_PLACEMENT_3D('',#4562,#3638,#3639);
#3094=AXIS2_PLACEMENT_3D('',#4563,#3640,#3641);
#3095=AXIS2_PLACEMENT_3D('',#4565,#3642,#3643);
#3096=AXIS2_PLACEMENT_3D('',#4566,#3644,#3645);
#3097=AXIS2_PLACEMENT_3D('',#4568,#3646,#3647);
#3098=AXIS2_PLACEMENT_3D('',#4569,#3648,#3649);
#3099=AXIS2_PLACEMENT_3D('',#4571,#3650,#3651);
#3100=AXIS2_PLACEMENT_3D('',#4572,#3652,#3653);
#3101=AXIS2_PLACEMENT_3D('',#4573,#3654,#3655);
#3102=AXIS2_PLACEMENT_3D('',#4574,#3656,#3657);
#3103=AXIS2_PLACEMENT_3D('',#4583,#3662,#3663);
#3104=AXIS2_PLACEMENT_3D('',#4587,#3665,#3666);
#3105=AXIS2_PLACEMENT_3D('',#4588,#3667,#3668);
#3106=AXIS2_PLACEMENT_3D('',#4589,#3669,#3670);
#3107=AXIS2_PLACEMENT_3D('',#4595,#3674,#3675);
#3108=AXIS2_PLACEMENT_3D('',#4599,#3677,#3678);
#3109=AXIS2_PLACEMENT_3D('',#4600,#3679,#3680);
#3110=AXIS2_PLACEMENT_3D('',#4601,#3681,#3682);
#3111=AXIS2_PLACEMENT_3D('',#4607,#3686,#3687);
#3112=AXIS2_PLACEMENT_3D('',#4611,#3689,#3690);
#3113=AXIS2_PLACEMENT_3D('',#4612,#3691,#3692);
#3114=AXIS2_PLACEMENT_3D('',#4613,#3693,#3694);
#3115=AXIS2_PLACEMENT_3D('',#4619,#3698,#3699);
#3116=AXIS2_PLACEMENT_3D('',#4623,#3701,#3702);
#3117=AXIS2_PLACEMENT_3D('',#4624,#3703,#3704);
#3118=AXIS2_PLACEMENT_3D('',#4625,#3705,#3706);
#3119=AXIS2_PLACEMENT_3D('',#4631,#3710,#3711);
#3120=AXIS2_PLACEMENT_3D('',#4632,#3712,#3713);
#3121=AXIS2_PLACEMENT_3D('',#4633,#3714,#3715);
#3122=AXIS2_PLACEMENT_3D('',#4634,#3716,#3717);
#3123=AXIS2_PLACEMENT_3D('',#4637,#3720,#3721);
#3124=AXIS2_PLACEMENT_3D('',#4639,#3723,#3724);
#3125=AXIS2_PLACEMENT_3D('',#4641,#3726,#3727);
#3126=AXIS2_PLACEMENT_3D('',#4643,#3729,#3730);
#3127=AXIS2_PLACEMENT_3D('',#4645,#3732,#3733);
#3128=AXIS2_PLACEMENT_3D('',#4650,#3735,#3736);
#3129=AXIS2_PLACEMENT_3D('',#4654,#3738,#3739);
#3130=AXIS2_PLACEMENT_3D('',#4658,#3741,#3742);
#3131=AXIS2_PLACEMENT_3D('',#4662,#3744,#3745);
#3132=AXIS2_PLACEMENT_3D('',#4665,#3747,#3748);
#3133=AXIS2_PLACEMENT_3D('',#4666,#3749,#3750);
#3134=AXIS2_PLACEMENT_3D('',#4669,#3753,#3754);
#3135=AXIS2_PLACEMENT_3D('',#4671,#3756,#3757);
#3136=AXIS2_PLACEMENT_3D('',#4673,#3759,#3760);
#3137=AXIS2_PLACEMENT_3D('',#4675,#3762,#3763);
#3138=AXIS2_PLACEMENT_3D('',#4677,#3765,#3766);
#3139=AXIS2_PLACEMENT_3D('',#4679,#3768,#3769);
#3140=AXIS2_PLACEMENT_3D('',#4681,#3771,#3772);
#3141=AXIS2_PLACEMENT_3D('',#4684,#3774,#3775);
#3142=AXIS2_PLACEMENT_3D('',#4685,#3776,#3777);
#3143=AXIS2_PLACEMENT_3D('',#4689,#3780,#3781);
#3144=AXIS2_PLACEMENT_3D('',#4690,#3782,#3783);
#3145=AXIS2_PLACEMENT_3D('',#4691,#3784,#3785);
#3146=AXIS2_PLACEMENT_3D('',#4694,#3788,#3789);
#3147=AXIS2_PLACEMENT_3D('',#4696,#3791,#3792);
#3148=AXIS2_PLACEMENT_3D('',#4698,#3794,#3795);
#3149=AXIS2_PLACEMENT_3D('',#4699,#3796,#3797);
#3150=AXIS2_PLACEMENT_3D('',#4705,#3801,#3802);
#3151=AXIS2_PLACEMENT_3D('',#4706,#3803,#3804);
#3152=AXIS2_PLACEMENT_3D('',#4707,#3805,#3806);
#3153=AXIS2_PLACEMENT_3D('',#4708,#3807,#3808);
#3154=AXIS2_PLACEMENT_3D('',#4709,#3809,#3810);
#3155=AXIS2_PLACEMENT_3D('',#4714,#3812,#3813);
#3156=AXIS2_PLACEMENT_3D('',#4718,#3815,#3816);
#3157=AXIS2_PLACEMENT_3D('',#4722,#3818,#3819);
#3158=AXIS2_PLACEMENT_3D('',#4725,#3821,#3822);
#3159=AXIS2_PLACEMENT_3D('',#4730,#3824,#3825);
#3160=AXIS2_PLACEMENT_3D('',#4734,#3827,#3828);
#3161=AXIS2_PLACEMENT_3D('',#4738,#3830,#3831);
#3162=AXIS2_PLACEMENT_3D('',#4741,#3833,#3834);
#3163=AXIS2_PLACEMENT_3D('',#4746,#3836,#3837);
#3164=AXIS2_PLACEMENT_3D('',#4750,#3839,#3840);
#3165=AXIS2_PLACEMENT_3D('',#4754,#3842,#3843);
#3166=AXIS2_PLACEMENT_3D('',#4757,#3845,#3846);
#3167=AXIS2_PLACEMENT_3D('',#4762,#3848,#3849);
#3168=AXIS2_PLACEMENT_3D('',#4766,#3851,#3852);
#3169=AXIS2_PLACEMENT_3D('',#4770,#3854,#3855);
#3170=AXIS2_PLACEMENT_3D('',#4773,#3857,#3858);
#3171=AXIS2_PLACEMENT_3D('',#4778,#3860,#3861);
#3172=AXIS2_PLACEMENT_3D('',#4782,#3863,#3864);
#3173=AXIS2_PLACEMENT_3D('',#4786,#3866,#3867);
#3174=AXIS2_PLACEMENT_3D('',#4789,#3869,#3870);
#3175=AXIS2_PLACEMENT_3D('',#4794,#3872,#3873);
#3176=AXIS2_PLACEMENT_3D('',#4798,#3875,#3876);
#3177=AXIS2_PLACEMENT_3D('',#4802,#3878,#3879);
#3178=AXIS2_PLACEMENT_3D('',#4805,#3881,#3882);
#3179=AXIS2_PLACEMENT_3D('',#4810,#3884,#3885);
#3180=AXIS2_PLACEMENT_3D('',#4814,#3887,#3888);
#3181=AXIS2_PLACEMENT_3D('',#4818,#3890,#3891);
#3182=AXIS2_PLACEMENT_3D('',#4821,#3893,#3894);
#3183=AXIS2_PLACEMENT_3D('',#4826,#3896,#3897);
#3184=AXIS2_PLACEMENT_3D('',#4830,#3899,#3900);
#3185=AXIS2_PLACEMENT_3D('',#4834,#3902,#3903);
#3186=AXIS2_PLACEMENT_3D('',#4837,#3905,#3906);
#3187=AXIS2_PLACEMENT_3D('',#4838,#3907,#3908);
#3188=AXIS2_PLACEMENT_3D('',#4840,#3910,#3911);
#3189=AXIS2_PLACEMENT_3D('',#4842,#3913,#3914);
#3190=AXIS2_PLACEMENT_3D('',#4844,#3916,#3917);
#3191=AXIS2_PLACEMENT_3D('',#4846,#3919,#3920);
#3192=AXIS2_PLACEMENT_3D('',#4847,#3921,#3922);
#3193=AXIS2_PLACEMENT_3D('',#4848,#3923,#3924);
#3194=AXIS2_PLACEMENT_3D('',#4850,#3926,#3927);
#3195=AXIS2_PLACEMENT_3D('',#4852,#3929,#3930);
#3196=AXIS2_PLACEMENT_3D('',#4854,#3932,#3933);
#3197=AXIS2_PLACEMENT_3D('',#4856,#3935,#3936);
#3198=AXIS2_PLACEMENT_3D('',#4858,#3938,#3939);
#3199=AXIS2_PLACEMENT_3D('',#4861,#3942,#3943);
#3200=AXIS2_PLACEMENT_3D('',#4864,#3946,#3947);
#3201=AXIS2_PLACEMENT_3D('',#4865,#3948,#3949);
#3202=AXIS2_PLACEMENT_3D('',#4868,#3952,#3953);
#3203=AXIS2_PLACEMENT_3D('',#4871,#3956,#3957);
#3204=AXIS2_PLACEMENT_3D('',#4872,#3958,#3959);
#3205=AXIS2_PLACEMENT_3D('',#4875,#3962,#3963);
#3206=AXIS2_PLACEMENT_3D('',#4877,#3965,#3966);
#3207=AXIS2_PLACEMENT_3D('',#4879,#3968,#3969);
#3208=AXIS2_PLACEMENT_3D('',#4881,#3971,#3972);
#3209=AXIS2_PLACEMENT_3D('',#4883,#3974,#3975);
#3210=AXIS2_PLACEMENT_3D('',#4885,#3977,#3978);
#3211=AXIS2_PLACEMENT_3D('',#4887,#3980,#3981);
#3212=AXIS2_PLACEMENT_3D('',#4888,#3982,#3983);
#3213=AXIS2_PLACEMENT_3D('',#4891,#3986,#3987);
#3214=AXIS2_PLACEMENT_3D('',#4893,#3989,#3990);
#3215=AXIS2_PLACEMENT_3D('',#4895,#3992,#3993);
#3216=AXIS2_PLACEMENT_3D('',#4897,#3995,#3996);
#3217=AXIS2_PLACEMENT_3D('',#4899,#3998,#3999);
#3218=AXIS2_PLACEMENT_3D('',#4901,#4001,#4002);
#3219=AXIS2_PLACEMENT_3D('',#4903,#4004,#4005);
#3220=AXIS2_PLACEMENT_3D('',#4904,#4006,#4007);
#3221=AXIS2_PLACEMENT_3D('',#4907,#4010,#4011);
#3222=AXIS2_PLACEMENT_3D('',#4909,#4013,#4014);
#3223=AXIS2_PLACEMENT_3D('',#4911,#4016,#4017);
#3224=AXIS2_PLACEMENT_3D('',#4913,#4019,#4020);
#3225=AXIS2_PLACEMENT_3D('',#4915,#4022,#4023);
#3226=AXIS2_PLACEMENT_3D('',#4917,#4025,#4026);
#3227=AXIS2_PLACEMENT_3D('',#4919,#4028,#4029);
#3228=AXIS2_PLACEMENT_3D('',#4920,#4030,#4031);
#3229=AXIS2_PLACEMENT_3D('',#4923,#4034,#4035);
#3230=AXIS2_PLACEMENT_3D('',#4925,#4037,#4038);
#3231=AXIS2_PLACEMENT_3D('',#4927,#4040,#4041);
#3232=AXIS2_PLACEMENT_3D('',#4929,#4043,#4044);
#3233=AXIS2_PLACEMENT_3D('',#4931,#4046,#4047);
#3234=AXIS2_PLACEMENT_3D('',#4933,#4049,#4050);
#3235=AXIS2_PLACEMENT_3D('',#4935,#4052,#4053);
#3236=AXIS2_PLACEMENT_3D('',#4936,#4054,#4055);
#3237=AXIS2_PLACEMENT_3D('',#4937,#4056,#4057);
#3238=AXIS2_PLACEMENT_3D('',#4938,#4058,#4059);
#3239=AXIS2_PLACEMENT_3D('',#4941,#4062,#4063);
#3240=AXIS2_PLACEMENT_3D('',#4943,#4065,#4066);
#3241=AXIS2_PLACEMENT_3D('',#4945,#4068,#4069);
#3242=AXIS2_PLACEMENT_3D('',#4947,#4071,#4072);
#3243=AXIS2_PLACEMENT_3D('',#4949,#4074,#4075);
#3244=AXIS2_PLACEMENT_3D('',#4951,#4077,#4078);
#3245=AXIS2_PLACEMENT_3D('',#4953,#4080,#4081);
#3246=AXIS2_PLACEMENT_3D('',#4954,#4082,#4083);
#3247=AXIS2_PLACEMENT_3D('',#4957,#4086,#4087);
#3248=AXIS2_PLACEMENT_3D('',#4959,#4089,#4090);
#3249=AXIS2_PLACEMENT_3D('',#4961,#4092,#4093);
#3250=AXIS2_PLACEMENT_3D('',#4963,#4095,#4096);
#3251=AXIS2_PLACEMENT_3D('',#4965,#4098,#4099);
#3252=AXIS2_PLACEMENT_3D('',#4967,#4101,#4102);
#3253=AXIS2_PLACEMENT_3D('',#4969,#4104,#4105);
#3254=AXIS2_PLACEMENT_3D('',#4970,#4106,#4107);
#3255=AXIS2_PLACEMENT_3D('',#4973,#4110,#4111);
#3256=AXIS2_PLACEMENT_3D('',#4975,#4113,#4114);
#3257=AXIS2_PLACEMENT_3D('',#4977,#4116,#4117);
#3258=AXIS2_PLACEMENT_3D('',#4979,#4119,#4120);
#3259=AXIS2_PLACEMENT_3D('',#4981,#4122,#4123);
#3260=AXIS2_PLACEMENT_3D('',#4983,#4125,#4126);
#3261=AXIS2_PLACEMENT_3D('',#4985,#4128,#4129);
#3262=DIRECTION('axis',(0.,0.,1.));
#3263=DIRECTION('refdir',(1.,0.,0.));
#3264=DIRECTION('center_axis',(-0.707106781186548,1.74454715031953E-16,
0.707106781186547));
#3265=DIRECTION('ref_axis',(0.707106781186547,0.,0.707106781186548));
#3266=DIRECTION('',(0.,1.,-2.46716224018121E-16));
#3267=DIRECTION('',(-0.577350269189625,-0.577350269189627,-0.577350269189625));
#3268=DIRECTION('',(0.,-1.,2.46716224018121E-16));
#3269=DIRECTION('',(0.577350269189625,-0.577350269189627,0.577350269189626));
#3270=DIRECTION('center_axis',(0.707106781186545,1.74454715031953E-16,0.70710678118655));
#3271=DIRECTION('ref_axis',(0.70710678118655,0.,-0.707106781186545));
#3272=DIRECTION('',(0.,1.,-2.46716224018121E-16));
#3273=DIRECTION('',(-0.577350269189626,0.577350269189626,0.577350269189625));
#3274=DIRECTION('',(0.,-1.,2.46716224018121E-16));
#3275=DIRECTION('',(-0.577350269189628,-0.577350269189625,0.577350269189624));
#3276=DIRECTION('center_axis',(0.,-0.707106781186547,0.707106781186548));
#3277=DIRECTION('ref_axis',(1.,0.,0.));
#3278=DIRECTION('',(-1.,0.,0.));
#3279=DIRECTION('',(1.,0.,0.));
#3280=DIRECTION('center_axis',(0.,0.707106781186547,0.707106781186548));
#3281=DIRECTION('ref_axis',(1.,0.,0.));
#3282=DIRECTION('',(1.,0.,0.));
#3283=DIRECTION('',(-1.,0.,0.));
#3284=DIRECTION('center_axis',(0.,1.,0.));
#3285=DIRECTION('ref_axis',(-1.,0.,0.));
#3286=DIRECTION('',(0.,0.,1.));
#3287=DIRECTION('',(-1.,0.,0.));
#3288=DIRECTION('',(0.,0.,1.));
#3289=DIRECTION('center_axis',(-1.,0.,0.));
#3290=DIRECTION('ref_axis',(0.,-1.,0.));
#3291=DIRECTION('',(0.,0.,1.));
#3292=DIRECTION('center_axis',(1.,0.,0.));
#3293=DIRECTION('ref_axis',(0.,-0.707106781186547,0.707106781186548));
#3294=DIRECTION('',(0.,-1.,0.));
#3295=DIRECTION('center_axis',(0.,2.46716224018121E-16,1.));
#3296=DIRECTION('ref_axis',(0.,1.,-2.46716224018121E-16));
#3297=DIRECTION('',(-1.,0.,0.));
#3298=DIRECTION('',(0.,-1.,2.46716224018121E-16));
#3299=DIRECTION('center_axis',(0.,-2.46716224018121E-16,-1.));
#3300=DIRECTION('ref_axis',(1.,0.,0.));
#3301=DIRECTION('',(1.,0.,0.));
#3302=DIRECTION('center_axis',(0.,-2.46716224018121E-16,-1.));
#3303=DIRECTION('ref_axis',(7.40148683083436E-15,1.,0.));
#3304=DIRECTION('',(0.707106781186549,0.707106781186546,-1.74454715031952E-16));
#3305=DIRECTION('center_axis',(0.,-2.46716224018121E-16,-1.));
#3306=DIRECTION('ref_axis',(-0.707106781186547,0.707106781186547,0.));
#3307=DIRECTION('',(0.,1.,-2.46716224018121E-16));
#3308=DIRECTION('center_axis',(1.,0.,0.));
#3309=DIRECTION('ref_axis',(0.,1.,0.));
#3310=DIRECTION('',(0.,1.,0.));
#3311=DIRECTION('center_axis',(-1.,0.,0.));
#3312=DIRECTION('ref_axis',(0.,-0.707106781186547,0.707106781186548));
#3313=DIRECTION('',(0.,0.,1.));
#3314=DIRECTION('center_axis',(0.,-1.,0.));
#3315=DIRECTION('ref_axis',(1.,0.,0.));
#3316=DIRECTION('',(1.,0.,0.));
#3317=DIRECTION('center_axis',(0.,0.,1.));
#3318=DIRECTION('ref_axis',(0.,-1.,0.));
#3319=DIRECTION('',(1.,0.,0.));
#3320=DIRECTION('',(0.,-1.,2.46716224018121E-16));
#3321=DIRECTION('center_axis',(0.,2.46716224018121E-16,1.));
#3322=DIRECTION('ref_axis',(-0.707106781186547,0.707106781186547,0.));
#3323=DIRECTION('',(-0.707106781186549,-0.707106781186546,1.74454715031952E-16));
#3324=DIRECTION('center_axis',(0.,2.46716224018121E-16,1.));
#3325=DIRECTION('ref_axis',(7.40148683083436E-15,1.,0.));
#3326=DIRECTION('',(-1.,0.,0.));
#3327=DIRECTION('center_axis',(0.,2.46716224018121E-16,1.));
#3328=DIRECTION('ref_axis',(1.,0.,0.));
#3329=DIRECTION('',(0.,1.,-2.46716224018121E-16));
#3330=DIRECTION('',(-1.,0.,0.));
#3331=DIRECTION('',(0.,1.,0.));
#3332=DIRECTION('',(1.,0.,0.));
#3333=DIRECTION('center_axis',(0.,-0.707106781186547,0.707106781186548));
#3334=DIRECTION('ref_axis',(1.,0.,0.));
#3335=DIRECTION('',(0.,-0.707106781186548,-0.707106781186547));
#3336=DIRECTION('',(0.,0.707106781186548,0.707106781186547));
#3337=DIRECTION('',(1.,0.,0.));
#3338=DIRECTION('center_axis',(0.,-1.,0.));
#3339=DIRECTION('ref_axis',(0.,0.,1.));
#3340=DIRECTION('',(0.,0.,1.));
#3341=DIRECTION('',(1.,0.,0.));
#3342=DIRECTION('',(0.,0.,-1.));
#3343=DIRECTION('center_axis',(0.,2.87409806670715E-16,-1.));
#3344=DIRECTION('ref_axis',(0.,-1.,-2.87409806670715E-16));
#3345=DIRECTION('',(0.,-1.,-2.87409806670715E-16));
#3346=DIRECTION('',(-1.,0.,0.));
#3347=DIRECTION('',(0.,1.,2.87409806670715E-16));
#3348=DIRECTION('',(1.,0.,0.));
#3349=DIRECTION('center_axis',(0.,1.,0.));
#3350=DIRECTION('ref_axis',(-1.,0.,0.));
#3351=DIRECTION('',(0.,0.,-1.));
#3352=DIRECTION('',(1.,0.,0.));
#3353=DIRECTION('',(0.,0.,-1.));
#3354=DIRECTION('center_axis',(1.,0.,0.));
#3355=DIRECTION('ref_axis',(0.,-1.,0.));
#3356=DIRECTION('',(0.,0.,1.));
#3357=DIRECTION('',(0.,1.,0.));
#3358=DIRECTION('',(0.,0.,1.));
#3359=DIRECTION('',(0.,-1.,0.));
#3360=DIRECTION('center_axis',(1.,0.,0.));
#3361=DIRECTION('ref_axis',(0.,-1.,0.));
#3362=DIRECTION('center_axis',(1.,0.,0.));
#3363=DIRECTION('ref_axis',(0.,-1.,0.));
#3364=DIRECTION('',(0.,2.77555756156289E-16,-1.));
#3365=DIRECTION('',(0.,-1.,0.));
#3366=DIRECTION('',(0.,0.,1.));
#3367=DIRECTION('center_axis',(-1.,0.,0.));
#3368=DIRECTION('ref_axis',(0.,1.,0.));
#3369=DIRECTION('',(0.,0.,1.));
#3370=DIRECTION('',(0.,1.,0.));
#3371=DIRECTION('',(0.,0.,1.));
#3372=DIRECTION('center_axis',(-1.,0.,0.));
#3373=DIRECTION('ref_axis',(0.,0.707106781186548,0.707106781186547));
#3374=DIRECTION('center_axis',(-1.,0.,0.));
#3375=DIRECTION('ref_axis',(0.,1.,0.));
#3376=DIRECTION('',(0.,1.,0.));
#3377=DIRECTION('',(0.,0.,1.));
#3378=DIRECTION('',(0.,-1.,0.));
#3379=DIRECTION('',(0.,0.,1.));
#3380=DIRECTION('center_axis',(0.,0.,-1.));
#3381=DIRECTION('ref_axis',(-0.707106781186547,0.707106781186547,0.));
#3382=DIRECTION('',(0.,0.,-1.));
#3383=DIRECTION('center_axis',(0.,0.,-1.));
#3384=DIRECTION('ref_axis',(-0.707106781186548,0.707106781186548,0.));
#3385=DIRECTION('center_axis',(0.707106781186546,-0.707106781186549,0.));
#3386=DIRECTION('ref_axis',(-0.707106781186549,-0.707106781186546,0.));
#3387=DIRECTION('',(0.,0.,1.));
#3388=DIRECTION('',(0.707106781186549,0.707106781186546,0.));
#3389=DIRECTION('center_axis',(0.,0.,-1.));
#3390=DIRECTION('ref_axis',(1.,0.,0.));
#3391=DIRECTION('center_axis',(0.,0.,-1.));
#3392=DIRECTION('ref_axis',(1.,0.,0.));
#3393=DIRECTION('',(0.,0.,1.));
#3394=DIRECTION('center_axis',(0.,0.,-1.));
#3395=DIRECTION('ref_axis',(7.40148683083436E-15,1.,0.));
#3396=DIRECTION('',(0.,0.,1.));
#3397=DIRECTION('center_axis',(0.,0.,-1.));
#3398=DIRECTION('ref_axis',(7.40148683083436E-15,1.,0.));
#3399=DIRECTION('center_axis',(0.,-1.,0.));
#3400=DIRECTION('ref_axis',(-1.,0.,0.));
#3401=DIRECTION('',(1.,0.,0.));
#3402=DIRECTION('center_axis',(0.707106781186549,-0.707106781186546,0.));
#3403=DIRECTION('ref_axis',(0.,0.,-1.));
#3404=DIRECTION('',(0.707106781186546,0.707106781186549,0.));
#3405=DIRECTION('',(0.,0.,1.));
#3406=DIRECTION('',(-0.707106781186546,-0.707106781186549,0.));
#3407=DIRECTION('',(0.,0.,-1.));
#3408=DIRECTION('center_axis',(1.,0.,0.));
#3409=DIRECTION('ref_axis',(0.,0.707106781186548,0.707106781186547));
#3410=DIRECTION('center_axis',(1.,0.,0.));
#3411=DIRECTION('ref_axis',(0.,0.707106781186548,0.707106781186547));
#3412=DIRECTION('',(-0.707106781186547,0.,-0.707106781186548));
#3413=DIRECTION('center_axis',(-1.,0.,0.));
#3414=DIRECTION('ref_axis',(0.,0.707106781186548,0.707106781186547));
#3415=DIRECTION('center_axis',(0.707106781186549,0.,-0.707106781186546));
#3416=DIRECTION('ref_axis',(-0.707106781186546,0.,-0.707106781186549));
#3417=DIRECTION('',(-0.707106781186546,0.,-0.707106781186549));
#3418=DIRECTION('',(0.,-1.,0.));
#3419=DIRECTION('center_axis',(1.,0.,0.));
#3420=DIRECTION('ref_axis',(0.,-0.707106781186547,0.707106781186548));
#3421=DIRECTION('center_axis',(1.,0.,0.));
#3422=DIRECTION('ref_axis',(0.,-0.707106781186547,0.707106781186548));
#3423=DIRECTION('',(-0.707106781186545,0.70710678118655,0.));
#3424=DIRECTION('center_axis',(-1.,0.,0.));
#3425=DIRECTION('ref_axis',(0.,-0.707106781186547,0.707106781186548));
#3426=DIRECTION('center_axis',(0.707106781186548,0.707106781186547,0.));
#3427=DIRECTION('ref_axis',(0.,0.,-1.));
#3428=DIRECTION('',(-0.707106781186547,0.707106781186548,0.));
#3429=DIRECTION('',(0.,0.,1.));
#3430=DIRECTION('',(0.,0.,-1.));
#3431=DIRECTION('center_axis',(0.,1.,0.));
#3432=DIRECTION('ref_axis',(0.,0.,1.));
#3433=DIRECTION('',(1.,0.,0.));
#3434=DIRECTION('',(-1.,0.,0.));
#3435=DIRECTION('center_axis',(1.,0.,0.));
#3436=DIRECTION('ref_axis',(0.,0.707106781186548,0.707106781186547));
#3437=DIRECTION('center_axis',(1.,0.,0.));
#3438=DIRECTION('ref_axis',(0.,-0.707106781186547,0.707106781186548));
#3439=DIRECTION('',(-1.,0.,0.));
#3440=DIRECTION('center_axis',(0.,-1.,0.));
#3441=DIRECTION('ref_axis',(0.,0.,-1.));
#3442=DIRECTION('',(1.,0.,0.));
#3443=DIRECTION('',(0.,0.,-1.));
#3444=DIRECTION('center_axis',(0.707106781186556,0.707106781186539,0.));
#3445=DIRECTION('ref_axis',(0.,0.,-1.));
#3446=DIRECTION('',(-0.707106781186539,0.707106781186556,0.));
#3447=DIRECTION('',(0.,0.,1.));
#3448=DIRECTION('',(0.707106781186539,-0.707106781186556,0.));
#3449=DIRECTION('',(0.,0.,-1.));
#3450=DIRECTION('center_axis',(1.,0.,0.));
#3451=DIRECTION('ref_axis',(0.,-0.707106781186548,0.707106781186547));
#3452=DIRECTION('center_axis',(-1.,0.,0.));
#3453=DIRECTION('ref_axis',(0.,-0.707106781186548,0.707106781186547));
#3454=DIRECTION('',(0.707106781186546,0.,0.707106781186549));
#3455=DIRECTION('center_axis',(1.,0.,0.));
#3456=DIRECTION('ref_axis',(0.,-0.707106781186548,0.707106781186547));
#3457=DIRECTION('center_axis',(0.707106781186555,0.,-0.70710678118654));
#3458=DIRECTION('ref_axis',(-0.70710678118654,0.,-0.707106781186555));
#3459=DIRECTION('',(0.70710678118654,0.,0.707106781186555));
#3460=DIRECTION('',(0.,-1.,0.));
#3461=DIRECTION('',(0.,1.,0.));
#3462=DIRECTION('center_axis',(1.,0.,0.));
#3463=DIRECTION('ref_axis',(0.,0.707106781186547,0.707106781186548));
#3464=DIRECTION('center_axis',(-1.,0.,0.));
#3465=DIRECTION('ref_axis',(0.,0.707106781186547,0.707106781186548));
#3466=DIRECTION('',(0.707106781186546,0.707106781186549,0.));
#3467=DIRECTION('center_axis',(1.,0.,0.));
#3468=DIRECTION('ref_axis',(0.,0.707106781186547,0.707106781186548));
#3469=DIRECTION('center_axis',(0.707106781186555,-0.70710678118654,0.));
#3470=DIRECTION('ref_axis',(0.,0.,-1.));
#3471=DIRECTION('',(0.70710678118654,0.707106781186555,0.));
#3472=DIRECTION('',(0.,0.,1.));
#3473=DIRECTION('',(0.,0.,-1.));
#3474=DIRECTION('center_axis',(0.,1.,0.));
#3475=DIRECTION('ref_axis',(0.,0.,1.));
#3476=DIRECTION('',(1.,0.,0.));
#3477=DIRECTION('',(0.,0.,1.));
#3478=DIRECTION('',(-1.,0.,0.));
#3479=DIRECTION('center_axis',(1.,0.,0.));
#3480=DIRECTION('ref_axis',(0.,0.707106781186547,0.707106781186548));
#3481=DIRECTION('',(-1.,0.,0.));
#3482=DIRECTION('center_axis',(1.,0.,0.));
#3483=DIRECTION('ref_axis',(0.,0.707106781186547,0.707106781186548));
#3484=DIRECTION('center_axis',(0.,0.,1.));
#3485=DIRECTION('ref_axis',(0.,-1.,0.));
#3486=DIRECTION('',(1.,0.,0.));
#3487=DIRECTION('',(0.,1.,0.));
#3488=DIRECTION('center_axis',(1.,0.,0.));
#3489=DIRECTION('ref_axis',(0.,-0.707106781186548,0.707106781186547));
#3490=DIRECTION('',(-1.,0.,0.));
#3491=DIRECTION('center_axis',(1.,0.,0.));
#3492=DIRECTION('ref_axis',(0.,-0.707106781186548,0.707106781186547));
#3493=DIRECTION('center_axis',(0.,0.,1.));
#3494=DIRECTION('ref_axis',(1.,0.,0.));
#3495=DIRECTION('center_axis',(0.,0.,1.));
#3496=DIRECTION('ref_axis',(1.,0.,0.));
#3497=DIRECTION('',(-1.,0.,0.));
#3498=DIRECTION('center_axis',(0.,0.,1.));
#3499=DIRECTION('ref_axis',(7.40148683083436E-15,1.,0.));
#3500=DIRECTION('',(-0.707106781186549,-0.707106781186546,0.));
#3501=DIRECTION('center_axis',(0.,0.,1.));
#3502=DIRECTION('ref_axis',(-0.707106781186547,0.707106781186547,0.));
#3503=DIRECTION('',(0.,1.,0.));
#3504=DIRECTION('',(0.,-1.,0.));
#3505=DIRECTION('',(1.,0.,0.));
#3506=DIRECTION('',(0.,-1.,0.));
#3507=DIRECTION('center_axis',(0.,0.,-1.));
#3508=DIRECTION('ref_axis',(0.,-1.,0.));
#3509=DIRECTION('',(-1.,0.,0.));
#3510=DIRECTION('center_axis',(0.,0.,-1.));
#3511=DIRECTION('ref_axis',(-1.,0.,0.));
#3512=DIRECTION('',(0.,1.,0.));
#3513=DIRECTION('center_axis',(0.,0.,-1.));
#3514=DIRECTION('ref_axis',(-0.70710678118655,0.707106781186545,0.));
#3515=DIRECTION('',(0.707106781186548,0.707106781186547,0.));
#3516=DIRECTION('center_axis',(0.,0.,-1.));
#3517=DIRECTION('ref_axis',(-5.92118946466729E-15,1.,0.));
#3518=DIRECTION('',(1.,3.02060013645361E-16,0.));
#3519=DIRECTION('center_axis',(0.,0.,-1.));
#3520=DIRECTION('ref_axis',(1.,-2.96059473233376E-15,0.));
#3521=DIRECTION('',(0.,-1.,0.));
#3522=DIRECTION('',(0.,-1.,0.));
#3523=DIRECTION('',(1.,0.,0.));
#3524=DIRECTION('center_axis',(0.,0.,1.));
#3525=DIRECTION('ref_axis',(0.,-1.,0.));
#3526=DIRECTION('',(0.,1.,0.));
#3527=DIRECTION('center_axis',(0.,0.,1.));
#3528=DIRECTION('ref_axis',(1.,-9.99200722162645E-15,0.));
#3529=DIRECTION('',(1.,0.,0.));
#3530=DIRECTION('center_axis',(0.,0.,1.));
#3531=DIRECTION('ref_axis',(0.,1.,0.));
#3532=DIRECTION('',(0.,-1.,0.));
#3533=DIRECTION('center_axis',(0.,0.,1.));
#3534=DIRECTION('ref_axis',(-1.,0.,0.));
#3535=DIRECTION('',(1.,0.,0.));
#3536=DIRECTION('center_axis',(0.,0.,1.));
#3537=DIRECTION('ref_axis',(0.,1.,0.));
#3538=DIRECTION('',(0.,-1.,0.));
#3539=DIRECTION('center_axis',(0.,0.,1.));
#3540=DIRECTION('ref_axis',(-1.,0.,0.));
#3541=DIRECTION('',(1.,0.,0.));
#3542=DIRECTION('center_axis',(0.,0.,1.));
#3543=DIRECTION('ref_axis',(0.,-1.,0.));
#3544=DIRECTION('',(0.,-1.,0.));
#3545=DIRECTION('center_axis',(0.,0.,1.));
#3546=DIRECTION('ref_axis',(1.,0.,0.));
#3547=DIRECTION('',(1.,0.,0.));
#3548=DIRECTION('center_axis',(0.,0.,1.));
#3549=DIRECTION('ref_axis',(0.,1.,0.));
#3550=DIRECTION('',(0.,-1.,0.));
#3551=DIRECTION('center_axis',(0.,0.,1.));
#3552=DIRECTION('ref_axis',(-1.,0.,0.));
#3553=DIRECTION('',(1.,0.,0.));
#3554=DIRECTION('center_axis',(0.,0.,1.));
#3555=DIRECTION('ref_axis',(0.,-1.,0.));
#3556=DIRECTION('',(0.,-1.,0.));
#3557=DIRECTION('center_axis',(0.,0.,1.));
#3558=DIRECTION('ref_axis',(1.,0.,0.));
#3559=DIRECTION('',(1.,0.,0.));
#3560=DIRECTION('center_axis',(0.,0.,1.));
#3561=DIRECTION('ref_axis',(0.,1.,0.));
#3562=DIRECTION('',(0.,-1.,0.));
#3563=DIRECTION('center_axis',(0.,0.,1.));
#3564=DIRECTION('ref_axis',(-1.,0.,0.));
#3565=DIRECTION('',(1.,0.,0.));
#3566=DIRECTION('center_axis',(0.,0.,1.));
#3567=DIRECTION('ref_axis',(0.,-1.,0.));
#3568=DIRECTION('',(0.,-1.,0.));
#3569=DIRECTION('center_axis',(0.,0.,1.));
#3570=DIRECTION('ref_axis',(1.,0.,0.));
#3571=DIRECTION('',(1.,0.,0.));
#3572=DIRECTION('center_axis',(0.,0.,1.));
#3573=DIRECTION('ref_axis',(0.,1.,0.));
#3574=DIRECTION('',(0.,-1.,0.));
#3575=DIRECTION('center_axis',(0.,0.,1.));
#3576=DIRECTION('ref_axis',(-1.,0.,0.));
#3577=DIRECTION('',(1.,0.,0.));
#3578=DIRECTION('center_axis',(0.,0.,1.));
#3579=DIRECTION('ref_axis',(0.,-1.,0.));
#3580=DIRECTION('',(0.,-1.,0.));
#3581=DIRECTION('center_axis',(0.,0.,1.));
#3582=DIRECTION('ref_axis',(1.,0.,0.));
#3583=DIRECTION('',(1.,0.,0.));
#3584=DIRECTION('center_axis',(0.,0.,1.));
#3585=DIRECTION('ref_axis',(0.,1.,0.));
#3586=DIRECTION('',(0.,-1.,0.));
#3587=DIRECTION('center_axis',(0.,0.,1.));
#3588=DIRECTION('ref_axis',(-1.,0.,0.));
#3589=DIRECTION('',(1.,0.,0.));
#3590=DIRECTION('center_axis',(0.,0.,1.));
#3591=DIRECTION('ref_axis',(0.,-1.,0.));
#3592=DIRECTION('',(0.,-1.,0.));
#3593=DIRECTION('center_axis',(0.,0.,1.));
#3594=DIRECTION('ref_axis',(1.,0.,0.));
#3595=DIRECTION('',(1.,0.,0.));
#3596=DIRECTION('center_axis',(0.,0.,1.));
#3597=DIRECTION('ref_axis',(0.,1.,0.));
#3598=DIRECTION('',(0.,-1.,0.));
#3599=DIRECTION('center_axis',(0.,0.,1.));
#3600=DIRECTION('ref_axis',(-1.,0.,0.));
#3601=DIRECTION('',(1.,0.,0.));
#3602=DIRECTION('center_axis',(0.,0.,1.));
#3603=DIRECTION('ref_axis',(0.,-1.,0.));
#3604=DIRECTION('',(0.,-1.,0.));
#3605=DIRECTION('center_axis',(0.,0.,1.));
#3606=DIRECTION('ref_axis',(1.,0.,0.));
#3607=DIRECTION('',(1.,0.,0.));
#3608=DIRECTION('center_axis',(0.,0.,1.));
#3609=DIRECTION('ref_axis',(0.,1.,0.));
#3610=DIRECTION('',(0.,-1.,0.));
#3611=DIRECTION('center_axis',(0.,0.,1.));
#3612=DIRECTION('ref_axis',(-1.,0.,0.));
#3613=DIRECTION('',(1.,0.,0.));
#3614=DIRECTION('center_axis',(0.,0.,1.));
#3615=DIRECTION('ref_axis',(0.,-1.,0.));
#3616=DIRECTION('',(0.,-1.,0.));
#3617=DIRECTION('center_axis',(0.,0.,1.));
#3618=DIRECTION('ref_axis',(1.,0.,0.));
#3619=DIRECTION('center_axis',(0.,0.,1.));
#3620=DIRECTION('ref_axis',(-1.,0.,0.));
#3621=DIRECTION('center_axis',(0.,0.,1.));
#3622=DIRECTION('ref_axis',(-1.,0.,0.));
#3623=DIRECTION('center_axis',(0.,0.,1.));
#3624=DIRECTION('ref_axis',(-1.,0.,0.));
#3625=DIRECTION('center_axis',(0.,0.,1.));
#3626=DIRECTION('ref_axis',(-1.,0.,0.));
#3627=DIRECTION('center_axis',(0.,0.,1.));
#3628=DIRECTION('ref_axis',(-1.,0.,0.));
#3629=DIRECTION('center_axis',(0.,-1.,0.));
#3630=DIRECTION('ref_axis',(0.,0.,-1.));
#3631=DIRECTION('',(0.,0.,1.));
#3632=DIRECTION('center_axis',(0.,0.,1.));
#3633=DIRECTION('ref_axis',(-1.,0.,0.));
#3634=DIRECTION('center_axis',(0.,0.,1.));
#3635=DIRECTION('ref_axis',(-1.,0.,0.));
#3636=DIRECTION('center_axis',(0.,0.,1.));
#3637=DIRECTION('ref_axis',(-1.,0.,0.));
#3638=DIRECTION('center_axis',(0.,0.,1.));
#3639=DIRECTION('ref_axis',(-1.,0.,0.));
#3640=DIRECTION('center_axis',(0.,0.,1.));
#3641=DIRECTION('ref_axis',(-1.,0.,0.));
#3642=DIRECTION('center_axis',(0.,0.,1.));
#3643=DIRECTION('ref_axis',(-1.,0.,0.));
#3644=DIRECTION('center_axis',(0.,0.,1.));
#3645=DIRECTION('ref_axis',(-1.,0.,0.));
#3646=DIRECTION('center_axis',(0.,0.,1.));
#3647=DIRECTION('ref_axis',(-1.,0.,0.));
#3648=DIRECTION('center_axis',(0.,0.,1.));
#3649=DIRECTION('ref_axis',(-1.,0.,0.));
#3650=DIRECTION('center_axis',(0.,0.,1.));
#3651=DIRECTION('ref_axis',(-1.,0.,0.));
#3652=DIRECTION('center_axis',(-1.,0.,0.));
#3653=DIRECTION('ref_axis',(0.,-1.,0.));
#3654=DIRECTION('center_axis',(-1.,0.,0.));
#3655=DIRECTION('ref_axis',(0.,1.,0.));
#3656=DIRECTION('center_axis',(-0.707106781186549,0.,0.707106781186547));
#3657=DIRECTION('ref_axis',(0.707106781186546,0.,0.707106781186548));
#3658=DIRECTION('',(0.707106781186546,0.,0.707106781186548));
#3659=DIRECTION('',(0.,1.,0.));
#3660=DIRECTION('',(-0.707106781186546,1.04672830578918E-15,-0.707106781186548));
#3661=DIRECTION('',(0.,-1.,0.));
#3662=DIRECTION('center_axis',(0.,0.,-1.));
#3663=DIRECTION('ref_axis',(-1.,0.,0.));
#3664=DIRECTION('',(-4.18691322315673E-15,0.707106781186548,0.707106781186547));
#3665=DIRECTION('center_axis',(0.,0.,-1.));
#3666=DIRECTION('ref_axis',(-1.,0.,0.));
#3667=DIRECTION('center_axis',(0.,0.,1.));
#3668=DIRECTION('ref_axis',(-1.,0.,0.));
#3669=DIRECTION('center_axis',(0.,-0.707106781186547,0.707106781186548));
#3670=DIRECTION('ref_axis',(1.,0.,0.));
#3671=DIRECTION('',(0.,0.707106781186548,0.707106781186547));
#3672=DIRECTION('',(-1.,0.,0.));
#3673=DIRECTION('',(1.,0.,0.));
#3674=DIRECTION('center_axis',(0.,0.,-1.));
#3675=DIRECTION('ref_axis',(0.,-1.,0.));
#3676=DIRECTION('',(-0.707106781186548,0.,0.707106781186547));
#3677=DIRECTION('center_axis',(0.,0.,-1.));
#3678=DIRECTION('ref_axis',(0.,-1.,0.));
#3679=DIRECTION('center_axis',(0.,0.,1.));
#3680=DIRECTION('ref_axis',(0.,-1.,0.));
#3681=DIRECTION('center_axis',(0.707106781186547,0.,0.707106781186548));
#3682=DIRECTION('ref_axis',(0.707106781186548,0.,-0.707106781186547));
#3683=DIRECTION('',(-0.707106781186548,0.,0.707106781186547));
#3684=DIRECTION('',(0.,-1.,0.));
#3685=DIRECTION('',(0.,1.,0.));
#3686=DIRECTION('center_axis',(0.,0.,-1.));
#3687=DIRECTION('ref_axis',(1.,-2.96059473233376E-15,0.));
#3688=DIRECTION('',(8.37382644631348E-15,-0.707106781186546,0.707106781186549));
#3689=DIRECTION('center_axis',(0.,0.,-1.));
#3690=DIRECTION('ref_axis',(1.,-2.96059473233376E-15,0.));
#3691=DIRECTION('center_axis',(0.,0.,1.));
#3692=DIRECTION('ref_axis',(1.,-2.96059473233376E-15,0.));
#3693=DIRECTION('center_axis',(-2.13588683973936E-16,0.707106781186548,
0.707106781186547));
#3694=DIRECTION('ref_axis',(1.,0.,3.02060013645361E-16));
#3695=DIRECTION('',(0.,-0.707106781186547,0.707106781186548));
#3696=DIRECTION('',(1.,3.02060013645361E-16,0.));
#3697=DIRECTION('',(-1.,-3.02060013645361E-16,0.));
#3698=DIRECTION('center_axis',(0.,0.,-1.));
#3699=DIRECTION('ref_axis',(-5.9211894646673E-15,1.,0.));
#3700=DIRECTION('',(0.499999999999989,-0.500000000000011,0.707106781186547));
#3701=DIRECTION('center_axis',(0.,0.,-1.));
#3702=DIRECTION('ref_axis',(-5.9211894646673E-15,1.,0.));
#3703=DIRECTION('center_axis',(0.,0.,1.));
#3704=DIRECTION('ref_axis',(-5.92118946466729E-15,1.,0.));
#3705=DIRECTION('center_axis',(-0.499999999999999,0.5,0.707106781186548));
#3706=DIRECTION('ref_axis',(0.816496580927727,0.,0.577350269189625));
#3707=DIRECTION('',(0.500000000000001,-0.500000000000002,0.707106781186546));
#3708=DIRECTION('',(0.707106781186548,0.707106781186547,0.));
#3709=DIRECTION('',(-0.707106781186548,-0.707106781186547,0.));
#3710=DIRECTION('center_axis',(0.,0.,-1.));
#3711=DIRECTION('ref_axis',(-0.70710678118655,0.707106781186545,0.));
#3712=DIRECTION('center_axis',(0.,0.,-1.));
#3713=DIRECTION('ref_axis',(-0.70710678118655,0.707106781186545,0.));
#3714=DIRECTION('center_axis',(0.,0.,1.));
#3715=DIRECTION('ref_axis',(-0.70710678118655,0.707106781186545,0.));
#3716=DIRECTION('center_axis',(1.,0.,0.));
#3717=DIRECTION('ref_axis',(0.,-1.,0.));
#3718=DIRECTION('',(0.,0.,1.));
#3719=DIRECTION('',(0.,0.,-1.));
#3720=DIRECTION('center_axis',(0.,0.,-1.));
#3721=DIRECTION('ref_axis',(0.,-1.,0.));
#3722=DIRECTION('',(0.,0.,1.));
#3723=DIRECTION('center_axis',(0.,-1.,0.));
#3724=DIRECTION('ref_axis',(-1.,0.,0.));
#3725=DIRECTION('',(0.,0.,1.));
#3726=DIRECTION('center_axis',(0.,0.,-1.));
#3727=DIRECTION('ref_axis',(-1.,0.,0.));
#3728=DIRECTION('',(0.,0.,1.));
#3729=DIRECTION('center_axis',(-1.,0.,0.));
#3730=DIRECTION('ref_axis',(0.,1.,0.));
#3731=DIRECTION('',(0.,0.,1.));
#3732=DIRECTION('center_axis',(0.,0.,1.));
#3733=DIRECTION('ref_axis',(-1.,0.,0.));
#3734=DIRECTION('',(0.,-1.,0.));
#3735=DIRECTION('center_axis',(0.,0.,1.));
#3736=DIRECTION('ref_axis',(-0.707106781186547,0.707106781186547,0.));
#3737=DIRECTION('',(-0.707106781186549,-0.707106781186546,0.));
#3738=DIRECTION('center_axis',(0.,0.,1.));
#3739=DIRECTION('ref_axis',(7.40148683083436E-15,1.,0.));
#3740=DIRECTION('',(-1.,0.,0.));
#3741=DIRECTION('center_axis',(0.,0.,1.));
#3742=DIRECTION('ref_axis',(1.,0.,0.));
#3743=DIRECTION('',(0.,1.,0.));
#3744=DIRECTION('center_axis',(0.,0.,1.));
#3745=DIRECTION('ref_axis',(0.,-1.,0.));
#3746=DIRECTION('',(1.,0.,0.));
#3747=DIRECTION('center_axis',(0.,0.,1.));
#3748=DIRECTION('ref_axis',(-1.,0.,0.));
#3749=DIRECTION('center_axis',(0.707106781186548,0.,0.707106781186548));
#3750=DIRECTION('ref_axis',(0.707106781186548,0.,-0.707106781186548));
#3751=DIRECTION('',(-0.707106781186547,0.,0.707106781186548));
#3752=DIRECTION('',(0.707106781186547,0.,-0.707106781186547));
#3753=DIRECTION('center_axis',(0.,0.,1.));
#3754=DIRECTION('ref_axis',(-0.707106781186548,0.707106781186548,0.));
#3755=DIRECTION('',(-0.5,0.5,0.707106781186547));
#3756=DIRECTION('center_axis',(0.499999999999999,-0.500000000000001,0.707106781186547));
#3757=DIRECTION('ref_axis',(0.816496580927726,0.,-0.577350269189625));
#3758=DIRECTION('',(-0.499999999999994,0.499999999999995,0.707106781186555));
#3759=DIRECTION('center_axis',(0.,0.,1.));
#3760=DIRECTION('ref_axis',(7.40148683083436E-15,1.,0.));
#3761=DIRECTION('',(5.23364152894592E-15,0.707106781186547,0.707106781186548));
#3762=DIRECTION('center_axis',(0.,-0.707106781186547,0.707106781186548));
#3763=DIRECTION('ref_axis',(1.,0.,0.));
#3764=DIRECTION('',(0.,0.707106781186544,0.707106781186551));
#3765=DIRECTION('center_axis',(0.,0.,1.));
#3766=DIRECTION('ref_axis',(1.,0.,0.));
#3767=DIRECTION('',(0.707106781186546,0.,0.707106781186549));
#3768=DIRECTION('center_axis',(-0.707106781186547,0.,0.707106781186548));
#3769=DIRECTION('ref_axis',(0.707106781186548,0.,0.707106781186547));
#3770=DIRECTION('',(0.70710678118655,0.,0.707106781186545));
#3771=DIRECTION('center_axis',(0.,0.,1.));
#3772=DIRECTION('ref_axis',(0.,-1.,0.));
#3773=DIRECTION('',(0.,-0.707106781186548,0.707106781186547));
#3774=DIRECTION('center_axis',(0.,0.,-1.));
#3775=DIRECTION('ref_axis',(0.,-1.,0.));
#3776=DIRECTION('center_axis',(0.,0.707106781186547,0.707106781186548));
#3777=DIRECTION('ref_axis',(1.,0.,0.));
#3778=DIRECTION('',(0.,-0.707106781186548,0.707106781186547));
#3779=DIRECTION('',(-1.,0.,0.));
#3780=DIRECTION('center_axis',(0.,0.,1.));
#3781=DIRECTION('ref_axis',(-1.,0.,0.));
#3782=DIRECTION('center_axis',(0.,0.,-1.));
#3783=DIRECTION('ref_axis',(-1.,0.,0.));
#3784=DIRECTION('center_axis',(0.,-1.,0.));
#3785=DIRECTION('ref_axis',(-1.,0.,0.));
#3786=DIRECTION('',(0.,0.,1.));
#3787=DIRECTION('',(0.,0.,1.));
#3788=DIRECTION('center_axis',(0.,0.,-1.));
#3789=DIRECTION('ref_axis',(7.40148683083436E-15,1.,0.));
#3790=DIRECTION('',(0.,0.,1.));
#3791=DIRECTION('center_axis',(0.707106781186546,-0.707106781186549,0.));
#3792=DIRECTION('ref_axis',(-0.707106781186549,-0.707106781186546,0.));
#3793=DIRECTION('',(0.,0.,-1.));
#3794=DIRECTION('center_axis',(0.,0.,-1.));
#3795=DIRECTION('ref_axis',(-0.707106781186547,0.707106781186547,0.));
#3796=DIRECTION('center_axis',(0.,1.,0.));
#3797=DIRECTION('ref_axis',(-1.,0.,0.));
#3798=DIRECTION('',(0.,0.,1.));
#3799=DIRECTION('',(1.,0.,0.));
#3800=DIRECTION('',(0.,0.,1.));
#3801=DIRECTION('center_axis',(0.,0.,1.));
#3802=DIRECTION('ref_axis',(0.,-1.,0.));
#3803=DIRECTION('center_axis',(0.,0.,1.));
#3804=DIRECTION('ref_axis',(0.,-1.,0.));
#3805=DIRECTION('center_axis',(0.,0.,1.));
#3806=DIRECTION('ref_axis',(-1.,0.,0.));
#3807=DIRECTION('center_axis',(0.,0.,1.));
#3808=DIRECTION('ref_axis',(-1.,0.,0.));
#3809=DIRECTION('center_axis',(0.,0.,1.));
#3810=DIRECTION('ref_axis',(1.,0.,0.));
#3811=DIRECTION('',(1.,0.,0.));
#3812=DIRECTION('center_axis',(0.,0.,-1.));
#3813=DIRECTION('ref_axis',(1.,0.,0.));
#3814=DIRECTION('',(0.,-1.,0.));
#3815=DIRECTION('center_axis',(0.,0.,-1.));
#3816=DIRECTION('ref_axis',(0.,-1.,0.));
#3817=DIRECTION('',(-1.,0.,0.));
#3818=DIRECTION('center_axis',(0.,0.,-1.));
#3819=DIRECTION('ref_axis',(-1.,0.,0.));
#3820=DIRECTION('',(0.,1.,0.));
#3821=DIRECTION('center_axis',(0.,0.,-1.));
#3822=DIRECTION('ref_axis',(0.,1.,0.));
#3823=DIRECTION('',(1.,0.,0.));
#3824=DIRECTION('center_axis',(0.,0.,-1.));
#3825=DIRECTION('ref_axis',(1.,0.,0.));
#3826=DIRECTION('',(0.,-1.,0.));
#3827=DIRECTION('center_axis',(0.,0.,-1.));
#3828=DIRECTION('ref_axis',(0.,-1.,0.));
#3829=DIRECTION('',(-1.,0.,0.));
#3830=DIRECTION('center_axis',(0.,0.,-1.));
#3831=DIRECTION('ref_axis',(-1.,0.,0.));
#3832=DIRECTION('',(0.,1.,0.));
#3833=DIRECTION('center_axis',(0.,0.,-1.));
#3834=DIRECTION('ref_axis',(0.,1.,0.));
#3835=DIRECTION('',(1.,0.,0.));
#3836=DIRECTION('center_axis',(0.,0.,-1.));
#3837=DIRECTION('ref_axis',(1.,0.,0.));
#3838=DIRECTION('',(0.,-1.,0.));
#3839=DIRECTION('center_axis',(0.,0.,-1.));
#3840=DIRECTION('ref_axis',(0.,-1.,0.));
#3841=DIRECTION('',(-1.,0.,0.));
#3842=DIRECTION('center_axis',(0.,0.,-1.));
#3843=DIRECTION('ref_axis',(-1.,0.,0.));
#3844=DIRECTION('',(0.,1.,0.));
#3845=DIRECTION('center_axis',(0.,0.,-1.));
#3846=DIRECTION('ref_axis',(0.,1.,0.));
#3847=DIRECTION('',(1.,0.,0.));
#3848=DIRECTION('center_axis',(0.,0.,-1.));
#3849=DIRECTION('ref_axis',(1.,0.,0.));
#3850=DIRECTION('',(0.,-1.,0.));
#3851=DIRECTION('center_axis',(0.,0.,-1.));
#3852=DIRECTION('ref_axis',(0.,-1.,0.));
#3853=DIRECTION('',(-1.,0.,0.));
#3854=DIRECTION('center_axis',(0.,0.,-1.));
#3855=DIRECTION('ref_axis',(-1.,0.,0.));
#3856=DIRECTION('',(0.,1.,0.));
#3857=DIRECTION('center_axis',(0.,0.,-1.));
#3858=DIRECTION('ref_axis',(0.,1.,0.));
#3859=DIRECTION('',(-1.,0.,0.));
#3860=DIRECTION('center_axis',(0.,0.,-1.));
#3861=DIRECTION('ref_axis',(-1.,0.,0.));
#3862=DIRECTION('',(0.,1.,0.));
#3863=DIRECTION('center_axis',(0.,0.,-1.));
#3864=DIRECTION('ref_axis',(0.,1.,0.));
#3865=DIRECTION('',(1.,0.,0.));
#3866=DIRECTION('center_axis',(0.,0.,-1.));
#3867=DIRECTION('ref_axis',(1.,-9.99200722162645E-15,0.));
#3868=DIRECTION('',(0.,-1.,0.));
#3869=DIRECTION('center_axis',(0.,0.,-1.));
#3870=DIRECTION('ref_axis',(0.,-1.,0.));
#3871=DIRECTION('',(1.,0.,0.));
#3872=DIRECTION('center_axis',(0.,0.,-1.));
#3873=DIRECTION('ref_axis',(1.,0.,0.));
#3874=DIRECTION('',(0.,-1.,0.));
#3875=DIRECTION('center_axis',(0.,0.,-1.));
#3876=DIRECTION('ref_axis',(0.,-1.,0.));
#3877=DIRECTION('',(-1.,0.,0.));
#3878=DIRECTION('center_axis',(0.,0.,-1.));
#3879=DIRECTION('ref_axis',(-1.,0.,0.));
#3880=DIRECTION('',(0.,1.,0.));
#3881=DIRECTION('center_axis',(0.,0.,-1.));
#3882=DIRECTION('ref_axis',(0.,1.,0.));
#3883=DIRECTION('',(1.,0.,0.));
#3884=DIRECTION('center_axis',(0.,0.,-1.));
#3885=DIRECTION('ref_axis',(1.,0.,0.));
#3886=DIRECTION('',(0.,-1.,0.));
#3887=DIRECTION('center_axis',(0.,0.,-1.));
#3888=DIRECTION('ref_axis',(0.,-1.,0.));
#3889=DIRECTION('',(-1.,0.,0.));
#3890=DIRECTION('center_axis',(0.,0.,-1.));
#3891=DIRECTION('ref_axis',(-1.,0.,0.));
#3892=DIRECTION('',(0.,1.,0.));
#3893=DIRECTION('center_axis',(0.,0.,-1.));
#3894=DIRECTION('ref_axis',(0.,1.,0.));
#3895=DIRECTION('',(1.,0.,0.));
#3896=DIRECTION('center_axis',(0.,0.,-1.));
#3897=DIRECTION('ref_axis',(1.,0.,0.));
#3898=DIRECTION('',(0.,-1.,0.));
#3899=DIRECTION('center_axis',(0.,0.,-1.));
#3900=DIRECTION('ref_axis',(0.,-1.,0.));
#3901=DIRECTION('',(-1.,0.,0.));
#3902=DIRECTION('center_axis',(0.,0.,-1.));
#3903=DIRECTION('ref_axis',(-1.,0.,0.));
#3904=DIRECTION('',(0.,1.,0.));
#3905=DIRECTION('center_axis',(0.,0.,-1.));
#3906=DIRECTION('ref_axis',(0.,1.,0.));
#3907=DIRECTION('center_axis',(0.,0.,-1.));
#3908=DIRECTION('ref_axis',(-0.70710678118655,0.707106781186545,0.));
#3909=DIRECTION('',(0.,0.,1.));
#3910=DIRECTION('center_axis',(-0.707106781186547,0.707106781186548,0.));
#3911=DIRECTION('ref_axis',(0.707106781186548,0.707106781186547,0.));
#3912=DIRECTION('',(0.,0.,1.));
#3913=DIRECTION('center_axis',(0.,0.,-1.));
#3914=DIRECTION('ref_axis',(-5.92118946466729E-15,1.,0.));
#3915=DIRECTION('',(0.,0.,1.));
#3916=DIRECTION('center_axis',(-3.02060013645361E-16,1.,0.));
#3917=DIRECTION('ref_axis',(1.,3.02060013645361E-16,0.));
#3918=DIRECTION('',(0.,0.,-1.));
#3919=DIRECTION('center_axis',(0.,0.,-1.));
#3920=DIRECTION('ref_axis',(1.,-2.96059473233376E-15,0.));
#3921=DIRECTION('center_axis',(0.,0.,-1.));
#3922=DIRECTION('ref_axis',(1.,0.,0.));
#3923=DIRECTION('center_axis',(0.,0.,-1.));
#3924=DIRECTION('ref_axis',(-1.,0.,0.));
#3925=DIRECTION('',(0.,0.,1.));
#3926=DIRECTION('center_axis',(0.,0.,-1.));
#3927=DIRECTION('ref_axis',(-1.,0.,0.));
#3928=DIRECTION('',(0.,0.,1.));
#3929=DIRECTION('center_axis',(0.,0.,-1.));
#3930=DIRECTION('ref_axis',(-1.,0.,0.));
#3931=DIRECTION('',(0.,0.,1.));
#3932=DIRECTION('center_axis',(0.,0.,-1.));
#3933=DIRECTION('ref_axis',(-1.,0.,0.));
#3934=DIRECTION('',(0.,0.,1.));
#3935=DIRECTION('center_axis',(0.,0.,-1.));
#3936=DIRECTION('ref_axis',(-1.,0.,0.));
#3937=DIRECTION('',(0.,0.,1.));
#3938=DIRECTION('center_axis',(0.,0.,-1.));
#3939=DIRECTION('ref_axis',(-1.,0.,0.));
#3940=DIRECTION('',(0.,0.,-1.));
#3941=DIRECTION('',(0.,0.,-1.));
#3942=DIRECTION('center_axis',(0.,0.,-1.));
#3943=DIRECTION('ref_axis',(0.,1.,0.));
#3944=DIRECTION('',(0.,0.,-1.));
#3945=DIRECTION('',(0.,0.,-1.));
#3946=DIRECTION('center_axis',(-1.,0.,0.));
#3947=DIRECTION('ref_axis',(0.,1.,0.));
#3948=DIRECTION('center_axis',(0.,0.,-1.));
#3949=DIRECTION('ref_axis',(1.,-9.99200722162645E-15,0.));
#3950=DIRECTION('',(0.,0.,-1.));
#3951=DIRECTION('',(0.,0.,-1.));
#3952=DIRECTION('center_axis',(0.,0.,-1.));
#3953=DIRECTION('ref_axis',(0.,-1.,0.));
#3954=DIRECTION('',(0.,0.,-1.));
#3955=DIRECTION('',(0.,0.,-1.));
#3956=DIRECTION('center_axis',(1.,0.,0.));
#3957=DIRECTION('ref_axis',(0.,-1.,0.));
#3958=DIRECTION('center_axis',(0.,0.,1.));
#3959=DIRECTION('ref_axis',(0.,1.,0.));
#3960=DIRECTION('',(0.,0.,1.));
#3961=DIRECTION('',(0.,0.,1.));
#3962=DIRECTION('center_axis',(1.,0.,0.));
#3963=DIRECTION('ref_axis',(0.,1.,0.));
#3964=DIRECTION('',(0.,0.,1.));
#3965=DIRECTION('center_axis',(0.,0.,1.));
#3966=DIRECTION('ref_axis',(-1.,0.,0.));
#3967=DIRECTION('',(0.,0.,1.));
#3968=DIRECTION('center_axis',(0.,1.,0.));
#3969=DIRECTION('ref_axis',(-1.,0.,0.));
#3970=DIRECTION('',(0.,0.,1.));
#3971=DIRECTION('center_axis',(0.,0.,1.));
#3972=DIRECTION('ref_axis',(0.,-1.,0.));
#3973=DIRECTION('',(0.,0.,1.));
#3974=DIRECTION('center_axis',(-1.,0.,0.));
#3975=DIRECTION('ref_axis',(0.,-1.,0.));
#3976=DIRECTION('',(0.,0.,1.));
#3977=DIRECTION('center_axis',(0.,0.,1.));
#3978=DIRECTION('ref_axis',(1.,0.,0.));
#3979=DIRECTION('',(0.,0.,1.));
#3980=DIRECTION('center_axis',(0.,-1.,0.));
#3981=DIRECTION('ref_axis',(1.,0.,0.));
#3982=DIRECTION('center_axis',(0.,0.,1.));
#3983=DIRECTION('ref_axis',(0.,1.,0.));
#3984=DIRECTION('',(0.,0.,1.));
#3985=DIRECTION('',(0.,0.,1.));
#3986=DIRECTION('center_axis',(1.,0.,0.));
#3987=DIRECTION('ref_axis',(0.,1.,0.));
#3988=DIRECTION('',(0.,0.,1.));
#3989=DIRECTION('center_axis',(0.,0.,1.));
#3990=DIRECTION('ref_axis',(-1.,0.,0.));
#3991=DIRECTION('',(0.,0.,1.));
#3992=DIRECTION('center_axis',(0.,1.,0.));
#3993=DIRECTION('ref_axis',(-1.,0.,0.));
#3994=DIRECTION('',(0.,0.,1.));
#3995=DIRECTION('center_axis',(0.,0.,1.));
#3996=DIRECTION('ref_axis',(0.,-1.,0.));
#3997=DIRECTION('',(0.,0.,1.));
#3998=DIRECTION('center_axis',(-1.,0.,0.));
#3999=DIRECTION('ref_axis',(0.,-1.,0.));
#4000=DIRECTION('',(0.,0.,1.));
#4001=DIRECTION('center_axis',(0.,0.,1.));
#4002=DIRECTION('ref_axis',(1.,0.,0.));
#4003=DIRECTION('',(0.,0.,1.));
#4004=DIRECTION('center_axis',(0.,-1.,0.));
#4005=DIRECTION('ref_axis',(1.,0.,0.));
#4006=DIRECTION('center_axis',(0.,0.,1.));
#4007=DIRECTION('ref_axis',(0.,1.,0.));
#4008=DIRECTION('',(0.,0.,1.));
#4009=DIRECTION('',(0.,0.,1.));
#4010=DIRECTION('center_axis',(1.,0.,0.));
#4011=DIRECTION('ref_axis',(0.,1.,0.));
#4012=DIRECTION('',(0.,0.,1.));
#4013=DIRECTION('center_axis',(0.,0.,1.));
#4014=DIRECTION('ref_axis',(-1.,0.,0.));
#4015=DIRECTION('',(0.,0.,1.));
#4016=DIRECTION('center_axis',(0.,1.,0.));
#4017=DIRECTION('ref_axis',(-1.,0.,0.));
#4018=DIRECTION('',(0.,0.,1.));
#4019=DIRECTION('center_axis',(0.,0.,1.));
#4020=DIRECTION('ref_axis',(0.,-1.,0.));
#4021=DIRECTION('',(0.,0.,1.));
#4022=DIRECTION('center_axis',(-1.,0.,0.));
#4023=DIRECTION('ref_axis',(0.,-1.,0.));
#4024=DIRECTION('',(0.,0.,1.));
#4025=DIRECTION('center_axis',(0.,0.,1.));
#4026=DIRECTION('ref_axis',(1.,0.,0.));
#4027=DIRECTION('',(0.,0.,1.));
#4028=DIRECTION('center_axis',(0.,-1.,0.));
#4029=DIRECTION('ref_axis',(1.,0.,0.));
#4030=DIRECTION('center_axis',(0.,0.,1.));
#4031=DIRECTION('ref_axis',(0.,1.,0.));
#4032=DIRECTION('',(0.,0.,1.));
#4033=DIRECTION('',(0.,0.,1.));
#4034=DIRECTION('center_axis',(1.,0.,0.));
#4035=DIRECTION('ref_axis',(0.,1.,0.));
#4036=DIRECTION('',(0.,0.,1.));
#4037=DIRECTION('center_axis',(0.,0.,1.));
#4038=DIRECTION('ref_axis',(-1.,0.,0.));
#4039=DIRECTION('',(0.,0.,1.));
#4040=DIRECTION('center_axis',(0.,1.,0.));
#4041=DIRECTION('ref_axis',(-1.,0.,0.));
#4042=DIRECTION('',(0.,0.,1.));
#4043=DIRECTION('center_axis',(0.,0.,1.));
#4044=DIRECTION('ref_axis',(0.,-1.,0.));
#4045=DIRECTION('',(0.,0.,1.));
#4046=DIRECTION('center_axis',(-1.,0.,0.));
#4047=DIRECTION('ref_axis',(0.,-1.,0.));
#4048=DIRECTION('',(0.,0.,1.));
#4049=DIRECTION('center_axis',(0.,0.,1.));
#4050=DIRECTION('ref_axis',(1.,0.,0.));
#4051=DIRECTION('',(0.,0.,1.));
#4052=DIRECTION('center_axis',(0.,-1.,0.));
#4053=DIRECTION('ref_axis',(1.,0.,0.));
#4054=DIRECTION('center_axis',(0.,1.,0.));
#4055=DIRECTION('ref_axis',(-1.,0.,0.));
#4056=DIRECTION('center_axis',(0.,-1.,0.));
#4057=DIRECTION('ref_axis',(1.,0.,0.));
#4058=DIRECTION('center_axis',(0.,0.,1.));
#4059=DIRECTION('ref_axis',(0.,1.,0.));
#4060=DIRECTION('',(0.,0.,1.));
#4061=DIRECTION('',(0.,0.,1.));
#4062=DIRECTION('center_axis',(1.,0.,0.));
#4063=DIRECTION('ref_axis',(0.,1.,0.));
#4064=DIRECTION('',(0.,0.,1.));
#4065=DIRECTION('center_axis',(0.,0.,1.));
#4066=DIRECTION('ref_axis',(-1.,0.,0.));
#4067=DIRECTION('',(0.,0.,1.));
#4068=DIRECTION('center_axis',(0.,1.,0.));
#4069=DIRECTION('ref_axis',(-1.,0.,0.));
#4070=DIRECTION('',(0.,0.,1.));
#4071=DIRECTION('center_axis',(0.,0.,1.));
#4072=DIRECTION('ref_axis',(0.,-1.,0.));
#4073=DIRECTION('',(0.,0.,1.));
#4074=DIRECTION('center_axis',(-1.,0.,0.));
#4075=DIRECTION('ref_axis',(0.,-1.,0.));
#4076=DIRECTION('',(0.,0.,1.));
#4077=DIRECTION('center_axis',(0.,0.,1.));
#4078=DIRECTION('ref_axis',(1.,0.,0.));
#4079=DIRECTION('',(0.,0.,1.));
#4080=DIRECTION('center_axis',(0.,-1.,0.));
#4081=DIRECTION('ref_axis',(1.,0.,0.));
#4082=DIRECTION('center_axis',(0.,0.,1.));
#4083=DIRECTION('ref_axis',(0.,1.,0.));
#4084=DIRECTION('',(0.,0.,1.));
#4085=DIRECTION('',(0.,0.,1.));
#4086=DIRECTION('center_axis',(1.,0.,0.));
#4087=DIRECTION('ref_axis',(0.,1.,0.));
#4088=DIRECTION('',(0.,0.,1.));
#4089=DIRECTION('center_axis',(0.,0.,1.));
#4090=DIRECTION('ref_axis',(-1.,0.,0.));
#4091=DIRECTION('',(0.,0.,1.));
#4092=DIRECTION('center_axis',(0.,1.,0.));
#4093=DIRECTION('ref_axis',(-1.,0.,0.));
#4094=DIRECTION('',(0.,0.,1.));
#4095=DIRECTION('center_axis',(0.,0.,1.));
#4096=DIRECTION('ref_axis',(0.,-1.,0.));
#4097=DIRECTION('',(0.,0.,1.));
#4098=DIRECTION('center_axis',(-1.,0.,0.));
#4099=DIRECTION('ref_axis',(0.,-1.,0.));
#4100=DIRECTION('',(0.,0.,1.));
#4101=DIRECTION('center_axis',(0.,0.,1.));
#4102=DIRECTION('ref_axis',(1.,0.,0.));
#4103=DIRECTION('',(0.,0.,1.));
#4104=DIRECTION('center_axis',(0.,-1.,0.));
#4105=DIRECTION('ref_axis',(1.,0.,0.));
#4106=DIRECTION('center_axis',(0.,0.,1.));
#4107=DIRECTION('ref_axis',(0.,1.,0.));
#4108=DIRECTION('',(0.,0.,1.));
#4109=DIRECTION('',(0.,0.,1.));
#4110=DIRECTION('center_axis',(1.,0.,0.));
#4111=DIRECTION('ref_axis',(0.,1.,0.));
#4112=DIRECTION('',(0.,0.,1.));
#4113=DIRECTION('center_axis',(0.,0.,1.));
#4114=DIRECTION('ref_axis',(-1.,0.,0.));
#4115=DIRECTION('',(0.,0.,1.));
#4116=DIRECTION('center_axis',(0.,1.,0.));
#4117=DIRECTION('ref_axis',(-1.,0.,0.));
#4118=DIRECTION('',(0.,0.,1.));
#4119=DIRECTION('center_axis',(0.,0.,1.));
#4120=DIRECTION('ref_axis',(0.,-1.,0.));
#4121=DIRECTION('',(0.,0.,1.));
#4122=DIRECTION('center_axis',(-1.,0.,0.));
#4123=DIRECTION('ref_axis',(0.,-1.,0.));
#4124=DIRECTION('',(0.,0.,1.));
#4125=DIRECTION('center_axis',(0.,0.,1.));
#4126=DIRECTION('ref_axis',(1.,0.,0.));
#4127=DIRECTION('',(0.,0.,1.));
#4128=DIRECTION('center_axis',(0.,-1.,0.));
#4129=DIRECTION('ref_axis',(1.,0.,0.));
#4130=CARTESIAN_POINT('',(0.,0.,0.));
#4131=CARTESIAN_POINT('Origin',(52.5999999999999,2.09,6.50000010430813));
#4132=CARTESIAN_POINT('',(53.0999999999999,3.18,7.00000010430813));
#4133=CARTESIAN_POINT('',(53.0999999999999,14.,7.00000010430812));
#4134=CARTESIAN_POINT('',(53.0999999999999,2.09,7.00000010430813));
#4135=CARTESIAN_POINT('',(52.0999999999999,13.,6.00000010430813));
#4136=CARTESIAN_POINT('',(53.0999999999999,14.,7.00000010430812));
#4137=CARTESIAN_POINT('',(52.0999999999999,4.18,6.00000010430813));
#4138=CARTESIAN_POINT('',(52.0999999999999,2.09,6.00000010430813));
#4139=CARTESIAN_POINT('',(52.0999999999999,4.18,6.00000010430813));
#4140=CARTESIAN_POINT('Origin',(23.6999999999999,6.5,6.50000010430813));
#4141=CARTESIAN_POINT('',(24.1999999999999,4.18,6.00000010430813));
#4142=CARTESIAN_POINT('',(24.1999999999999,13.,6.00000010430812));
#4143=CARTESIAN_POINT('',(24.1999999999999,6.5,6.00000010430813));
#4144=CARTESIAN_POINT('',(23.1999999999999,14.,7.00000010430812));
#4145=CARTESIAN_POINT('',(24.1999999999999,13.,6.00000010430812));
#4146=CARTESIAN_POINT('',(23.1999999999999,3.18,7.00000010430813));
#4147=CARTESIAN_POINT('',(23.1999999999999,6.5,7.00000010430813));
#4148=CARTESIAN_POINT('',(24.1999999999999,4.18,6.00000010430813));
#4149=CARTESIAN_POINT('Origin',(65.2999999999999,13.5,6.50000010430813));
#4150=CARTESIAN_POINT('',(65.2999999999999,14.,7.00000010430812));
#4151=CARTESIAN_POINT('',(65.2999999999999,13.,6.00000010430812));
#4152=CARTESIAN_POINT('Origin',(51.3499999999999,3.68,6.50000010430813));
#4153=CARTESIAN_POINT('',(51.3499999999999,3.18,7.00000010430813));
#4154=CARTESIAN_POINT('',(51.3499999999999,4.18,6.00000010430813));
#4155=CARTESIAN_POINT('Origin',(52.0999999999999,13.,3.));
#4156=CARTESIAN_POINT('',(24.1999999999999,13.,5.));
#4157=CARTESIAN_POINT('',(24.1999999999999,13.,3.));
#4158=CARTESIAN_POINT('',(52.0999999999999,13.,5.));
#4159=CARTESIAN_POINT('',(65.2999999999999,13.,5.));
#4160=CARTESIAN_POINT('',(52.0999999999999,13.,3.));
#4161=CARTESIAN_POINT('Origin',(24.1999999999999,13.,3.));
#4162=CARTESIAN_POINT('',(24.1999999999999,4.18,4.97979589711328));
#4163=CARTESIAN_POINT('',(24.1999999999999,4.18,3.));
#4164=CARTESIAN_POINT('',(24.1999999999999,4.37999999999998,5.));
#4165=CARTESIAN_POINT('Origin',(24.1999999999999,4.37999999999998,4.));
#4166=CARTESIAN_POINT('',(24.1999999999999,13.94,5.));
#4167=CARTESIAN_POINT('Origin',(78.4999999999999,5.02255320147148E-16,7.00000010430813));
#4168=CARTESIAN_POINT('',(78.4999999999999,2.,7.00000010430813));
#4169=CARTESIAN_POINT('',(-2.30000000000008,2.,7.00000010430813));
#4170=CARTESIAN_POINT('',(78.4999999999999,2.,7.00000010430813));
#4171=CARTESIAN_POINT('',(78.4999999999999,19.88,7.00000010430812));
#4172=CARTESIAN_POINT('',(78.4999999999999,-18.86,7.00000010430813));
#4173=CARTESIAN_POINT('',(76.0999999999999,22.28,7.00000010430812));
#4174=CARTESIAN_POINT('Origin',(76.0999999999999,19.88,7.00000010430813));
#4175=CARTESIAN_POINT('',(13.7517686860699,22.28,7.00000010430812));
#4176=CARTESIAN_POINT('',(77.2999999999999,22.28,7.00000010430812));
#4177=CARTESIAN_POINT('',(12.0547124112221,21.5770562748477,7.00000010430812));
#4178=CARTESIAN_POINT('Origin',(13.7517686860698,19.88,7.00000010430813));
#4179=CARTESIAN_POINT('',(-1.59705627484779,7.92528758877779,7.00000010430813));
#4180=CARTESIAN_POINT('',(23.2717702397047,32.7941141033302,7.00000010430812));
#4181=CARTESIAN_POINT('',(-2.30000000000008,6.22823131393007,7.00000010430813));
#4182=CARTESIAN_POINT('Origin',(0.0999999999999091,6.22823131393009,7.00000010430813));
#4183=CARTESIAN_POINT('',(-2.30000000000008,3.11411565696504,7.00000010430813));
#4184=CARTESIAN_POINT('Origin',(52.0999999999999,4.18,3.));
#4185=CARTESIAN_POINT('',(52.0999999999999,4.37999999999998,5.));
#4186=CARTESIAN_POINT('',(52.0999999999999,9.52999999999999,5.));
#4187=CARTESIAN_POINT('',(52.0999999999999,4.18,4.97979589711328));
#4188=CARTESIAN_POINT('Origin',(52.0999999999999,4.37999999999998,4.));
#4189=CARTESIAN_POINT('',(52.0999999999999,4.18,3.));
#4190=CARTESIAN_POINT('Origin',(24.1999999999999,4.18,3.));
#4191=CARTESIAN_POINT('',(78.4999999999999,4.18,4.97979589711328));
#4192=CARTESIAN_POINT('Origin',(78.4999999999999,14.88,5.));
#4193=CARTESIAN_POINT('',(-2.30000000000008,4.37999999999998,5.00000007450581));
#4194=CARTESIAN_POINT('',(78.4999999999999,4.37999999999998,5.));
#4195=CARTESIAN_POINT('',(-2.30000000000008,6.22823131393007,5.0000000745058));
#4196=CARTESIAN_POINT('',(-2.30000000000008,14.3641158246031,5.0000000745058));
#4197=CARTESIAN_POINT('',(-1.59705627484779,7.92528758877779,5.0000000745058));
#4198=CARTESIAN_POINT('Origin',(0.0999999999999091,6.22823131393009,5.0000000745058));
#4199=CARTESIAN_POINT('',(12.0547124112221,21.5770562748477,5.0000000745058));
#4200=CARTESIAN_POINT('',(28.8967703235238,38.4191141871492,5.0000000745058));
#4201=CARTESIAN_POINT('',(13.7517686860699,22.28,5.0000000745058));
#4202=CARTESIAN_POINT('Origin',(13.7517686860698,19.88,5.0000000745058));
#4203=CARTESIAN_POINT('',(76.0999999999999,22.28,5.0000000745058));
#4204=CARTESIAN_POINT('',(77.2999999999999,22.28,5.0000000745058));
#4205=CARTESIAN_POINT('',(78.4999999999999,19.88,5.0000000745058));
#4206=CARTESIAN_POINT('Origin',(76.0999999999999,19.88,5.0000000745058));
#4207=CARTESIAN_POINT('',(78.4999999999999,13.88,5.));
#4208=CARTESIAN_POINT('',(78.4999999999999,-7.60999983236195,5.00000007450581));
#4209=CARTESIAN_POINT('',(79.9999999999999,13.88,5.));
#4210=CARTESIAN_POINT('',(78.4999999999999,13.88,5.));
#4211=CARTESIAN_POINT('',(79.9999999999999,4.37999999999998,5.));
#4212=CARTESIAN_POINT('',(79.9999999999999,12.005,5.));
#4213=CARTESIAN_POINT('',(78.4999999999999,4.37999999999998,5.));
#4214=CARTESIAN_POINT('Origin',(78.4999999999999,1.,6.00000010430813));
#4215=CARTESIAN_POINT('',(78.4999999999999,0.,5.00000010430813));
#4216=CARTESIAN_POINT('',(78.4999999999999,-9.43000002607704,-4.42999992176891));
#4217=CARTESIAN_POINT('',(-2.30000000000008,0.,5.00000010430813));
#4218=CARTESIAN_POINT('',(-2.30000000000008,1.55705780240549,6.55705790671361));
#4219=CARTESIAN_POINT('',(78.4999999999999,0.,5.00000010430813));
#4220=CARTESIAN_POINT('Origin',(78.4999999999999,0.,1.00000001490116));
#4221=CARTESIAN_POINT('',(-2.30000000000008,0.,3.));
#4222=CARTESIAN_POINT('',(-2.30000000000008,0.,2.00000000745058));
#4223=CARTESIAN_POINT('',(78.4999999999999,0.,3.));
#4224=CARTESIAN_POINT('',(76.1999982967973,0.,3.));
#4225=CARTESIAN_POINT('',(78.4999999999999,0.,2.00000000745058));
#4226=CARTESIAN_POINT('Origin',(78.4999999999999,3.37999999999998,1.00000001490116));
#4227=CARTESIAN_POINT('',(-2.30000000000008,3.37999999999998,1.00000001490116));
#4228=CARTESIAN_POINT('',(-2.30000000000008,0.,1.00000001490116));
#4229=CARTESIAN_POINT('',(-2.30000000000008,4.80411565696503,1.00000001490116));
#4230=CARTESIAN_POINT('',(78.4999999999999,3.37999999999998,1.00000001490116));
#4231=CARTESIAN_POINT('',(78.4999999999999,3.37999999999998,1.00000001490116));
#4232=CARTESIAN_POINT('',(78.4999999999999,0.,1.00000001490116));
#4233=CARTESIAN_POINT('',(78.4999999999999,-17.17,1.00000001490116));
#4234=CARTESIAN_POINT('',(77.35,0.,1.00000001490116));
#4235=CARTESIAN_POINT('Origin',(76.2,0.,0.));
#4236=CARTESIAN_POINT('',(78.4999999999999,0.,0.));
#4237=CARTESIAN_POINT('',(78.4999999999999,0.,3.));
#4238=CARTESIAN_POINT('',(-2.30000000000008,0.,0.));
#4239=CARTESIAN_POINT('',(76.1999982967973,0.,0.));
#4240=CARTESIAN_POINT('',(-2.30000000000008,0.,3.));
#4241=CARTESIAN_POINT('Origin',(-2.30000000000008,6.22823131393007,3.));
#4242=CARTESIAN_POINT('',(-2.30000000000008,6.22823131393007,8.5));
#4243=CARTESIAN_POINT('',(-2.30000000000008,6.22823131393007,3.));
#4244=CARTESIAN_POINT('',(-2.30000000000008,-37.72,8.5));
#4245=CARTESIAN_POINT('',(-2.30000000000008,-1.34588434303498,8.5));
#4246=CARTESIAN_POINT('',(-2.30000000000008,-37.72,3.));
#4247=CARTESIAN_POINT('',(-2.30000000000008,-37.72,3.));
#4248=CARTESIAN_POINT('',(-2.30000000000008,-28.385,3.));
#4249=CARTESIAN_POINT('Origin',(-2.30000000000008,6.22823131393007,3.));
#4250=CARTESIAN_POINT('',(-2.30000000000008,3.37999999999998,4.));
#4251=CARTESIAN_POINT('Origin',(-2.30000000000008,4.37999999999998,4.));
#4252=CARTESIAN_POINT('',(-2.30000000000008,3.37999999999998,3.5));
#4253=CARTESIAN_POINT('',(-2.30000000000008,6.22823131393007,0.));
#4254=CARTESIAN_POINT('',(-2.30000000000008,-37.72,0.));
#4255=CARTESIAN_POINT('',(-2.30000000000008,6.22823131393007,3.));
#4256=CARTESIAN_POINT('Origin',(78.4999999999999,-37.72,3.));
#4257=CARTESIAN_POINT('',(78.4999999999999,19.88,0.));
#4258=CARTESIAN_POINT('',(78.4999999999999,19.88,3.));
#4259=CARTESIAN_POINT('',(78.4999999999999,14.88,1.30614473485313E-15));
#4260=CARTESIAN_POINT('',(78.4999999999999,-37.72,0.));
#4261=CARTESIAN_POINT('',(78.4999999999999,14.88,4.));
#4262=CARTESIAN_POINT('',(78.4999999999999,14.88,1.5));
#4263=CARTESIAN_POINT('Origin',(78.4999999999999,13.88,4.));
#4264=CARTESIAN_POINT('Origin',(78.4999999999999,-37.72,3.));
#4265=CARTESIAN_POINT('',(78.4999999999999,-37.72,3.));
#4266=CARTESIAN_POINT('',(78.4999999999999,0.414999999999992,3.));
#4267=CARTESIAN_POINT('',(78.4999999999999,-37.72,8.5));
#4268=CARTESIAN_POINT('',(78.4999999999999,-37.72,3.));
#4269=CARTESIAN_POINT('',(78.4999999999999,19.88,8.5));
#4270=CARTESIAN_POINT('',(78.4999999999999,-23.32,8.5));
#4271=CARTESIAN_POINT('',(78.4999999999999,19.88,3.));
#4272=CARTESIAN_POINT('Origin',(0.0999999999999091,6.22823131393009,3.));
#4273=CARTESIAN_POINT('',(-1.59705627484779,7.92528758877779,8.5));
#4274=CARTESIAN_POINT('',(-1.59705627484779,7.92528758877779,3.));
#4275=CARTESIAN_POINT('Origin',(0.0999999999999091,6.22823131393009,8.5));
#4276=CARTESIAN_POINT('Origin',(12.0547124112221,21.5770562748477,3.));
#4277=CARTESIAN_POINT('',(12.0547124112221,21.5770562748477,8.5));
#4278=CARTESIAN_POINT('',(12.0547124112221,21.5770562748477,3.));
#4279=CARTESIAN_POINT('',(10.9417702397047,20.4641141033302,8.5));
#4280=CARTESIAN_POINT('Origin',(76.0999999999999,19.88,3.));
#4281=CARTESIAN_POINT('',(76.0999999999999,22.28,8.5));
#4282=CARTESIAN_POINT('Origin',(76.0999999999999,19.88,8.5));
#4283=CARTESIAN_POINT('',(76.0999999999999,22.28,3.));
#4284=CARTESIAN_POINT('Origin',(13.7517686860698,19.88,3.));
#4285=CARTESIAN_POINT('',(13.7517686860699,22.28,8.5));
#4286=CARTESIAN_POINT('',(13.7517686860699,22.28,3.));
#4287=CARTESIAN_POINT('Origin',(13.7517686860698,19.88,8.5));
#4288=CARTESIAN_POINT('Origin',(76.0999999999999,22.28,3.));
#4289=CARTESIAN_POINT('',(57.0999999999999,22.28,8.5));
#4290=CARTESIAN_POINT('Origin',(80.2499999999999,15.13,1.75000002607703));
#4291=CARTESIAN_POINT('',(79.9999999999999,14.88,0.));
#4292=CARTESIAN_POINT('',(80.4999999999999,15.38,0.));
#4293=CARTESIAN_POINT('',(61.1675,-3.95250000000003,-1.38777878078145E-16));
#4294=CARTESIAN_POINT('',(80.4999999999999,15.38,4.));
#4295=CARTESIAN_POINT('',(80.4999999999999,15.38,1.75000002607703));
#4296=CARTESIAN_POINT('',(79.9999999999999,14.88,4.));
#4297=CARTESIAN_POINT('',(80.4999999999999,15.38,4.));
#4298=CARTESIAN_POINT('',(79.9999999999999,14.88,1.75000002607703));
#4299=CARTESIAN_POINT('Origin',(80.2499999999999,13.88,4.));
#4300=CARTESIAN_POINT('',(80.4999999999999,13.88,5.5));
#4301=CARTESIAN_POINT('Origin',(80.4999999999999,13.88,4.));
#4302=CARTESIAN_POINT('',(80.4999999999999,13.88,5.5));
#4303=CARTESIAN_POINT('Origin',(79.9999999999999,13.88,4.));
#4304=CARTESIAN_POINT('Origin',(80.2499999999999,12.005,5.25));
#4305=CARTESIAN_POINT('',(80.4999999999999,4.37999999999998,5.5));
#4306=CARTESIAN_POINT('',(80.4999999999999,4.37999999999998,5.5));
#4307=CARTESIAN_POINT('',(80.4999999999999,12.005,5.5));
#4308=CARTESIAN_POINT('Origin',(80.2499999999999,4.37999999999998,4.));
#4309=CARTESIAN_POINT('',(80.4999999999999,2.87999999999998,4.));
#4310=CARTESIAN_POINT('Origin',(80.4999999999999,4.37999999999998,4.));
#4311=CARTESIAN_POINT('',(79.9999999999999,3.37999999999998,4.));
#4312=CARTESIAN_POINT('',(80.4999999999999,2.87999999999998,4.));
#4313=CARTESIAN_POINT('Origin',(79.9999999999999,4.37999999999998,4.));
#4314=CARTESIAN_POINT('Origin',(80.2499999999999,3.12999999999998,4.25000002607703));
#4315=CARTESIAN_POINT('',(80.4999999999999,2.87999999999998,0.));
#4316=CARTESIAN_POINT('',(79.9999999999999,3.37999999999998,0.));
#4317=CARTESIAN_POINT('',(75.2575,8.12249999999995,-2.77555756156289E-16));
#4318=CARTESIAN_POINT('',(79.9999999999999,3.37999999999998,4.25000002607703));
#4319=CARTESIAN_POINT('',(80.4999999999999,2.87999999999998,4.25000002607703));
#4320=CARTESIAN_POINT('Origin',(78.4999999999999,14.88,1.30614473485313E-15));
#4321=CARTESIAN_POINT('',(78.4999999999999,14.88,4.));
#4322=CARTESIAN_POINT('',(58.3,14.88,0.));
#4323=CARTESIAN_POINT('Origin',(78.4999999999999,13.88,4.));
#4324=CARTESIAN_POINT('Origin',(78.4999999999999,4.37999999999998,4.));
#4325=CARTESIAN_POINT('',(78.4999999999999,3.37999999999998,4.));
#4326=CARTESIAN_POINT('Origin',(78.4999999999999,3.37999999999998,5.));
#4327=CARTESIAN_POINT('',(78.4999999999999,3.37999999999998,1.11022302462516E-15));
#4328=CARTESIAN_POINT('',(58.3,3.37999999999998,0.));
#4329=CARTESIAN_POINT('',(78.4999999999999,3.37999999999998,4.));
#4330=CARTESIAN_POINT('Origin',(88.,0.879999999999982,5.00000005215406));
#4331=CARTESIAN_POINT('',(88.4999999999999,0.37999999999998,0.));
#4332=CARTESIAN_POINT('',(87.5,1.37999999999998,0.));
#4333=CARTESIAN_POINT('',(80.5075000000002,8.37249999999985,-5.55111512312578E-16));
#4334=CARTESIAN_POINT('',(87.5,1.37999999999998,5.00000010430813));
#4335=CARTESIAN_POINT('',(87.5,1.37999999999998,5.00000005215406));
#4336=CARTESIAN_POINT('',(88.4999999999999,0.37999999999998,5.00000010430813));
#4337=CARTESIAN_POINT('',(87.5,1.37999999999998,5.00000010430813));
#4338=CARTESIAN_POINT('',(88.4999999999999,0.37999999999998,5.00000005215406));
#4339=CARTESIAN_POINT('Origin',(87.9999999999999,3.37999999999998,5.00000010430813));
#4340=CARTESIAN_POINT('',(87.4999999999999,3.37999999999998,7.00000010430813));
#4341=CARTESIAN_POINT('Origin',(87.4999999999999,3.37999999999998,5.00000010430813));
#4342=CARTESIAN_POINT('',(88.4999999999999,3.37999999999998,8.00000010430813));
#4343=CARTESIAN_POINT('',(87.4999999999999,3.37999999999998,7.00000010430813));
#4344=CARTESIAN_POINT('Origin',(88.4999999999999,3.37999999999998,5.00000010430813));
#4345=CARTESIAN_POINT('Origin',(88.,21.58,7.50000010430813));
#4346=CARTESIAN_POINT('',(87.5,14.88,7.00000010430813));
#4347=CARTESIAN_POINT('',(88.4999999999999,14.88,8.00000010430813));
#4348=CARTESIAN_POINT('',(87.5,14.88,7.00000010430813));
#4349=CARTESIAN_POINT('',(88.4999999999999,21.58,8.00000010430813));
#4350=CARTESIAN_POINT('',(87.5,21.58,7.00000010430813));
#4351=CARTESIAN_POINT('Origin',(87.9999999999999,14.88,5.00000010430813));
#4352=CARTESIAN_POINT('',(87.4999999999999,16.88,5.00000010430813));
#4353=CARTESIAN_POINT('Origin',(87.4999999999999,14.88,5.00000010430813));
#4354=CARTESIAN_POINT('',(88.4999999999999,17.88,5.00000010430813));
#4355=CARTESIAN_POINT('',(87.4999999999999,16.88,5.00000010430813));
#4356=CARTESIAN_POINT('Origin',(88.4999999999999,14.88,5.00000010430813));
#4357=CARTESIAN_POINT('Origin',(88.,17.38,1.5));
#4358=CARTESIAN_POINT('',(87.5,16.88,0.));
#4359=CARTESIAN_POINT('',(88.4999999999999,17.88,0.));
#4360=CARTESIAN_POINT('',(66.4175000000002,-4.20250000000019,0.));
#4361=CARTESIAN_POINT('',(88.4999999999999,17.88,1.5));
#4362=CARTESIAN_POINT('',(87.5,16.88,1.5));
#4363=CARTESIAN_POINT('Origin',(80.4999999999999,16.88,1.11022302462516E-15));
#4364=CARTESIAN_POINT('',(80.4999999999999,16.88,5.00000010430813));
#4365=CARTESIAN_POINT('',(80.4999999999999,16.88,5.00000010430813));
#4366=CARTESIAN_POINT('',(80.4999999999999,16.88,1.11022302462516E-15));
#4367=CARTESIAN_POINT('',(80.4999999999999,16.88,1.11022302462516E-15));
#4368=CARTESIAN_POINT('',(59.3,16.88,0.));
#4369=CARTESIAN_POINT('Origin',(80.4999999999999,14.88,5.00000010430813));
#4370=CARTESIAN_POINT('',(80.4999999999999,14.88,7.00000010430813));
#4371=CARTESIAN_POINT('',(80.4999999999999,14.88,7.00000010430813));
#4372=CARTESIAN_POINT('Origin',(80.4999999999999,14.88,5.00000010430813));
#4373=CARTESIAN_POINT('Origin',(80.4999999999999,16.88,7.00000010430813));
#4374=CARTESIAN_POINT('',(80.4999999999999,3.37999999999998,7.00000010430813));
#4375=CARTESIAN_POINT('',(80.4999999999999,3.37999999999998,7.00000010430813));
#4376=CARTESIAN_POINT('',(80.4999999999999,1.37999999999998,7.00000010430813));
#4377=CARTESIAN_POINT('Origin',(80.4999999999999,3.37999999999998,5.00000010430813));
#4378=CARTESIAN_POINT('',(80.4999999999999,1.37999999999998,5.00000010430813));
#4379=CARTESIAN_POINT('',(80.4999999999999,1.37999999999998,5.00000010430813));
#4380=CARTESIAN_POINT('Origin',(80.4999999999999,3.37999999999998,5.00000010430813));
#4381=CARTESIAN_POINT('Origin',(38.1,-19.05,0.));
#4382=CARTESIAN_POINT('',(76.0999999999999,22.28,0.));
#4383=CARTESIAN_POINT('Origin',(76.0999999999999,19.88,0.));
#4384=CARTESIAN_POINT('',(13.7517686860699,22.28,0.));
#4385=CARTESIAN_POINT('',(16.5321125496953,22.28,0.));
#4386=CARTESIAN_POINT('',(12.0547124112221,21.5770562748477,0.));
#4387=CARTESIAN_POINT('Origin',(13.7517686860698,19.88,0.));
#4388=CARTESIAN_POINT('',(-1.59705627484779,7.92528758877779,0.));
#4389=CARTESIAN_POINT('',(5.22882806818718,14.7511719318127,0.));
#4390=CARTESIAN_POINT('Origin',(0.0999999999999091,6.22823131393009,0.));
#4391=CARTESIAN_POINT('',(78.4999999999999,-37.72,0.));
#4392=CARTESIAN_POINT('',(80.4999999999999,1.37999999999998,1.11022302462516E-15));
#4393=CARTESIAN_POINT('',(80.4999999999999,-4.96000000000001,0.));
#4394=CARTESIAN_POINT('',(59.3,1.37999999999998,0.));
#4395=CARTESIAN_POINT('',(88.4999999999999,-44.12,0.));
#4396=CARTESIAN_POINT('',(88.4999999999999,-8.92000000000002,0.));
#4397=CARTESIAN_POINT('',(82.4999999999999,-50.12,0.));
#4398=CARTESIAN_POINT('Origin',(82.4999999999999,-44.12,0.));
#4399=CARTESIAN_POINT('',(-6.30000000000006,-50.12,0.));
#4400=CARTESIAN_POINT('',(-6.30000000000006,-50.12,0.));
#4401=CARTESIAN_POINT('',(-12.3000000000001,-44.12,0.));
#4402=CARTESIAN_POINT('Origin',(-6.3000000000001,-44.12,0.));
#4403=CARTESIAN_POINT('',(-12.3000000000001,8.92247304812651,0.));
#4404=CARTESIAN_POINT('',(-12.3000000000001,6.09885424949239,0.));
#4405=CARTESIAN_POINT('',(-10.5426406871194,13.1651137352458,0.));
#4406=CARTESIAN_POINT('Origin',(-6.30000000000003,8.92247304812647,0.));
#4407=CARTESIAN_POINT('',(6.81488626475416,30.5226406871193,0.));
#4408=CARTESIAN_POINT('',(-1.86387721118262,21.8438772111825,0.));
#4409=CARTESIAN_POINT('',(11.0575269518735,32.28,0.));
#4410=CARTESIAN_POINT('Origin',(11.0575269518735,26.2799999999998,0.));
#4411=CARTESIAN_POINT('',(82.4999999999999,32.28,0.));
#4412=CARTESIAN_POINT('',(43.2851840070544,32.28,0.));
#4413=CARTESIAN_POINT('',(88.4999999999999,26.28,0.));
#4414=CARTESIAN_POINT('Origin',(82.5,26.28,0.));
#4415=CARTESIAN_POINT('',(88.4999999999999,-8.92000000000002,0.));
#4416=CARTESIAN_POINT('',(80.4999999999999,-4.96000000000001,0.));
#4417=CARTESIAN_POINT('',(59.675,-16.525,0.));
#4418=CARTESIAN_POINT('',(73.675,-16.525,0.));
#4419=CARTESIAN_POINT('',(55.8875,-16.525,0.));
#4420=CARTESIAN_POINT('',(74.175,-16.025,0.));
#4421=CARTESIAN_POINT('Origin',(73.675,-16.025,0.));
#4422=CARTESIAN_POINT('',(74.175,-3.025,0.));
#4423=CARTESIAN_POINT('',(74.175,-11.0375,0.));
#4424=CARTESIAN_POINT('',(73.675,-2.525,0.));
#4425=CARTESIAN_POINT('Origin',(73.675,-3.025,0.));
#4426=CARTESIAN_POINT('',(59.675,-2.525,0.));
#4427=CARTESIAN_POINT('',(60.175,-2.525,0.));
#4428=CARTESIAN_POINT('',(59.175,-3.025,0.));
#4429=CARTESIAN_POINT('Origin',(59.675,-3.025,0.));
#4430=CARTESIAN_POINT('',(59.175,-16.025,0.));
#4431=CARTESIAN_POINT('',(59.175,-17.5375,0.));
#4432=CARTESIAN_POINT('Origin',(59.675,-16.025,0.));
#4433=CARTESIAN_POINT('',(3.025,-2.525,0.));
#4434=CARTESIAN_POINT('',(16.025,-2.525,0.));
#4435=CARTESIAN_POINT('',(3.025,-2.525,0.));
#4436=CARTESIAN_POINT('',(2.525,-3.025,0.));
#4437=CARTESIAN_POINT('Origin',(3.025,-3.025,0.));
#4438=CARTESIAN_POINT('',(2.525,-16.025,0.));
#4439=CARTESIAN_POINT('',(2.525,-3.025,0.));
#4440=CARTESIAN_POINT('',(3.025,-16.525,0.));
#4441=CARTESIAN_POINT('Origin',(3.025,-16.025,0.));
#4442=CARTESIAN_POINT('',(16.025,-16.525,0.));
#4443=CARTESIAN_POINT('',(3.025,-16.525,0.));
#4444=CARTESIAN_POINT('',(16.525,-16.025,0.));
#4445=CARTESIAN_POINT('Origin',(16.025,-16.025,0.));
#4446=CARTESIAN_POINT('',(16.525,-3.025,0.));
#4447=CARTESIAN_POINT('',(16.525,-3.025,0.));
#4448=CARTESIAN_POINT('Origin',(16.025,-3.025,0.));
#4449=CARTESIAN_POINT('',(22.075,-2.525,0.));
#4450=CARTESIAN_POINT('',(35.075,-2.525,0.));
#4451=CARTESIAN_POINT('',(22.075,-2.525,0.));
#4452=CARTESIAN_POINT('',(21.575,-3.025,0.));
#4453=CARTESIAN_POINT('Origin',(22.075,-3.025,0.));
#4454=CARTESIAN_POINT('',(21.575,-16.025,0.));
#4455=CARTESIAN_POINT('',(21.575,-3.025,0.));
#4456=CARTESIAN_POINT('',(22.075,-16.525,0.));
#4457=CARTESIAN_POINT('Origin',(22.075,-16.025,0.));
#4458=CARTESIAN_POINT('',(35.075,-16.525,0.));
#4459=CARTESIAN_POINT('',(22.075,-16.525,0.));
#4460=CARTESIAN_POINT('',(35.575,-16.025,0.));
#4461=CARTESIAN_POINT('Origin',(35.075,-16.025,0.));
#4462=CARTESIAN_POINT('',(35.575,-3.025,0.));
#4463=CARTESIAN_POINT('',(35.575,-3.025,0.));
#4464=CARTESIAN_POINT('Origin',(35.075,-3.025,0.));
#4465=CARTESIAN_POINT('',(41.125,-2.525,0.));
#4466=CARTESIAN_POINT('',(54.125,-2.525,0.));
#4467=CARTESIAN_POINT('',(41.125,-2.525,0.));
#4468=CARTESIAN_POINT('',(40.625,-3.025,0.));
#4469=CARTESIAN_POINT('Origin',(41.125,-3.025,0.));
#4470=CARTESIAN_POINT('',(40.625,-16.025,0.));
#4471=CARTESIAN_POINT('',(40.625,-3.025,0.));
#4472=CARTESIAN_POINT('',(41.125,-16.525,0.));
#4473=CARTESIAN_POINT('Origin',(41.125,-16.025,0.));
#4474=CARTESIAN_POINT('',(54.125,-16.525,0.));
#4475=CARTESIAN_POINT('',(41.125,-16.525,0.));
#4476=CARTESIAN_POINT('',(54.625,-16.025,0.));
#4477=CARTESIAN_POINT('Origin',(54.125,-16.025,0.));
#4478=CARTESIAN_POINT('',(54.625,-3.025,0.));
#4479=CARTESIAN_POINT('',(54.625,-3.025,0.));
#4480=CARTESIAN_POINT('Origin',(54.125,-3.025,0.));
#4481=CARTESIAN_POINT('',(3.025,-21.575,0.));
#4482=CARTESIAN_POINT('',(16.025,-21.575,0.));
#4483=CARTESIAN_POINT('',(3.025,-21.575,0.));
#4484=CARTESIAN_POINT('',(2.525,-22.075,0.));
#4485=CARTESIAN_POINT('Origin',(3.025,-22.075,0.));
#4486=CARTESIAN_POINT('',(2.525,-35.075,0.));
#4487=CARTESIAN_POINT('',(2.525,-22.075,0.));
#4488=CARTESIAN_POINT('',(3.025,-35.575,0.));
#4489=CARTESIAN_POINT('Origin',(3.025,-35.075,0.));
#4490=CARTESIAN_POINT('',(16.025,-35.575,0.));
#4491=CARTESIAN_POINT('',(3.025,-35.575,0.));
#4492=CARTESIAN_POINT('',(16.525,-35.075,0.));
#4493=CARTESIAN_POINT('Origin',(16.025,-35.075,0.));
#4494=CARTESIAN_POINT('',(16.525,-22.075,0.));
#4495=CARTESIAN_POINT('',(16.525,-22.075,0.));
#4496=CARTESIAN_POINT('Origin',(16.025,-22.075,0.));
#4497=CARTESIAN_POINT('',(22.075,-21.575,0.));
#4498=CARTESIAN_POINT('',(35.075,-21.575,0.));
#4499=CARTESIAN_POINT('',(22.075,-21.575,0.));
#4500=CARTESIAN_POINT('',(21.575,-22.075,0.));
#4501=CARTESIAN_POINT('Origin',(22.075,-22.075,0.));
#4502=CARTESIAN_POINT('',(21.575,-35.075,0.));
#4503=CARTESIAN_POINT('',(21.575,-22.075,0.));
#4504=CARTESIAN_POINT('',(22.075,-35.575,0.));
#4505=CARTESIAN_POINT('Origin',(22.075,-35.075,0.));
#4506=CARTESIAN_POINT('',(35.075,-35.575,0.));
#4507=CARTESIAN_POINT('',(22.075,-35.575,0.));
#4508=CARTESIAN_POINT('',(35.575,-35.075,0.));
#4509=CARTESIAN_POINT('Origin',(35.075,-35.075,0.));
#4510=CARTESIAN_POINT('',(35.575,-22.075,0.));
#4511=CARTESIAN_POINT('',(35.575,-22.075,0.));
#4512=CARTESIAN_POINT('Origin',(35.075,-22.075,0.));
#4513=CARTESIAN_POINT('',(41.125,-21.575,0.));
#4514=CARTESIAN_POINT('',(54.125,-21.575,0.));
#4515=CARTESIAN_POINT('',(41.125,-21.575,0.));
#4516=CARTESIAN_POINT('',(40.625,-22.075,0.));
#4517=CARTESIAN_POINT('Origin',(41.125,-22.075,0.));
#4518=CARTESIAN_POINT('',(40.625,-35.075,0.));
#4519=CARTESIAN_POINT('',(40.625,-22.075,0.));
#4520=CARTESIAN_POINT('',(41.125,-35.575,0.));
#4521=CARTESIAN_POINT('Origin',(41.125,-35.075,0.));
#4522=CARTESIAN_POINT('',(54.125,-35.575,0.));
#4523=CARTESIAN_POINT('',(41.125,-35.575,0.));
#4524=CARTESIAN_POINT('',(54.625,-35.075,0.));
#4525=CARTESIAN_POINT('Origin',(54.125,-35.075,0.));
#4526=CARTESIAN_POINT('',(54.625,-22.075,0.));
#4527=CARTESIAN_POINT('',(54.625,-22.075,0.));
#4528=CARTESIAN_POINT('Origin',(54.125,-22.075,0.));
#4529=CARTESIAN_POINT('',(60.175,-21.575,0.));
#4530=CARTESIAN_POINT('',(73.175,-21.575,0.));
#4531=CARTESIAN_POINT('',(60.175,-21.575,0.));
#4532=CARTESIAN_POINT('',(59.675,-22.075,0.));
#4533=CARTESIAN_POINT('Origin',(60.175,-22.075,0.));
#4534=CARTESIAN_POINT('',(59.675,-35.075,0.));
#4535=CARTESIAN_POINT('',(59.675,-22.075,0.));
#4536=CARTESIAN_POINT('',(60.175,-35.575,0.));
#4537=CARTESIAN_POINT('Origin',(60.175,-35.075,0.));
#4538=CARTESIAN_POINT('',(73.175,-35.575,0.));
#4539=CARTESIAN_POINT('',(60.175,-35.575,0.));
#4540=CARTESIAN_POINT('',(73.675,-35.075,0.));
#4541=CARTESIAN_POINT('Origin',(73.175,-35.075,0.));
#4542=CARTESIAN_POINT('',(73.675,-22.075,0.));
#4543=CARTESIAN_POINT('',(73.675,-22.075,0.));
#4544=CARTESIAN_POINT('Origin',(73.175,-22.075,0.));
#4545=CARTESIAN_POINT('',(-4.63029403654748,9.18262259696167,0.));
#4546=CARTESIAN_POINT('Origin',(-6.98029403654747,9.18262259696167,0.));
#4547=CARTESIAN_POINT('',(13.1473774030383,26.9602940365474,0.));
#4548=CARTESIAN_POINT('Origin',(10.7973774030383,26.9602940365474,0.));
#4549=CARTESIAN_POINT('',(84.85,26.28,0.));
#4550=CARTESIAN_POINT('Origin',(82.5,26.28,0.));
#4551=CARTESIAN_POINT('',(84.8499999999999,-44.12,0.));
#4552=CARTESIAN_POINT('Origin',(82.4999999999999,-44.12,0.));
#4553=CARTESIAN_POINT('',(-3.9500000000001,-44.12,0.));
#4554=CARTESIAN_POINT('Origin',(-6.3000000000001,-44.12,0.));
#4555=CARTESIAN_POINT('Origin',(80.4999999999999,1.37999999999998,7.00000010430813));
#4556=CARTESIAN_POINT('',(80.4999999999999,1.37999999999998,1.11022302462516E-15));
#4557=CARTESIAN_POINT('Origin',(38.0999999999999,-8.92000000000002,6.5));
#4558=CARTESIAN_POINT('',(13.1473774030383,26.9602940365474,6.5));
#4559=CARTESIAN_POINT('Origin',(10.7973774030383,26.9602940365474,6.5));
#4560=CARTESIAN_POINT('Origin',(38.0999999999999,-8.92000000000002,6.5));
#4561=CARTESIAN_POINT('',(84.8499999999999,-44.12,6.5));
#4562=CARTESIAN_POINT('Origin',(82.4999999999999,-44.12,6.5));
#4563=CARTESIAN_POINT('Origin',(38.0999999999999,-8.92000000000002,6.5));
#4564=CARTESIAN_POINT('',(-3.9500000000001,-44.12,6.5));
#4565=CARTESIAN_POINT('Origin',(-6.3000000000001,-44.12,6.5));
#4566=CARTESIAN_POINT('Origin',(38.0999999999999,-8.92000000000002,6.5));
#4567=CARTESIAN_POINT('',(84.85,26.28,6.5));
#4568=CARTESIAN_POINT('Origin',(82.5,26.28,6.5));
#4569=CARTESIAN_POINT('Origin',(38.0999999999999,-8.92000000000002,6.5));
#4570=CARTESIAN_POINT('',(-4.63029403654747,9.18262259696167,6.5));
#4571=CARTESIAN_POINT('Origin',(-6.98029403654747,9.18262259696167,6.5));
#4572=CARTESIAN_POINT('Origin',(80.4999999999999,9.12999999999998,3.50000005215406));
#4573=CARTESIAN_POINT('Origin',(78.4999999999999,-37.72,3.));
#4574=CARTESIAN_POINT('Origin',(-11.5500000000001,-26.52,9.25));
#4575=CARTESIAN_POINT('',(-12.3000000000001,-44.12,8.5));
#4576=CARTESIAN_POINT('',(-10.8000000000001,-44.12,10.));
#4577=CARTESIAN_POINT('',(-12.3000000000001,-44.12,8.5));
#4578=CARTESIAN_POINT('',(-10.8000000000001,8.92247304812651,10.));
#4579=CARTESIAN_POINT('',(-10.8000000000001,-26.52,10.));
#4580=CARTESIAN_POINT('',(-12.3000000000001,8.92247304812651,8.5));
#4581=CARTESIAN_POINT('',(-10.8000000000001,8.92247304812651,10.));
#4582=CARTESIAN_POINT('',(-12.3000000000001,-26.52,8.5));
#4583=CARTESIAN_POINT('Origin',(-6.3000000000001,-44.12,9.25));
#4584=CARTESIAN_POINT('',(-6.30000000000006,-50.12,8.5));
#4585=CARTESIAN_POINT('',(-6.30000000000007,-48.62,10.));
#4586=CARTESIAN_POINT('',(-6.30000000000006,-50.12,8.5));
#4587=CARTESIAN_POINT('Origin',(-6.3000000000001,-44.12,10.));
#4588=CARTESIAN_POINT('Origin',(-6.3000000000001,-44.12,8.5));
#4589=CARTESIAN_POINT('Origin',(60.2999999999999,-49.37,9.25));
#4590=CARTESIAN_POINT('',(82.4999999999999,-50.12,8.5));
#4591=CARTESIAN_POINT('',(82.4999999999999,-48.62,10.));
#4592=CARTESIAN_POINT('',(82.4999999999999,-50.12,8.5));
#4593=CARTESIAN_POINT('',(60.2999999999999,-48.62,10.));
#4594=CARTESIAN_POINT('',(60.2999999999999,-50.12,8.5));
#4595=CARTESIAN_POINT('Origin',(82.4999999999999,-44.12,9.25));
#4596=CARTESIAN_POINT('',(88.4999999999999,-44.12,8.5));
#4597=CARTESIAN_POINT('',(86.9999999999999,-44.12,10.));
#4598=CARTESIAN_POINT('',(88.4999999999999,-44.12,8.5));
#4599=CARTESIAN_POINT('Origin',(82.4999999999999,-44.12,10.));
#4600=CARTESIAN_POINT('Origin',(82.4999999999999,-44.12,8.5));
#4601=CARTESIAN_POINT('Origin',(87.7499999999999,8.67999999999999,9.25));
#4602=CARTESIAN_POINT('',(88.4999999999999,26.28,8.5));
#4603=CARTESIAN_POINT('',(86.9999999999999,26.28,10.));
#4604=CARTESIAN_POINT('',(88.4999999999999,26.28,8.5));
#4605=CARTESIAN_POINT('',(86.9999999999999,8.67999999999999,10.));
#4606=CARTESIAN_POINT('',(88.4999999999999,8.67999999999999,8.5));
#4607=CARTESIAN_POINT('Origin',(82.5,26.28,9.25));
#4608=CARTESIAN_POINT('',(82.4999999999999,32.28,8.5));
#4609=CARTESIAN_POINT('',(82.4999999999999,30.78,10.));
#4610=CARTESIAN_POINT('',(82.4999999999999,32.28,8.5));
#4611=CARTESIAN_POINT('Origin',(82.5,26.28,10.));
#4612=CARTESIAN_POINT('Origin',(82.5,26.28,8.5));
#4613=CARTESIAN_POINT('Origin',(24.5787634759367,31.53,9.25));
#4614=CARTESIAN_POINT('',(11.0575269518735,32.28,8.5));
#4615=CARTESIAN_POINT('',(11.0575269518735,30.78,10.));
#4616=CARTESIAN_POINT('',(11.0575269518735,32.28,8.5));
#4617=CARTESIAN_POINT('',(24.5787634759367,30.78,10.));
#4618=CARTESIAN_POINT('',(24.5787634759367,32.28,8.5));
#4619=CARTESIAN_POINT('Origin',(11.0575269518735,26.2799999999998,9.25));
#4620=CARTESIAN_POINT('',(6.81488626475417,30.5226406871193,8.5));
#4621=CARTESIAN_POINT('',(7.87554643653397,29.4619805153395,10.));
#4622=CARTESIAN_POINT('',(6.81488626475417,30.5226406871193,8.5));
#4623=CARTESIAN_POINT('Origin',(11.0575269518735,26.2799999999998,10.));
#4624=CARTESIAN_POINT('Origin',(11.0575269518735,26.2799999999998,8.5));
#4625=CARTESIAN_POINT('Origin',(-3.37292886326106,19.2741653873243,9.25));
#4626=CARTESIAN_POINT('',(-10.5426406871194,13.1651137352458,8.5));
#4627=CARTESIAN_POINT('',(-9.48198051533955,12.104453563466,10.));
#4628=CARTESIAN_POINT('',(-10.5426406871194,13.1651137352458,8.5));
#4629=CARTESIAN_POINT('',(-2.84259877737115,18.7438353014343,10.));
#4630=CARTESIAN_POINT('',(-3.90325894915097,19.8044954732142,8.5));
#4631=CARTESIAN_POINT('Origin',(-6.30000000000003,8.92247304812647,9.25));
#4632=CARTESIAN_POINT('Origin',(-6.30000000000003,8.92247304812647,10.));
#4633=CARTESIAN_POINT('Origin',(-6.30000000000003,8.92247304812647,8.5));
#4634=CARTESIAN_POINT('Origin',(88.4999999999999,26.28,3.));
#4635=CARTESIAN_POINT('',(88.4999999999999,26.28,3.));
#4636=CARTESIAN_POINT('',(88.4999999999999,-44.12,3.));
#4637=CARTESIAN_POINT('Origin',(82.4999999999999,-44.12,3.));
#4638=CARTESIAN_POINT('',(82.4999999999999,-50.12,3.));
#4639=CARTESIAN_POINT('Origin',(82.4999999999999,-50.12,3.));
#4640=CARTESIAN_POINT('',(-6.30000000000006,-50.12,3.));
#4641=CARTESIAN_POINT('Origin',(-6.3000000000001,-44.12,3.));
#4642=CARTESIAN_POINT('',(-12.3000000000001,-44.12,3.));
#4643=CARTESIAN_POINT('Origin',(-12.3000000000001,-44.12,3.));
#4644=CARTESIAN_POINT('',(-12.3000000000001,8.92247304812651,3.));
#4645=CARTESIAN_POINT('Origin',(38.0999999999999,-8.92000000000002,10.));
#4646=CARTESIAN_POINT('',(-3.80000000000008,6.22823131393007,10.));
#4647=CARTESIAN_POINT('',(-3.80000000000008,-37.72,10.));
#4648=CARTESIAN_POINT('',(-3.80000000000008,-1.34588434303498,10.));
#4649=CARTESIAN_POINT('',(-2.65771644662761,8.98594776055761,10.));
#4650=CARTESIAN_POINT('Origin',(0.0999999999999091,6.22823131393009,10.));
#4651=CARTESIAN_POINT('',(10.9940522394423,22.6377164466275,10.));
#4652=CARTESIAN_POINT('',(9.88111006792487,21.5247742751101,10.));
#4653=CARTESIAN_POINT('',(13.7517686860699,23.78,10.));
#4654=CARTESIAN_POINT('Origin',(13.7517686860698,19.88,10.));
#4655=CARTESIAN_POINT('',(76.0999999999999,23.78,10.));
#4656=CARTESIAN_POINT('',(57.0999999999999,23.78,10.));
#4657=CARTESIAN_POINT('',(79.9999999999999,19.88,10.));
#4658=CARTESIAN_POINT('Origin',(76.0999999999999,19.88,10.));
#4659=CARTESIAN_POINT('',(79.9999999999999,-37.72,10.));
#4660=CARTESIAN_POINT('',(79.9999999999999,-23.32,10.));
#4661=CARTESIAN_POINT('',(76.0999999999999,-41.62,10.));
#4662=CARTESIAN_POINT('Origin',(76.0999999999999,-37.72,10.));
#4663=CARTESIAN_POINT('',(0.0999999999999091,-41.62,10.));
#4664=CARTESIAN_POINT('',(57.0999999999999,-41.62,10.));
#4665=CARTESIAN_POINT('Origin',(0.0999999999999091,-37.72,10.));
#4666=CARTESIAN_POINT('Origin',(-3.05000000000008,-1.34588434303498,9.25));
#4667=CARTESIAN_POINT('',(-2.30000000000008,6.22823131393007,8.5));
#4668=CARTESIAN_POINT('',(-3.80000000000008,-37.72,10.));
#4669=CARTESIAN_POINT('Origin',(0.0999999999999091,6.22823131393009,9.25));
#4670=CARTESIAN_POINT('',(-1.59705627484779,7.92528758877779,8.5));
#4671=CARTESIAN_POINT('Origin',(10.4114401538148,20.9944441892201,9.25));
#4672=CARTESIAN_POINT('',(12.0547124112221,21.5770562748477,8.5));
#4673=CARTESIAN_POINT('Origin',(13.7517686860698,19.88,9.25));
#4674=CARTESIAN_POINT('',(13.7517686860699,22.28,8.5));
#4675=CARTESIAN_POINT('Origin',(57.0999999999999,23.03,9.25));
#4676=CARTESIAN_POINT('',(76.0999999999999,22.28,8.5));
#4677=CARTESIAN_POINT('Origin',(76.0999999999999,19.88,9.25));
#4678=CARTESIAN_POINT('',(78.4999999999999,19.88,8.5));
#4679=CARTESIAN_POINT('Origin',(79.2499999999999,-23.32,9.25));
#4680=CARTESIAN_POINT('',(78.4999999999999,-37.72,8.5));
#4681=CARTESIAN_POINT('Origin',(76.0999999999999,-37.72,9.25));
#4682=CARTESIAN_POINT('',(76.0999999999999,-40.12,8.5));
#4683=CARTESIAN_POINT('',(76.0999999999999,-40.12,8.5));
#4684=CARTESIAN_POINT('Origin',(76.0999999999999,-37.72,8.5));
#4685=CARTESIAN_POINT('Origin',(57.0999999999999,-40.87,9.25));
#4686=CARTESIAN_POINT('',(0.0999999999999091,-40.12,8.5));
#4687=CARTESIAN_POINT('',(0.0999999999999091,-40.12,8.5));
#4688=CARTESIAN_POINT('',(57.0999999999999,-40.12,8.5));
#4689=CARTESIAN_POINT('Origin',(0.0999999999999091,-37.72,9.25));
#4690=CARTESIAN_POINT('Origin',(0.0999999999999091,-37.72,8.5));
#4691=CARTESIAN_POINT('Origin',(76.0999999999999,22.28,3.));
#4692=CARTESIAN_POINT('',(13.7517686860699,22.28,3.));
#4693=CARTESIAN_POINT('',(76.0999999999999,22.28,3.));
#4694=CARTESIAN_POINT('Origin',(13.7517686860698,19.88,3.));
#4695=CARTESIAN_POINT('',(12.0547124112221,21.5770562748477,3.));
#4696=CARTESIAN_POINT('Origin',(12.0547124112221,21.5770562748477,3.));
#4697=CARTESIAN_POINT('',(-1.59705627484779,7.92528758877779,3.));
#4698=CARTESIAN_POINT('Origin',(0.0999999999999091,6.22823131393009,3.));
#4699=CARTESIAN_POINT('Origin',(76.0999999999999,-40.12,3.));
#4700=CARTESIAN_POINT('',(76.0999999999999,-40.12,3.));
#4701=CARTESIAN_POINT('',(76.0999999999999,-40.12,3.));
#4702=CARTESIAN_POINT('',(0.0999999999999091,-40.12,3.));
#4703=CARTESIAN_POINT('',(57.1,-40.12,3.));
#4704=CARTESIAN_POINT('',(0.0999999999999091,-40.12,3.));
#4705=CARTESIAN_POINT('Origin',(76.0999999999999,-37.72,3.));
#4706=CARTESIAN_POINT('Origin',(76.0999999999999,-37.72,3.));
#4707=CARTESIAN_POINT('Origin',(0.0999999999999091,-37.72,3.));
#4708=CARTESIAN_POINT('Origin',(0.0999999999999091,-37.72,3.));
#4709=CARTESIAN_POINT('Origin',(38.1,-19.05,3.));
#4710=CARTESIAN_POINT('',(60.175,-21.575,3.));
#4711=CARTESIAN_POINT('',(73.175,-21.575,3.));
#4712=CARTESIAN_POINT('',(60.175,-21.575,3.));
#4713=CARTESIAN_POINT('',(73.675,-22.075,3.));
#4714=CARTESIAN_POINT('Origin',(73.175,-22.075,3.));
#4715=CARTESIAN_POINT('',(73.675,-35.075,3.));
#4716=CARTESIAN_POINT('',(73.675,-22.075,3.));
#4717=CARTESIAN_POINT('',(73.175,-35.575,3.));
#4718=CARTESIAN_POINT('Origin',(73.175,-35.075,3.));
#4719=CARTESIAN_POINT('',(60.175,-35.575,3.));
#4720=CARTESIAN_POINT('',(60.175,-35.575,3.));
#4721=CARTESIAN_POINT('',(59.675,-35.075,3.));
#4722=CARTESIAN_POINT('Origin',(60.175,-35.075,3.));
#4723=CARTESIAN_POINT('',(59.675,-22.075,3.));
#4724=CARTESIAN_POINT('',(59.675,-22.075,3.));
#4725=CARTESIAN_POINT('Origin',(60.175,-22.075,3.));
#4726=CARTESIAN_POINT('',(41.125,-21.575,3.));
#4727=CARTESIAN_POINT('',(54.125,-21.575,3.));
#4728=CARTESIAN_POINT('',(41.125,-21.575,3.));
#4729=CARTESIAN_POINT('',(54.625,-22.075,3.));
#4730=CARTESIAN_POINT('Origin',(54.125,-22.075,3.));
#4731=CARTESIAN_POINT('',(54.625,-35.075,3.));
#4732=CARTESIAN_POINT('',(54.625,-22.075,3.));
#4733=CARTESIAN_POINT('',(54.125,-35.575,3.));
#4734=CARTESIAN_POINT('Origin',(54.125,-35.075,3.));
#4735=CARTESIAN_POINT('',(41.125,-35.575,3.));
#4736=CARTESIAN_POINT('',(41.125,-35.575,3.));
#4737=CARTESIAN_POINT('',(40.625,-35.075,3.));
#4738=CARTESIAN_POINT('Origin',(41.125,-35.075,3.));
#4739=CARTESIAN_POINT('',(40.625,-22.075,3.));
#4740=CARTESIAN_POINT('',(40.625,-22.075,3.));
#4741=CARTESIAN_POINT('Origin',(41.125,-22.075,3.));
#4742=CARTESIAN_POINT('',(22.075,-21.575,3.));
#4743=CARTESIAN_POINT('',(35.075,-21.575,3.));
#4744=CARTESIAN_POINT('',(22.075,-21.575,3.));
#4745=CARTESIAN_POINT('',(35.575,-22.075,3.));
#4746=CARTESIAN_POINT('Origin',(35.075,-22.075,3.));
#4747=CARTESIAN_POINT('',(35.575,-35.075,3.));
#4748=CARTESIAN_POINT('',(35.575,-22.075,3.));
#4749=CARTESIAN_POINT('',(35.075,-35.575,3.));
#4750=CARTESIAN_POINT('Origin',(35.075,-35.075,3.));
#4751=CARTESIAN_POINT('',(22.075,-35.575,3.));
#4752=CARTESIAN_POINT('',(22.075,-35.575,3.));
#4753=CARTESIAN_POINT('',(21.575,-35.075,3.));
#4754=CARTESIAN_POINT('Origin',(22.075,-35.075,3.));
#4755=CARTESIAN_POINT('',(21.575,-22.075,3.));
#4756=CARTESIAN_POINT('',(21.575,-22.075,3.));
#4757=CARTESIAN_POINT('Origin',(22.075,-22.075,3.));
#4758=CARTESIAN_POINT('',(3.025,-21.575,3.));
#4759=CARTESIAN_POINT('',(16.025,-21.575,3.));
#4760=CARTESIAN_POINT('',(3.025,-21.575,3.));
#4761=CARTESIAN_POINT('',(16.525,-22.075,3.));
#4762=CARTESIAN_POINT('Origin',(16.025,-22.075,3.));
#4763=CARTESIAN_POINT('',(16.525,-35.075,3.));
#4764=CARTESIAN_POINT('',(16.525,-22.075,3.));
#4765=CARTESIAN_POINT('',(16.025,-35.575,3.));
#4766=CARTESIAN_POINT('Origin',(16.025,-35.075,3.));
#4767=CARTESIAN_POINT('',(3.025,-35.575,3.));
#4768=CARTESIAN_POINT('',(3.025,-35.575,3.));
#4769=CARTESIAN_POINT('',(2.525,-35.075,3.));
#4770=CARTESIAN_POINT('Origin',(3.025,-35.075,3.));
#4771=CARTESIAN_POINT('',(2.525,-22.075,3.));
#4772=CARTESIAN_POINT('',(2.525,-22.075,3.));
#4773=CARTESIAN_POINT('Origin',(3.025,-22.075,3.));
#4774=CARTESIAN_POINT('',(73.675,-16.525,3.));
#4775=CARTESIAN_POINT('',(59.675,-16.525,3.));
#4776=CARTESIAN_POINT('',(55.8875,-16.525,3.));
#4777=CARTESIAN_POINT('',(59.175,-16.025,3.));
#4778=CARTESIAN_POINT('Origin',(59.675,-16.025,3.));
#4779=CARTESIAN_POINT('',(59.175,-3.025,3.));
#4780=CARTESIAN_POINT('',(59.175,-17.5375,3.));
#4781=CARTESIAN_POINT('',(59.675,-2.525,3.));
#4782=CARTESIAN_POINT('Origin',(59.675,-3.025,3.));
#4783=CARTESIAN_POINT('',(73.675,-2.525,3.));
#4784=CARTESIAN_POINT('',(48.8875,-2.525,3.));
#4785=CARTESIAN_POINT('',(74.175,-3.025,3.));
#4786=CARTESIAN_POINT('Origin',(73.675,-3.025,3.));
#4787=CARTESIAN_POINT('',(74.175,-16.025,3.));
#4788=CARTESIAN_POINT('',(74.175,-11.0375,3.));
#4789=CARTESIAN_POINT('Origin',(73.675,-16.025,3.));
#4790=CARTESIAN_POINT('',(41.125,-2.525,3.));
#4791=CARTESIAN_POINT('',(54.125,-2.525,3.));
#4792=CARTESIAN_POINT('',(41.125,-2.525,3.));
#4793=CARTESIAN_POINT('',(54.625,-3.025,3.));
#4794=CARTESIAN_POINT('Origin',(54.125,-3.025,3.));
#4795=CARTESIAN_POINT('',(54.625,-16.025,3.));
#4796=CARTESIAN_POINT('',(54.625,-3.025,3.));
#4797=CARTESIAN_POINT('',(54.125,-16.525,3.));
#4798=CARTESIAN_POINT('Origin',(54.125,-16.025,3.));
#4799=CARTESIAN_POINT('',(41.125,-16.525,3.));
#4800=CARTESIAN_POINT('',(41.125,-16.525,3.));
#4801=CARTESIAN_POINT('',(40.625,-16.025,3.));
#4802=CARTESIAN_POINT('Origin',(41.125,-16.025,3.));
#4803=CARTESIAN_POINT('',(40.625,-3.025,3.));
#4804=CARTESIAN_POINT('',(40.625,-3.025,3.));
#4805=CARTESIAN_POINT('Origin',(41.125,-3.025,3.));
#4806=CARTESIAN_POINT('',(22.075,-2.525,3.));
#4807=CARTESIAN_POINT('',(35.075,-2.525,3.));
#4808=CARTESIAN_POINT('',(22.075,-2.525,3.));
#4809=CARTESIAN_POINT('',(35.575,-3.025,3.));
#4810=CARTESIAN_POINT('Origin',(35.075,-3.025,3.));
#4811=CARTESIAN_POINT('',(35.575,-16.025,3.));
#4812=CARTESIAN_POINT('',(35.575,-3.025,3.));
#4813=CARTESIAN_POINT('',(35.075,-16.525,3.));
#4814=CARTESIAN_POINT('Origin',(35.075,-16.025,3.));
#4815=CARTESIAN_POINT('',(22.075,-16.525,3.));
#4816=CARTESIAN_POINT('',(22.075,-16.525,3.));
#4817=CARTESIAN_POINT('',(21.575,-16.025,3.));
#4818=CARTESIAN_POINT('Origin',(22.075,-16.025,3.));
#4819=CARTESIAN_POINT('',(21.575,-3.025,3.));
#4820=CARTESIAN_POINT('',(21.575,-3.025,3.));
#4821=CARTESIAN_POINT('Origin',(22.075,-3.025,3.));
#4822=CARTESIAN_POINT('',(3.025,-2.525,3.));
#4823=CARTESIAN_POINT('',(16.025,-2.525,3.));
#4824=CARTESIAN_POINT('',(3.025,-2.525,3.));
#4825=CARTESIAN_POINT('',(16.525,-3.025,3.));
#4826=CARTESIAN_POINT('Origin',(16.025,-3.025,3.));
#4827=CARTESIAN_POINT('',(16.525,-16.025,3.));
#4828=CARTESIAN_POINT('',(16.525,-3.025,3.));
#4829=CARTESIAN_POINT('',(16.025,-16.525,3.));
#4830=CARTESIAN_POINT('Origin',(16.025,-16.025,3.));
#4831=CARTESIAN_POINT('',(3.025,-16.525,3.));
#4832=CARTESIAN_POINT('',(3.025,-16.525,3.));
#4833=CARTESIAN_POINT('',(2.525,-16.025,3.));
#4834=CARTESIAN_POINT('Origin',(3.025,-16.025,3.));
#4835=CARTESIAN_POINT('',(2.525,-3.025,3.));
#4836=CARTESIAN_POINT('',(2.525,-3.025,3.));
#4837=CARTESIAN_POINT('Origin',(3.025,-3.025,3.));
#4838=CARTESIAN_POINT('Origin',(-6.30000000000003,8.92247304812647,3.));
#4839=CARTESIAN_POINT('',(-10.5426406871194,13.1651137352458,3.));
#4840=CARTESIAN_POINT('Origin',(-10.5426406871194,13.1651137352458,3.));
#4841=CARTESIAN_POINT('',(6.81488626475417,30.5226406871193,3.));
#4842=CARTESIAN_POINT('Origin',(11.0575269518735,26.2799999999998,3.));
#4843=CARTESIAN_POINT('',(11.0575269518735,32.28,3.));
#4844=CARTESIAN_POINT('Origin',(11.0575269518735,32.28,3.));
#4845=CARTESIAN_POINT('',(82.4999999999999,32.28,3.));
#4846=CARTESIAN_POINT('Origin',(82.5,26.28,3.));
#4847=CARTESIAN_POINT('Origin',(76.0999999999999,19.88,3.));
#4848=CARTESIAN_POINT('Origin',(-6.3000000000001,-44.12,3.));
#4849=CARTESIAN_POINT('',(-3.9500000000001,-44.12,3.));
#4850=CARTESIAN_POINT('Origin',(82.4999999999999,-44.12,3.));
#4851=CARTESIAN_POINT('',(84.8499999999999,-44.12,3.));
#4852=CARTESIAN_POINT('Origin',(82.5,26.28,3.));
#4853=CARTESIAN_POINT('',(84.85,26.28,3.));
#4854=CARTESIAN_POINT('Origin',(10.7973774030383,26.9602940365474,3.));
#4855=CARTESIAN_POINT('',(13.1473774030383,26.9602940365474,3.));
#4856=CARTESIAN_POINT('Origin',(-6.98029403654747,9.18262259696167,3.));
#4857=CARTESIAN_POINT('',(-4.63029403654747,9.18262259696167,3.));
#4858=CARTESIAN_POINT('Origin',(59.675,-16.025,3.));
#4859=CARTESIAN_POINT('',(59.175,-16.025,3.));
#4860=CARTESIAN_POINT('',(59.675,-16.525,3.));
#4861=CARTESIAN_POINT('Origin',(59.675,-3.025,3.));
#4862=CARTESIAN_POINT('',(59.675,-2.525,3.));
#4863=CARTESIAN_POINT('',(59.175,-3.025,3.));
#4864=CARTESIAN_POINT('Origin',(59.175,-16.025,3.));
#4865=CARTESIAN_POINT('Origin',(73.675,-3.025,3.));
#4866=CARTESIAN_POINT('',(74.175,-3.025,3.));
#4867=CARTESIAN_POINT('',(73.675,-2.525,3.));
#4868=CARTESIAN_POINT('Origin',(73.675,-16.025,3.));
#4869=CARTESIAN_POINT('',(73.675,-16.525,3.));
#4870=CARTESIAN_POINT('',(74.175,-16.025,3.));
#4871=CARTESIAN_POINT('Origin',(74.175,-3.025,3.));
#4872=CARTESIAN_POINT('Origin',(60.175,-22.075,0.));
#4873=CARTESIAN_POINT('',(60.175,-21.575,0.));
#4874=CARTESIAN_POINT('',(59.675,-22.075,0.));
#4875=CARTESIAN_POINT('Origin',(59.675,-35.075,0.));
#4876=CARTESIAN_POINT('',(59.675,-35.075,0.));
#4877=CARTESIAN_POINT('Origin',(60.175,-35.075,0.));
#4878=CARTESIAN_POINT('',(60.175,-35.575,0.));
#4879=CARTESIAN_POINT('Origin',(73.175,-35.575,0.));
#4880=CARTESIAN_POINT('',(73.175,-35.575,0.));
#4881=CARTESIAN_POINT('Origin',(73.175,-35.075,0.));
#4882=CARTESIAN_POINT('',(73.675,-35.075,0.));
#4883=CARTESIAN_POINT('Origin',(73.675,-22.075,0.));
#4884=CARTESIAN_POINT('',(73.675,-22.075,0.));
#4885=CARTESIAN_POINT('Origin',(73.175,-22.075,0.));
#4886=CARTESIAN_POINT('',(73.175,-21.575,0.));
#4887=CARTESIAN_POINT('Origin',(60.175,-21.575,0.));
#4888=CARTESIAN_POINT('Origin',(41.125,-22.075,0.));
#4889=CARTESIAN_POINT('',(41.125,-21.575,0.));
#4890=CARTESIAN_POINT('',(40.625,-22.075,0.));
#4891=CARTESIAN_POINT('Origin',(40.625,-35.075,0.));
#4892=CARTESIAN_POINT('',(40.625,-35.075,0.));
#4893=CARTESIAN_POINT('Origin',(41.125,-35.075,0.));
#4894=CARTESIAN_POINT('',(41.125,-35.575,0.));
#4895=CARTESIAN_POINT('Origin',(54.125,-35.575,0.));
#4896=CARTESIAN_POINT('',(54.125,-35.575,0.));
#4897=CARTESIAN_POINT('Origin',(54.125,-35.075,0.));
#4898=CARTESIAN_POINT('',(54.625,-35.075,0.));
#4899=CARTESIAN_POINT('Origin',(54.625,-22.075,0.));
#4900=CARTESIAN_POINT('',(54.625,-22.075,0.));
#4901=CARTESIAN_POINT('Origin',(54.125,-22.075,0.));
#4902=CARTESIAN_POINT('',(54.125,-21.575,0.));
#4903=CARTESIAN_POINT('Origin',(41.125,-21.575,0.));
#4904=CARTESIAN_POINT('Origin',(22.075,-22.075,0.));
#4905=CARTESIAN_POINT('',(22.075,-21.575,0.));
#4906=CARTESIAN_POINT('',(21.575,-22.075,0.));
#4907=CARTESIAN_POINT('Origin',(21.575,-35.075,0.));
#4908=CARTESIAN_POINT('',(21.575,-35.075,0.));
#4909=CARTESIAN_POINT('Origin',(22.075,-35.075,0.));
#4910=CARTESIAN_POINT('',(22.075,-35.575,0.));
#4911=CARTESIAN_POINT('Origin',(35.075,-35.575,0.));
#4912=CARTESIAN_POINT('',(35.075,-35.575,0.));
#4913=CARTESIAN_POINT('Origin',(35.075,-35.075,0.));
#4914=CARTESIAN_POINT('',(35.575,-35.075,0.));
#4915=CARTESIAN_POINT('Origin',(35.575,-22.075,0.));
#4916=CARTESIAN_POINT('',(35.575,-22.075,0.));
#4917=CARTESIAN_POINT('Origin',(35.075,-22.075,0.));
#4918=CARTESIAN_POINT('',(35.075,-21.575,0.));
#4919=CARTESIAN_POINT('Origin',(22.075,-21.575,0.));
#4920=CARTESIAN_POINT('Origin',(3.025,-22.075,0.));
#4921=CARTESIAN_POINT('',(3.025,-21.575,0.));
#4922=CARTESIAN_POINT('',(2.525,-22.075,0.));
#4923=CARTESIAN_POINT('Origin',(2.525,-35.075,0.));
#4924=CARTESIAN_POINT('',(2.525,-35.075,0.));
#4925=CARTESIAN_POINT('Origin',(3.025,-35.075,0.));
#4926=CARTESIAN_POINT('',(3.025,-35.575,0.));
#4927=CARTESIAN_POINT('Origin',(16.025,-35.575,0.));
#4928=CARTESIAN_POINT('',(16.025,-35.575,0.));
#4929=CARTESIAN_POINT('Origin',(16.025,-35.075,0.));
#4930=CARTESIAN_POINT('',(16.525,-35.075,0.));
#4931=CARTESIAN_POINT('Origin',(16.525,-22.075,0.));
#4932=CARTESIAN_POINT('',(16.525,-22.075,0.));
#4933=CARTESIAN_POINT('Origin',(16.025,-22.075,0.));
#4934=CARTESIAN_POINT('',(16.025,-21.575,0.));
#4935=CARTESIAN_POINT('Origin',(3.025,-21.575,0.));
#4936=CARTESIAN_POINT('Origin',(73.175,-16.525,0.));
#4937=CARTESIAN_POINT('Origin',(60.175,-2.525,0.));
#4938=CARTESIAN_POINT('Origin',(41.125,-3.025,0.));
#4939=CARTESIAN_POINT('',(41.125,-2.525,0.));
#4940=CARTESIAN_POINT('',(40.625,-3.025,0.));
#4941=CARTESIAN_POINT('Origin',(40.625,-16.025,0.));
#4942=CARTESIAN_POINT('',(40.625,-16.025,0.));
#4943=CARTESIAN_POINT('Origin',(41.125,-16.025,0.));
#4944=CARTESIAN_POINT('',(41.125,-16.525,0.));
#4945=CARTESIAN_POINT('Origin',(54.125,-16.525,0.));
#4946=CARTESIAN_POINT('',(54.125,-16.525,0.));
#4947=CARTESIAN_POINT('Origin',(54.125,-16.025,0.));
#4948=CARTESIAN_POINT('',(54.625,-16.025,0.));
#4949=CARTESIAN_POINT('Origin',(54.625,-3.025,0.));
#4950=CARTESIAN_POINT('',(54.625,-3.025,0.));
#4951=CARTESIAN_POINT('Origin',(54.125,-3.025,0.));
#4952=CARTESIAN_POINT('',(54.125,-2.525,0.));
#4953=CARTESIAN_POINT('Origin',(41.125,-2.525,0.));
#4954=CARTESIAN_POINT('Origin',(22.075,-3.025,0.));
#4955=CARTESIAN_POINT('',(22.075,-2.525,0.));
#4956=CARTESIAN_POINT('',(21.575,-3.025,0.));
#4957=CARTESIAN_POINT('Origin',(21.575,-16.025,0.));
#4958=CARTESIAN_POINT('',(21.575,-16.025,0.));
#4959=CARTESIAN_POINT('Origin',(22.075,-16.025,0.));
#4960=CARTESIAN_POINT('',(22.075,-16.525,0.));
#4961=CARTESIAN_POINT('Origin',(35.075,-16.525,0.));
#4962=CARTESIAN_POINT('',(35.075,-16.525,0.));
#4963=CARTESIAN_POINT('Origin',(35.075,-16.025,0.));
#4964=CARTESIAN_POINT('',(35.575,-16.025,0.));
#4965=CARTESIAN_POINT('Origin',(35.575,-3.025,0.));
#4966=CARTESIAN_POINT('',(35.575,-3.025,0.));
#4967=CARTESIAN_POINT('Origin',(35.075,-3.025,0.));
#4968=CARTESIAN_POINT('',(35.075,-2.525,0.));
#4969=CARTESIAN_POINT('Origin',(22.075,-2.525,0.));
#4970=CARTESIAN_POINT('Origin',(3.025,-3.025,0.));
#4971=CARTESIAN_POINT('',(3.025,-2.525,0.));
#4972=CARTESIAN_POINT('',(2.525,-3.025,0.));
#4973=CARTESIAN_POINT('Origin',(2.525,-16.025,0.));
#4974=CARTESIAN_POINT('',(2.525,-16.025,0.));
#4975=CARTESIAN_POINT('Origin',(3.025,-16.025,0.));
#4976=CARTESIAN_POINT('',(3.025,-16.525,0.));
#4977=CARTESIAN_POINT('Origin',(16.025,-16.525,0.));
#4978=CARTESIAN_POINT('',(16.025,-16.525,0.));
#4979=CARTESIAN_POINT('Origin',(16.025,-16.025,0.));
#4980=CARTESIAN_POINT('',(16.525,-16.025,0.));
#4981=CARTESIAN_POINT('Origin',(16.525,-3.025,0.));
#4982=CARTESIAN_POINT('',(16.525,-3.025,0.));
#4983=CARTESIAN_POINT('Origin',(16.025,-3.025,0.));
#4984=CARTESIAN_POINT('',(16.025,-2.525,0.));
#4985=CARTESIAN_POINT('Origin',(3.025,-2.525,0.));
#4986=UNCERTAINTY_MEASURE_WITH_UNIT(LENGTH_MEASURE(0.01),#4990,
'DISTANCE_ACCURACY_VALUE',
'Maximum model space distance between geometric entities at asserted c
onnectivities');
#4987=UNCERTAINTY_MEASURE_WITH_UNIT(LENGTH_MEASURE(0.01),#4990,
'DISTANCE_ACCURACY_VALUE',
'Maximum model space distance between geometric entities at asserted c
onnectivities');
#4988=(
GEOMETRIC_REPRESENTATION_CONTEXT(3)
GLOBAL_UNCERTAINTY_ASSIGNED_CONTEXT((#4986))
GLOBAL_UNIT_ASSIGNED_CONTEXT((#4990,#4992,#4993))
REPRESENTATION_CONTEXT('','3D')
);
#4989=(
GEOMETRIC_REPRESENTATION_CONTEXT(3)
GLOBAL_UNCERTAINTY_ASSIGNED_CONTEXT((#4987))
GLOBAL_UNIT_ASSIGNED_CONTEXT((#4990,#4992,#4993))
REPRESENTATION_CONTEXT('','3D')
);
#4990=(
LENGTH_UNIT()
NAMED_UNIT(*)
SI_UNIT(.MILLI.,.METRE.)
);
#4991=(
LENGTH_UNIT()
NAMED_UNIT(*)
SI_UNIT($,.METRE.)
);
#4992=(
NAMED_UNIT(*)
PLANE_ANGLE_UNIT()
SI_UNIT($,.RADIAN.)
);
#4993=(
NAMED_UNIT(*)
SI_UNIT($,.STERADIAN.)
SOLID_ANGLE_UNIT()
);
#4994=SHAPE_DEFINITION_REPRESENTATION(#4995,#4996);
#4995=PRODUCT_DEFINITION_SHAPE('',$,#4998);
#4996=SHAPE_REPRESENTATION('',(#2978),#4988);
#4997=PRODUCT_DEFINITION_CONTEXT('part definition',#5002,'design');
#4998=PRODUCT_DEFINITION('2026-08-15-18-21-00-847',
'plate-2026-08-15T22_19_16.390Z',#4999,#4997);
#4999=PRODUCT_DEFINITION_FORMATION('',$,#5004);
#5000=PRODUCT_RELATED_PRODUCT_CATEGORY('plate-2026-08-15T22_19_16.390Z',
'plate-2026-08-15T22_19_16.390Z',(#5004));
#5001=APPLICATION_PROTOCOL_DEFINITION('international standard',
'automotive_design',2009,#5002);
#5002=APPLICATION_CONTEXT(
'Core Data for Automotive Mechanical Design Process');
#5003=PRODUCT_CONTEXT('part definition',#5002,'mechanical');
#5004=PRODUCT('2026-08-15-18-21-00-847',
'plate-2026-08-15T22_19_16.390Z',$,(#5003));
#5005=PRESENTATION_STYLE_ASSIGNMENT((#5006));
#5006=SURFACE_STYLE_USAGE(.BOTH.,#5007);
#5007=SURFACE_SIDE_STYLE('',(#5008));
#5008=SURFACE_STYLE_FILL_AREA(#5009);
#5009=FILL_AREA_STYLE('Steel - Satin',(#5010));
#5010=FILL_AREA_STYLE_COLOUR('Steel - Satin',#5011);
#5011=COLOUR_RGB('Steel - Satin',0.627450980392157,0.627450980392157,0.627450980392157);
ENDSEC;
END-ISO-10303-21;
